MSISDN,Selected_Action,ActionType,Propensity,MonthlyValueQAR,Churn_Prob,Data_Usage_Pct,Overage_Months,Days_To_Renewal,LTV_Band,Usage_Trend,Upgrade_Eligible,Sentiment,Loyalty_Tier,Consent_Flag,Network_Issue_Flag,Device_Type,msisdn,guard_status,p_baseline,p_nbx
97451803258,Device_Upgrade_iPhone,Upsell,0.2273,280,0.288,47.3,0,274,MED,Stable,1,Neutral,None,1,0,Smartphone,97451803258,APPROVED,0.193205,0.23764215000000002
97457965603,Device_Upgrade_iPhone,Upsell,0.2076,280,0.049,94.9,0,309,MED,Stable,0,Negative,Silver,0,0,Smartphone,97457965603,APPROVED,0.17646,0.17646
97456891143,Device_Upgrade_iPhone,Upsell,0.3067,280,0.737,49.9,1,31,LOW,Rising,1,Positive,Silver,1,0,Smartphone,97456891143,APPROVED,0.26069499999999995,0.39364945000000007
97454949905,Device_Upgrade_iPhone,Upsell,0.3438,280,0.146,82.0,2,23,MED,Stable,1,Neutral,Silver,1,0,Router/MiFi,97454949905,APPROVED,0.29223,0.4237335000000001
97454897136,Device_Upgrade_iPhone,Upsell,0.4325,280,0.376,95.5,3,33,HIGH,Rising,1,Neutral,Silver,1,1,Smartphone,97454897136,APPROVED,0.367625,0.5404087500000001
97458727380,Device_Upgrade_iPhone,Upsell,0.3132,280,0.175,109.1,1,172,LOW,Stable,1,Positive,Silver,1,0,IoT,97458727380,APPROVED,0.26621999999999996,0.359397
97451773510,Device_Upgrade_iPhone,Upsell,0.2322,280,0.405,40.9,0,247,LOW,Stable,1,Neutral,Gold,1,0,Smartphone,97451773510,APPROVED,0.19737,0.25065990000000005
97457276311,Device_Upgrade_iPhone,Upsell,0.3649,280,0.124,99.7,3,49,MED,Stable,1,Neutral,Gold,0,0,Smartphone,97457276311,REVIEW_CREDIT,0.31016499999999997,0.31016499999999997
97452813225,Device_Upgrade_iPhone,Upsell,0.1738,280,0.527,30.6,3,344,MED,Stable,1,Neutral,Silver,1,1,Smartphone,97452813225,APPROVED,0.14773,0.19352630000000004
97451847596,Device_Upgrade_iPhone,Upsell,0.3086,280,0.095,82.8,2,340,HIGH,Stable,1,Neutral,Gold,0,1,Smartphone,97451847596,APPROVED,0.26231,0.26231
97455738310,Loyalty_Points_2x,Retention,0.1959,0,0.513,74.3,3,74,HIGH,Stable,0,Neutral,Silver,0,0,Router/MiFi,97455738310,APPROVED,0.166515,0.166515
97459780600,Device_Upgrade_iPhone,Upsell,0.3531,280,0.088,39.4,1,36,MED,Rising,1,Positive,None,1,0,IoT,97459780600,APPROVED,0.30013500000000004,0.4532038500000002
97457621770,Device_Upgrade_iPhone,Upsell,0.1718,280,0.158,36.6,0,276,HIGH,Rising,1,Neutral,None,0,1,Smartphone,97457621770,APPROVED,0.14603,0.14603
97457850256,Device_Upgrade_iPhone,Upsell,0.3458,280,0.046,96.6,2,321,LOW,Stable,1,Neutral,None,1,0,Smartphone,97457850256,APPROVED,0.29392999999999997,0.39680550000000003
97457457294,Device_Upgrade_iPhone,Upsell,0.2215,280,0.49,18.8,0,230,MED,Rising,0,Neutral,Platinum,1,0,Router/MiFi,97457457294,APPROVED,0.188275,0.23534375000000005
97458074577,Device_Upgrade_iPhone,Upsell,0.0939,280,0.175,46.4,1,110,LOW,Falling,0,Neutral,None,0,0,Smartphone,97458074577,APPROVED,0.079815,0.079815
97455619038,10GB_Aggressive_HVC,Retention,0.3276,120,0.418,28.7,1,51,HIGH,Rising,0,Positive,None,1,0,Smartphone,97455619038,APPROVED,0.27846,0.38149020000000006
97452153022,Device_Upgrade_iPhone,Upsell,0.3659,280,0.464,91.3,0,149,LOW,Stable,0,Neutral,Platinum,1,0,Smartphone,97452153022,APPROVED,0.311015,0.4074296500000001
97458557733,Device_Upgrade_iPhone,Upsell,0.2949,280,0.172,86.4,3,119,MED,Falling,0,Positive,Silver,1,0,Smartphone,97458557733,APPROVED,0.25066499999999997,0.31834455
97455053472,Device_Upgrade_iPhone,Upsell,0.4798,280,0.182,94.9,3,289,LOW,Rising,0,Positive,Gold,1,0,Smartphone,97455053472,APPROVED,0.40782999999999997,0.5587271000000001
97455503166,Device_Upgrade_iPhone,Upsell,0.2708,280,0.053,80.5,2,32,MED,Stable,1,Neutral,Silver,1,0,Smartphone,97455503166,APPROVED,0.23017999999999997,0.33376100000000003
97454337181,Device_Upgrade_iPhone,Upsell,0.2874,280,0.453,40.5,3,330,HIGH,Stable,1,Neutral,Silver,1,0,Smartphone,97454337181,REVIEW_CREDIT,0.24428999999999998,0.31757700000000005
97452642946,Device_Upgrade_iPhone,Upsell,0.1929,280,0.111,36.4,0,241,MED,Rising,1,Negative,Gold,1,0,Smartphone,97452642946,APPROVED,0.16396499999999997,0.22791135
97459340883,1GB_plus_100mins,NBO,0.1397,40,0.498,59.6,0,150,LOW,Falling,0,Positive,None,1,0,Smartphone,97459340883,APPROVED,0.11874499999999999,0.13655675
97458034106,Roaming_Daily_Pass,CrossSell,0.1364,60,0.398,39.8,0,279,LOW,Stable,0,Neutral,Silver,0,0,Smartphone,97458034106,APPROVED,0.11593999999999999,0.11593999999999999
97456794785,Device_Upgrade_iPhone,Upsell,0.4598,280,0.405,86.6,3,9,MED,Rising,0,Positive,None,1,0,Smartphone,97456794785,APPROVED,0.39082999999999996,0.5588869000000001
97454621728,Device_Upgrade_iPhone,Upsell,0.329,280,0.411,101.3,1,253,MED,Stable,0,Positive,None,1,1,Router/MiFi,97454621728,APPROVED,0.27965,0.3439695000000001
97458404853,Device_Upgrade_iPhone,Upsell,0.2079,280,0.104,18.1,2,238,LOW,Rising,0,Positive,Gold,1,0,Smartphone,97458404853,APPROVED,0.17671499999999998,0.24209955000000002
97455908861,Device_Upgrade_iPhone,Upsell,0.2022,280,0.482,12.9,0,208,LOW,Stable,1,Positive,Gold,1,0,Router/MiFi,97455908861,APPROVED,0.17187,0.21827490000000002
97454990727,Device_Upgrade_iPhone,Upsell,0.314,280,0.594,24.9,3,42,MED,Rising,1,Neutral,Silver,1,0,Smartphone,97454990727,APPROVED,0.26689999999999997,0.40301900000000007
97455054135,Device_Upgrade_iPhone,Upsell,0.287,280,0.345,59.3,0,118,HIGH,Rising,1,Neutral,Silver,1,0,Smartphone,97455054135,APPROVED,0.24394999999999997,0.3146955
97453045148,Device_Upgrade_iPhone,Upsell,0.3181,280,0.032,99.2,3,23,MED,Rising,0,Positive,None,1,1,Router/MiFi,97453045148,APPROVED,0.270385,0.37583515000000006
97451829223,Device_Upgrade_iPhone,Upsell,0.3913,280,0.275,92.8,0,8,LOW,Stable,1,Neutral,Gold,1,1,Feature Phone,97451829223,REVIEW_CREDIT,0.332605,0.4656470000000001
97455991262,Device_Upgrade_iPhone,Upsell,0.2237,280,0.447,47.6,0,341,LOW,Rising,1,Neutral,None,1,0,Smartphone,97455991262,APPROVED,0.190145,0.24528705000000006
97458991007,Loyalty_Points_2x,Retention,0.1606,0,0.055,63.3,0,20,LOW,Falling,0,Neutral,None,1,0,Smartphone,97458991007,APPROVED,0.13651,0.17063750000000003
97451574355,1GB_plus_100mins,NBO,0.1473,40,0.343,15.6,0,104,MED,Falling,0,Neutral,Silver,1,1,Smartphone,97451574355,APPROVED,0.12520499999999998,0.14398575
97458724620,Device_Upgrade_iPhone,Upsell,0.1856,280,0.304,30.8,2,10,MED,Stable,1,Neutral,None,0,0,Smartphone,97458724620,APPROVED,0.15775999999999998,0.15775999999999998
97458448679,Loyalty_Points_2x,Retention,0.1687,0,0.065,39.7,3,13,MED,Stable,0,Neutral,Silver,1,0,Smartphone,97458448679,APPROVED,0.143395,0.19645115000000005
97453490836,Device_Upgrade_iPhone,Upsell,0.2235,280,0.262,76.7,3,114,MED,Falling,1,Positive,Silver,1,0,Smartphone,97453490836,APPROVED,0.189975,0.25646625000000006
97456684978,Loyalty_Points_2x,Retention,0.1724,0,0.561,16.4,3,294,MED,Stable,0,Neutral,Silver,1,0,Smartphone,97456684978,APPROVED,0.14654,0.18610580000000004
97452487061,Device_Upgrade_iPhone,Upsell,0.2718,280,0.299,16.4,0,8,MED,Stable,1,Neutral,None,1,0,Tablet,97452487061,APPROVED,0.23102999999999999,0.30726990000000004
97457822788,Device_Upgrade_iPhone,Upsell,0.1419,280,0.511,37.9,2,308,MED,Falling,1,Positive,None,0,0,Smartphone,97457822788,APPROVED,0.120615,0.120615
97457304705,Device_Upgrade_iPhone,Upsell,0.2686,280,0.524,56.3,1,350,HIGH,Stable,1,Neutral,None,1,0,Smartphone,97457304705,APPROVED,0.22830999999999999,0.30821850000000006
97454190733,Device_Upgrade_iPhone,Upsell,0.2572,280,0.374,27.1,1,36,MED,Falling,1,Positive,Silver,1,0,Smartphone,97454190733,APPROVED,0.21861999999999998,0.3169990000000001
97451611279,Device_Upgrade_iPhone,Upsell,0.2316,280,0.136,67.2,0,295,LOW,Stable,1,Neutral,None,1,1,Smartphone,97451611279,APPROVED,0.19686,0.23426340000000004
97459736281,200mins_Upsell,Upsell,0.1801,35,0.213,81.3,1,64,MED,Stable,0,Neutral,None,1,0,Tablet,97459736281,APPROVED,0.153085,0.19441795000000003
97455011186,200mins_Upsell,Upsell,0.3049,35,0.177,81.7,1,31,LOW,Stable,0,Positive,None,1,0,Smartphone,97455011186,APPROVED,0.259165,0.35505605000000007
97459038089,Device_Upgrade_iPhone,Upsell,0.2183,280,0.249,36.5,3,352,LOW,Rising,0,Neutral,Gold,1,0,Smartphone,97459038089,APPROVED,0.185555,0.2542103500000001
97457101270,Device_Upgrade_iPhone,Upsell,0.3208,280,0.088,93.4,3,55,MED,Falling,1,Neutral,Gold,1,1,Smartphone,97457101270,APPROVED,0.27268,0.39538600000000007
97458005450,Device_Upgrade_iPhone,Upsell,0.203,280,0.178,32.9,1,108,HIGH,Stable,1,Neutral,None,1,0,Smartphone,97458005450,APPROVED,0.17255,0.23294250000000005
97457839094,Loyalty_Points_2x,Retention,0.1476,0,0.515,64.1,1,93,LOW,Falling,0,Positive,Gold,0,0,Smartphone,97457839094,APPROVED,0.12546000000000002,0.12546000000000002
97452751748,Retention_Save_25pct,Retention,0.2851,90,0.69,17.6,0,246,MED,Rising,0,Neutral,Silver,1,0,Feature Phone,97452751748,APPROVED,0.24233500000000002,0.30291875000000007
97454275153,Device_Upgrade_iPhone,Upsell,0.1682,280,0.159,62.0,3,5,LOW,Rising,0,Neutral,None,0,0,Feature Phone,97454275153,APPROVED,0.14296999999999999,0.14296999999999999
97455200488,Device_Upgrade_iPhone,Upsell,0.2159,280,0.186,39.6,3,23,MED,Falling,1,Neutral,Silver,1,0,Smartphone,97455200488,APPROVED,0.183515,0.2660967500000001
97455480123,Retention_Save_25pct,Retention,0.301,90,0.9,8.3,2,191,HIGH,Rising,1,Neutral,None,1,0,Smartphone,97455480123,APPROVED,0.25584999999999997,0.35051450000000006
97451394233,Loyalty_Points_2x,Retention,0.1476,0,0.075,54.7,2,76,LOW,Falling,0,Neutral,Silver,1,0,Router/MiFi,97451394233,APPROVED,0.12546000000000002,0.15933420000000004
97455919124,Device_Upgrade_iPhone,Upsell,0.2569,280,0.238,92.3,0,60,MED,Stable,0,Neutral,Platinum,0,0,Router/MiFi,97455919124,APPROVED,0.218365,0.218365
97452388605,Device_Upgrade_iPhone,Upsell,0.2711,280,0.194,80.3,2,70,LOW,Rising,0,Positive,None,1,0,Smartphone,97452388605,APPROVED,0.230435,0.30647855000000007
97457690382,1GB_plus_100mins,NBO,0.1519,40,0.184,40.3,1,137,HIGH,Falling,0,Neutral,None,0,0,Router/MiFi,97457690382,APPROVED,0.129115,0.129115
97457147439,Device_Upgrade_iPhone,Upsell,0.3693,280,0.542,89.5,0,189,LOW,Stable,1,Neutral,Silver,1,0,Smartphone,97457147439,APPROVED,0.313905,0.42377175000000006
97459302749,Device_Upgrade_iPhone,Upsell,0.3383,280,0.219,112.6,1,350,LOW,Stable,1,Neutral,Platinum,0,0,Smartphone,97459302749,APPROVED,0.287555,0.287555
97457702858,Device_Upgrade_iPhone,Upsell,0.2419,280,0.174,59.4,3,246,LOW,Stable,1,Neutral,Gold,1,0,Smartphone,97457702858,APPROVED,0.205615,0.28580485000000005
97454299783,Device_Upgrade_iPhone,Upsell,0.2146,280,0.447,37.4,3,300,MED,Stable,1,Neutral,None,1,1,Feature Phone,97454299783,APPROVED,0.18241000000000002,0.23895710000000006
97459707586,Device_Upgrade_iPhone,Upsell,0.5156,280,0.265,91.7,0,16,HIGH,Rising,1,Neutral,Gold,1,0,Smartphone,97459707586,APPROVED,0.4382599999999999,0.6793029999999999
97454697652,Loyalty_Points_2x,Retention,0.1624,0,0.218,28.0,1,76,MED,Stable,0,Positive,Gold,1,0,Smartphone,97454697652,APPROVED,0.13804,0.18083240000000003
97453932427,Device_Upgrade_iPhone,Upsell,0.3975,280,0.664,99.2,2,194,HIGH,Stable,1,Neutral,Silver,1,1,Smartphone,97453932427,APPROVED,0.337875,0.44261625000000004
97459149820,Device_Upgrade_iPhone,Upsell,0.2447,280,0.286,70.9,0,195,MED,Stable,1,Neutral,Gold,1,0,Smartphone,97459149820,APPROVED,0.20799499999999999,0.26415365
97454334136,1GB_plus_100mins,NBO,0.156,40,0.288,50.8,2,260,MED,Stable,0,Neutral,Gold,1,0,Smartphone,97454334136,APPROVED,0.1326,0.17370600000000003
97451687088,Device_Upgrade_iPhone,Upsell,0.1797,280,0.364,33.4,0,244,HIGH,Stable,1,Positive,Silver,0,1,Smartphone,97451687088,APPROVED,0.152745,0.152745
97455226001,Loyalty_Points_2x,Retention,0.1175,0,0.481,25.3,0,74,LOW,Stable,0,Positive,Silver,0,0,Smartphone,97455226001,APPROVED,0.09987499999999999,0.09987499999999999
97458161118,Device_Upgrade_iPhone,Upsell,0.3858,280,0.603,101.0,2,189,LOW,Stable,1,Neutral,Silver,1,0,Feature Phone,97458161118,APPROVED,0.32792999999999994,0.44270550000000003
97452705242,1GB_plus_100mins,NBO,0.1395,40,0.453,36.0,3,217,MED,Falling,0,Positive,None,1,0,Smartphone,97452705242,APPROVED,0.11857500000000001,0.15059025000000004
97455166464,Device_Upgrade_iPhone,Upsell,0.2261,280,0.048,74.8,1,266,MED,Stable,1,Positive,Gold,1,0,Smartphone,97455166464,APPROVED,0.192185,0.26713715000000005
97452169293,Device_Upgrade_iPhone,Upsell,0.2286,280,0.457,40.1,2,261,LOW,Falling,1,Neutral,None,1,0,Smartphone,97452169293,APPROVED,0.19430999999999998,0.2623185
97457178303,10GB_Aggressive_HVC,Retention,0.2353,120,0.166,45.9,0,52,LOW,Stable,0,Neutral,Silver,1,0,Smartphone,97457178303,APPROVED,0.20000500000000002,0.25000625000000004
97455281343,Retention_Save_25pct,Retention,0.2961,90,0.851,41.6,1,122,LOW,Rising,0,Neutral,None,0,0,IoT,97455281343,SOFTENED,0.251685,0.251685
97453971766,1GB_plus_100mins,NBO,0.1803,40,0.172,68.8,2,178,MED,Falling,0,Neutral,None,1,1,Smartphone,97453971766,APPROVED,0.15325499999999997,0.19463385
97453042183,Device_Upgrade_iPhone,Upsell,0.2018,280,0.45,43.7,1,304,MED,Rising,1,Neutral,Gold,0,0,Smartphone,97453042183,APPROVED,0.17153,0.17153
97456080498,Device_Upgrade_iPhone,Upsell,0.3076,280,0.125,40.6,3,261,HIGH,Rising,1,Neutral,Silver,1,0,Feature Phone,97456080498,APPROVED,0.26145999999999997,0.36865860000000006
97457028325,Loyalty_Points_2x,Retention,0.1855,0,0.061,70.9,0,88,MED,Rising,0,Positive,None,1,0,Smartphone,97457028325,APPROVED,0.15767499999999998,0.18132625
97459462753,Device_Upgrade_iPhone,Upsell,0.2088,280,0.259,62.4,0,182,MED,Rising,0,Positive,None,1,0,Smartphone,97459462753,APPROVED,0.17748,0.21475080000000002
97454934366,Device_Upgrade_iPhone,Upsell,0.4659,280,0.271,91.8,3,186,LOW,Rising,1,Neutral,Silver,1,0,Smartphone,97454934366,APPROVED,0.39601499999999995,0.5583811500000001
97452446193,Device_Upgrade_iPhone,Upsell,0.4218,280,0.511,93.3,3,353,MED,Stable,0,Neutral,Silver,1,0,Router/MiFi,97452446193,REVIEW_CREDIT,0.35853,0.4374066000000001
97458494102,1GB_plus_100mins,NBO,0.15,40,0.484,36.2,3,341,MED,Stable,0,Neutral,None,1,0,Smartphone,97458494102,APPROVED,0.1275,0.16192500000000004
97456667878,Loyalty_Points_2x,Retention,0.1695,0,0.332,60.9,1,21,MED,Falling,0,Neutral,Silver,1,0,Smartphone,97456667878,APPROVED,0.144075,0.19738275000000005
97457302385,Loyalty_Points_2x,Retention,0.1727,0,0.171,49.2,1,16,MED,Stable,0,Neutral,Silver,1,0,Smartphone,97457302385,APPROVED,0.14679499999999998,0.20110915000000001
97451875039,Device_Upgrade_iPhone,Upsell,0.3576,280,0.326,93.7,0,1,MED,Stable,1,Neutral,None,0,0,Smartphone,97451875039,APPROVED,0.30395999999999995,0.30395999999999995
97453811299,Device_Upgrade_iPhone,Upsell,0.4766,280,0.083,93.1,2,311,HIGH,Rising,0,Positive,Gold,1,0,Smartphone,97453811299,APPROVED,0.40511,0.5550007000000001
97457910594,Device_Upgrade_iPhone,Upsell,0.4044,280,0.362,104.6,0,203,LOW,Rising,0,Neutral,Silver,1,0,Smartphone,97457910594,APPROVED,0.34374,0.4571742000000001
97458490337,Device_Upgrade_iPhone,Upsell,0.2625,280,0.577,71.2,3,268,HIGH,Stable,1,Neutral,Silver,1,0,Smartphone,97458490337,APPROVED,0.223125,0.30121875000000004
97454916949,Device_Upgrade_iPhone,Upsell,0.2884,280,0.185,92.5,1,160,MED,Stable,1,Positive,None,0,0,Smartphone,97454916949,REVIEW_CREDIT,0.24514,0.24514
97458242878,Device_Upgrade_iPhone,Upsell,0.2718,280,0.228,39.9,3,322,LOW,Rising,1,Positive,Silver,1,0,Smartphone,97458242878,APPROVED,0.23102999999999999,0.32575230000000005
97458575225,Device_Upgrade_iPhone,Upsell,0.1858,280,0.28,54.5,1,293,LOW,Stable,1,Positive,None,0,0,Feature Phone,97458575225,APPROVED,0.15793,0.15793
97454487305,Device_Upgrade_iPhone,Upsell,0.106,280,0.12,42.5,0,110,MED,Stable,0,Positive,None,0,0,IoT,97454487305,APPROVED,0.0901,0.0901
97459082787,Device_Upgrade_iPhone,Upsell,0.387,280,0.282,106.4,2,260,HIGH,Falling,1,Neutral,None,1,0,Smartphone,97459082787,APPROVED,0.32895,0.4440825000000001
97453594952,Retention_Save_25pct,Retention,0.2761,90,0.62,23.1,2,339,MED,Rising,0,Neutral,Platinum,1,0,Smartphone,97453594952,APPROVED,0.234685,0.3309058500000001
97453156019,Retention_Save_25pct,Retention,0.2988,90,0.624,28.1,0,241,MED,Stable,1,Positive,None,1,0,Smartphone,97453156019,APPROVED,0.25398,0.31747500000000006
97457142458,10GB_Aggressive_HVC,Retention,0.2834,120,0.074,39.0,3,25,HIGH,Falling,0,Neutral,Silver,1,0,Feature Phone,97457142458,APPROVED,0.24089,0.33001930000000007
97456730855,Device_Upgrade_iPhone,Upsell,0.3301,280,0.266,97.9,1,79,LOW,Falling,0,Positive,None,1,0,Smartphone,97456730855,APPROVED,0.280585,0.35634295000000005
97452257772,Device_Upgrade_iPhone,Upsell,0.2673,280,0.065,57.7,0,30,MED,Falling,1,Neutral,None,1,1,Smartphone,97452257772,APPROVED,0.227205,0.29309445000000006
97458494629,Device_Upgrade_iPhone,Upsell,0.376,280,0.428,89.9,2,79,MED,Stable,1,Neutral,Silver,1,0,Router/MiFi,97458494629,APPROVED,0.3196,0.43146000000000007
97452799173,Device_Upgrade_iPhone,Upsell,0.2743,280,0.443,23.5,2,66,HIGH,Rising,1,Positive,None,1,0,IoT,97452799173,APPROVED,0.23315499999999997,0.32874855000000003
97458244091,Device_Upgrade_iPhone,Upsell,0.5464,280,0.399,82.8,2,23,MED,Rising,1,Positive,Silver,1,0,Smartphone,97458244091,APPROVED,0.46443999999999996,0.7013044000000002
97451066260,Loyalty_Points_2x,Retention,0.162,0,0.31,40.0,0,49,MED,Stable,0,Neutral,Platinum,1,0,Router/MiFi,97451066260,APPROVED,0.1377,0.177633
97458171582,Device_Upgrade_iPhone,Upsell,0.5254,280,0.441,97.3,3,39,HIGH,Rising,0,Positive,Silver,1,0,Smartphone,97458171582,APPROVED,0.44659,0.6386237000000001
97458082318,10GB_Aggressive_HVC,Retention,0.2366,120,0.134,23.0,3,49,LOW,Stable,0,Positive,Silver,1,0,Smartphone,97458082318,APPROVED,0.20111,0.27552070000000006
97458023278,Device_Upgrade_iPhone,Upsell,0.282,280,0.471,119.0,2,115,MED,Falling,1,Neutral,Gold,1,0,Smartphone,97458023278,APPROVED,0.23969999999999997,0.33318300000000006
97456983657,10GB_Aggressive_HVC,Retention,0.3583,120,0.738,57.9,3,154,HIGH,Stable,0,Neutral,None,1,0,Router/MiFi,97456983657,APPROVED,0.304555,0.41724035000000015
97455244103,Roaming_Daily_Pass,CrossSell,0.1604,60,0.487,22.4,1,64,HIGH,Falling,0,Positive,Platinum,0,1,Smartphone,97455244103,APPROVED,0.13634,0.13634
97457346487,10GB_Aggressive_HVC,Retention,0.2421,120,0.135,53.0,3,37,MED,Stable,0,Neutral,Silver,1,0,Smartphone,97457346487,APPROVED,0.205785,0.2819254500000001
97453494094,1GB_plus_100mins,NBO,0.1425,40,0.25,48.4,1,308,MED,Falling,0,Positive,None,1,0,Router/MiFi,97453494094,APPROVED,0.12112499999999998,0.15382875000000001
97458026560,Device_Upgrade_iPhone,Upsell,0.4655,280,0.214,92.4,1,255,LOW,Rising,1,Positive,None,1,0,Smartphone,97458026560,APPROVED,0.395675,0.5579017500000002
97456000822,Device_Upgrade_iPhone,Upsell,0.2277,280,0.541,62.4,2,120,LOW,Falling,1,Positive,Silver,1,0,Smartphone,97456000822,APPROVED,0.193545,0.26128575000000004
97455130241,Device_Upgrade_iPhone,Upsell,0.3118,280,0.405,28.9,0,163,MED,Rising,1,Neutral,Silver,1,0,Smartphone,97455130241,APPROVED,0.26503,0.34188870000000005
97455550455,Device_Upgrade_iPhone,Upsell,0.3342,280,0.476,79.9,1,341,MED,Rising,1,Neutral,Silver,1,0,Smartphone,97455550455,APPROVED,0.28407,0.4005387000000001
97456118670,Device_Upgrade_iPhone,Upsell,0.1614,280,0.078,53.3,3,186,MED,Stable,1,Negative,Silver,1,0,Smartphone,97456118670,APPROVED,0.13718999999999998,0.19343790000000002
97451335360,Loyalty_Points_2x,Retention,0.1109,0,0.335,35.2,3,39,LOW,Stable,0,Neutral,None,0,0,Smartphone,97451335360,APPROVED,0.094265,0.094265
97452258172,10GB_Aggressive_HVC,Retention,0.2611,120,0.592,49.4,1,25,HIGH,Stable,0,Neutral,Silver,1,1,Smartphone,97452258172,APPROVED,0.221935,0.3195864000000001
97453209330,5G_Unlimited_Upgrade,Upsell,0.1613,200,0.244,78.3,1,257,LOW,Falling,0,Positive,Silver,1,0,Smartphone,97453209330,REVIEW_CREDIT,0.137105,0.16726810000000003
97452030770,Device_Upgrade_iPhone,Upsell,0.538,280,0.237,92.7,2,359,MED,Rising,1,Neutral,None,1,0,Smartphone,97452030770,APPROVED,0.45730000000000004,0.6447930000000002
97454956521,Device_Upgrade_iPhone,Upsell,0.2072,280,0.309,60.5,1,243,MED,Stable,1,Neutral,Gold,1,1,Feature Phone,97454956521,APPROVED,0.17612,0.23776200000000006
97457015625,Device_Upgrade_iPhone,Upsell,0.2194,280,0.051,70.1,2,291,LOW,Stable,1,Neutral,Platinum,1,0,Smartphone,97457015625,APPROVED,0.18649000000000002,0.2592211000000001
97456889859,Device_Upgrade_iPhone,Upsell,0.2214,280,0.168,51.1,3,97,LOW,Falling,1,Neutral,Silver,1,0,Smartphone,97456889859,APPROVED,0.18819,0.2540565000000001
97455239865,Device_Upgrade_iPhone,Upsell,0.1911,280,0.388,26.8,3,312,HIGH,Stable,1,Neutral,Silver,0,0,Router/MiFi,97455239865,APPROVED,0.162435,0.162435
97458695719,Device_Upgrade_iPhone,Upsell,0.3542,280,0.21,107.8,2,190,HIGH,Stable,1,Neutral,None,1,0,Router/MiFi,97458695719,APPROVED,0.30107,0.4064445000000001
97456087124,Device_Upgrade_iPhone,Upsell,0.3858,280,0.139,116.3,3,20,MED,Rising,1,Neutral,Platinum,1,0,Tablet,97456087124,APPROVED,0.32792999999999994,0.5082914999999999
97451712776,10GB_Aggressive_HVC,Retention,0.2857,120,0.682,55.8,0,124,LOW,Stable,1,Positive,Platinum,1,0,Router/MiFi,97451712776,SOFTENED,0.242845,0.30112780000000006
97457884988,Device_Upgrade_iPhone,Upsell,0.2076,280,0.334,45.3,0,136,HIGH,Rising,0,Neutral,None,1,0,Smartphone,97457884988,APPROVED,0.17646,0.21351660000000003
97456171405,Device_Upgrade_iPhone,Upsell,0.2667,280,0.422,32.1,1,26,LOW,Stable,1,Positive,None,1,0,Smartphone,97456171405,APPROVED,0.22669499999999998,0.3287077500000001
97456712464,Device_Upgrade_iPhone,Upsell,0.1876,280,0.476,43.2,0,286,MED,Rising,1,Neutral,None,0,1,Smartphone,97456712464,APPROVED,0.15946,0.15946
97456088359,Loyalty_Points_2x,Retention,0.177,0,0.198,72.0,0,84,MED,Stable,0,Positive,None,1,0,Smartphone,97456088359,APPROVED,0.15045,0.17301750000000002
97455982214,1GB_plus_100mins,NBO,0.1612,40,0.234,68.0,3,352,MED,Stable,0,Neutral,Silver,1,1,Smartphone,97455982214,APPROVED,0.13702,0.17401540000000004
97451815097,Device_Upgrade_iPhone,Upsell,0.1576,280,0.153,19.3,3,331,MED,Stable,1,Positive,Silver,0,0,IoT,97451815097,APPROVED,0.13396,0.13396
97456032863,Device_Upgrade_iPhone,Upsell,0.2066,280,0.365,14.8,1,273,MED,Stable,1,Positive,None,1,0,Smartphone,97456032863,APPROVED,0.17561,0.23707350000000005
97458154212,1GB_plus_100mins,NBO,0.0852,40,0.29,46.9,1,272,LOW,Falling,0,Negative,Silver,1,1,Router/MiFi,97458154212,APPROVED,0.07242,0.09631860000000002
97453735550,Device_Upgrade_iPhone,Upsell,0.3385,280,0.183,81.1,1,348,MED,Stable,1,Positive,Silver,1,0,Smartphone,97453735550,APPROVED,0.287725,0.3884287500000001
97456425543,Device_Upgrade_iPhone,Upsell,0.2242,280,0.577,31.2,1,193,LOW,Falling,1,Positive,Silver,1,0,Tablet,97456425543,APPROVED,0.19057000000000002,0.2572695000000001
97451277360,10GB_Aggressive_HVC,Retention,0.3558,120,0.704,49.4,0,113,HIGH,Stable,1,Positive,None,1,0,Smartphone,97451277360,APPROVED,0.30243,0.3780375
97454127492,Device_Upgrade_iPhone,Upsell,0.2137,280,0.131,25.9,2,1,MED,Falling,1,Neutral,None,0,0,Smartphone,97454127492,APPROVED,0.181645,0.181645
97454930456,Device_Upgrade_iPhone,Upsell,0.2331,280,0.304,47.4,3,337,MED,Rising,1,Neutral,None,1,0,IoT,97454930456,APPROVED,0.198135,0.2793703500000001
97459844644,Device_Upgrade_iPhone,Upsell,0.279,280,0.163,60.1,0,247,LOW,Rising,1,Neutral,Silver,0,0,Feature Phone,97459844644,APPROVED,0.23715000000000003,0.23715000000000003
97452931261,Device_Upgrade_iPhone,Upsell,0.4064,280,0.091,86.6,3,349,HIGH,Rising,0,Positive,None,1,0,Smartphone,97452931261,APPROVED,0.34543999999999997,0.45943520000000004
97453488934,10GB_Aggressive_HVC,Retention,0.3266,120,0.761,81.6,2,131,LOW,Stable,0,Positive,None,0,1,Smartphone,97453488934,SOFTENED,0.27760999999999997,0.27760999999999997
97454676757,Device_Upgrade_iPhone,Upsell,0.2794,280,0.506,33.3,0,50,MED,Rising,1,Positive,Silver,0,0,Tablet,97454676757,APPROVED,0.23748999999999998,0.23748999999999998
97459933989,Device_Upgrade_iPhone,Upsell,0.2109,280,0.433,6.2,0,234,LOW,Stable,1,Neutral,None,1,0,Smartphone,97459933989,APPROVED,0.179265,0.22049595000000005
97458680626,Device_Upgrade_iPhone,Upsell,0.3873,280,0.435,88.9,2,272,HIGH,Stable,0,Neutral,None,1,0,Smartphone,97458680626,APPROVED,0.32920499999999997,0.41809035000000005
97451312236,Device_Upgrade_iPhone,Upsell,0.2405,280,0.248,57.8,1,91,LOW,Stable,1,Positive,Silver,1,1,Smartphone,97451312236,APPROVED,0.204425,0.26779675000000003
97453105455,Device_Upgrade_iPhone,Upsell,0.4493,280,0.403,101.7,3,335,HIGH,Falling,1,Positive,None,1,0,Smartphone,97453105455,APPROVED,0.381905,0.5155717500000001
97458395069,10GB_Aggressive_HVC,Retention,0.2409,120,0.564,70.7,2,17,MED,Stable,0,Positive,Platinum,1,0,Smartphone,97458395069,APPROVED,0.204765,0.2887186500000001
97451524724,Device_Upgrade_iPhone,Upsell,0.3534,280,0.276,108.2,2,230,MED,Stable,1,Neutral,None,1,1,Smartphone,97451524724,APPROVED,0.30039,0.39351090000000005
97458701036,Device_Upgrade_iPhone,Upsell,0.2419,280,0.21,71.3,2,221,MED,Falling,1,Neutral,Gold,1,0,Router/MiFi,97458701036,APPROVED,0.205615,0.28580485000000005
97453532454,Device_Upgrade_iPhone,Upsell,0.3374,280,0.063,109.2,1,198,MED,Stable,1,Positive,None,1,0,Smartphone,97453532454,APPROVED,0.28679,0.3871665000000001
97459258868,Device_Upgrade_iPhone,Upsell,0.3119,280,0.145,16.8,3,38,HIGH,Stable,1,Neutral,Silver,1,1,IoT,97459258868,APPROVED,0.265115,0.37381215000000007
97453642343,Device_Upgrade_iPhone,Upsell,0.3216,280,0.392,84.9,2,331,MED,Falling,0,Positive,None,0,0,Smartphone,97453642343,APPROVED,0.27336,0.27336
97454908850,Device_Upgrade_iPhone,Upsell,0.2799,280,0.59,44.1,2,130,HIGH,Rising,1,Positive,Gold,1,0,Router/MiFi,97454908850,APPROVED,0.237915,0.34497675000000005
97456957247,10GB_Aggressive_HVC,Retention,0.1789,120,0.162,54.9,0,42,MED,Stable,0,Neutral,Silver,0,0,Smartphone,97456957247,APPROVED,0.152065,0.152065
97452136526,Device_Upgrade_iPhone,Upsell,0.1686,280,0.425,19.5,0,242,LOW,Rising,0,Negative,Silver,1,0,Smartphone,97452136526,APPROVED,0.14331,0.18200370000000002
97456013288,200mins_Upsell,Upsell,0.2525,35,0.315,79.0,0,21,LOW,Rising,0,Neutral,Silver,1,1,Smartphone,97456013288,APPROVED,0.21462499999999998,0.27257375
97455545138,1GB_plus_100mins,NBO,0.1432,40,0.183,55.6,3,143,MED,Falling,0,Neutral,None,1,0,Smartphone,97455545138,APPROVED,0.12172,0.1545844
97458055083,Device_Upgrade_iPhone,Upsell,0.2248,280,0.494,71.2,2,319,MED,Falling,1,Positive,Silver,1,1,Router/MiFi,97458055083,APPROVED,0.19108,0.25031480000000006
97459964961,Device_Upgrade_iPhone,Upsell,0.4505,280,0.494,104.9,0,48,LOW,Falling,1,Positive,Platinum,1,0,Smartphone,97459964961,APPROVED,0.382925,0.5705582500000002
97456978821,Device_Upgrade_iPhone,Upsell,0.3633,280,0.306,97.8,3,37,MED,Stable,1,Neutral,Gold,1,0,IoT,97456978821,APPROVED,0.308805,0.46011945000000015
97454682677,Device_Upgrade_iPhone,Upsell,0.3037,280,0.18,116.5,0,325,MED,Stable,1,Positive,Gold,1,0,Smartphone,97454682677,APPROVED,0.258145,0.3588215500000001
97454657481,Device_Upgrade_iPhone,Upsell,0.4994,280,0.321,99.8,2,17,LOW,Stable,1,Neutral,Platinum,1,0,Smartphone,97454657481,APPROVED,0.42449,0.6324901000000002
97454761628,Device_Upgrade_iPhone,Upsell,0.3927,280,0.164,96.0,0,51,MED,Rising,0,Neutral,Gold,1,1,Smartphone,97454761628,APPROVED,0.333795,0.47732685000000014
97458326182,Device_Upgrade_iPhone,Upsell,0.299,280,0.345,52.2,1,210,HIGH,Stable,1,Negative,Gold,1,0,Smartphone,97458326182,APPROVED,0.25415,0.3685175000000001
97453890941,Loyalty_Points_2x,Retention,0.1611,0,0.26,39.9,0,55,MED,Falling,0,Neutral,Gold,1,0,Smartphone,97453890941,APPROVED,0.136935,0.17664615000000003
97452502756,Device_Upgrade_iPhone,Upsell,0.4189,280,0.662,84.7,2,168,MED,Rising,1,Neutral,Platinum,0,0,Smartphone,97452502756,APPROVED,0.35606499999999996,0.35606499999999996
97454008622,Device_Upgrade_iPhone,Upsell,0.1791,280,0.185,6.4,3,23,LOW,Falling,1,Positive,None,0,1,Smartphone,97454008622,REVIEW_CREDIT,0.152235,0.152235
97451204408,10GB_Aggressive_HVC,Retention,0.3552,120,0.626,70.5,1,8,HIGH,Stable,1,Positive,None,1,0,Smartphone,97451204408,APPROVED,0.30192,0.4438224000000002
97451955283,Device_Upgrade_iPhone,Upsell,0.2263,280,0.154,67.5,3,246,LOW,Falling,1,Neutral,Silver,1,0,Tablet,97451955283,APPROVED,0.192355,0.2596792500000001
97451810430,1GB_plus_100mins,NBO,0.1517,40,0.374,72.2,2,117,MED,Stable,0,Positive,None,1,0,Smartphone,97451810430,APPROVED,0.128945,0.16376015000000005
97457943970,Device_Upgrade_iPhone,Upsell,0.2132,280,0.136,49.6,1,67,MED,Stable,1,Positive,Silver,1,0,Smartphone,97457943970,APPROVED,0.18122,0.24464700000000006
97457501233,1GB_plus_100mins,NBO,0.1423,40,0.242,29.7,3,172,LOW,Stable,0,Positive,Silver,1,0,Smartphone,97457501233,APPROVED,0.12095500000000001,0.15361285000000005
97457270936,Retention_Save_25pct,Retention,0.2426,90,0.776,74.7,0,85,MED,Rising,0,Neutral,None,1,1,Smartphone,97457270936,APPROVED,0.20621,0.2721972000000001
97455156894,Device_Upgrade_iPhone,Upsell,0.1852,280,0.262,70.9,0,219,LOW,Falling,1,Positive,None,1,1,Smartphone,97455156894,APPROVED,0.15742,0.18732980000000002
97457453525,Device_Upgrade_iPhone,Upsell,0.4651,280,0.24,102.9,1,340,HIGH,Stable,1,Positive,None,1,0,IoT,97457453525,APPROVED,0.395335,0.5337022500000002
97452451445,Device_Upgrade_iPhone,Upsell,0.2336,280,0.472,57.2,1,66,MED,Stable,1,Neutral,Silver,1,0,IoT,97452451445,APPROVED,0.19856,0.268056
97459105594,10GB_Aggressive_HVC,Retention,0.2385,120,0.309,32.2,2,12,LOW,Rising,0,Neutral,Silver,1,0,Tablet,97459105594,APPROVED,0.202725,0.27773325000000004
97455509402,1GB_plus_100mins,NBO,0.1342,40,0.171,57.0,0,316,LOW,Falling,0,Neutral,None,1,0,Tablet,97455509402,APPROVED,0.11407,0.13118050000000003
97459442461,Device_Upgrade_iPhone,Upsell,0.2375,280,0.321,58.1,1,343,MED,Falling,1,Positive,Gold,1,0,Smartphone,97459442461,APPROVED,0.201875,0.28060625000000006
97452370808,Device_Upgrade_iPhone,Upsell,0.2034,280,0.149,7.5,3,96,HIGH,Falling,1,Positive,Silver,0,0,Smartphone,97452370808,APPROVED,0.17289,0.17289
97455475970,Device_Upgrade_iPhone,Upsell,0.1771,280,0.241,58.6,0,308,HIGH,Falling,1,Negative,None,1,0,Smartphone,97455475970,APPROVED,0.150535,0.19419015000000003
97457266882,Device_Upgrade_iPhone,Upsell,0.2089,280,0.509,66.1,0,53,HIGH,Stable,1,Negative,Silver,1,0,Smartphone,97457266882,APPROVED,0.177565,0.24681535000000007
97455460632,Device_Upgrade_iPhone,Upsell,0.3926,280,0.056,81.7,1,357,HIGH,Stable,1,Neutral,Gold,1,0,Router/MiFi,97455460632,APPROVED,0.33371,0.4638569000000001
97455015406,1GB_plus_100mins,NBO,0.0988,40,0.533,67.6,0,153,MED,Stable,0,Negative,Silver,1,0,Smartphone,97455015406,APPROVED,0.08398,0.10161580000000002
97452495926,Device_Upgrade_iPhone,Upsell,0.208,280,0.453,28.9,1,292,MED,Stable,1,Neutral,None,1,0,Smartphone,97452495926,APPROVED,0.17679999999999998,0.23868000000000003
97454429190,Device_Upgrade_iPhone,Upsell,0.2318,280,0.112,48.4,2,190,HIGH,Stable,1,Neutral,Silver,1,0,Smartphone,97454429190,APPROVED,0.19703,0.2659905000000001
97453148896,Device_Upgrade_iPhone,Upsell,0.2382,280,0.416,40.9,2,52,HIGH,Stable,1,Positive,Silver,1,0,Smartphone,97453148896,APPROVED,0.20246999999999998,0.29358150000000005
97453713608,Device_Upgrade_iPhone,Upsell,0.1814,280,0.424,48.7,0,110,LOW,Stable,1,Positive,Platinum,0,1,Smartphone,97453713608,APPROVED,0.15419,0.15419
97457153305,Device_Upgrade_iPhone,Upsell,0.3578,280,0.569,100.8,0,364,MED,Stable,1,Positive,None,0,0,Smartphone,97457153305,REVIEW_CREDIT,0.30413,0.30413
97456672542,Device_Upgrade_iPhone,Upsell,0.4024,280,0.708,92.9,1,1,HIGH,Stable,1,Positive,Silver,1,0,Smartphone,97456672542,APPROVED,0.34203999999999996,0.49595800000000007
97456464767,Loyalty_Points_2x,Retention,0.1527,0,0.527,34.5,1,82,MED,Stable,0,Neutral,Silver,1,1,Smartphone,97456464767,APPROVED,0.129795,0.17392530000000003
97454256313,Device_Upgrade_iPhone,Upsell,0.5301,280,0.249,98.3,3,345,HIGH,Rising,1,Positive,None,1,0,Smartphone,97454256313,APPROVED,0.450585,0.6353248500000002
97459637232,Device_Upgrade_iPhone,Upsell,0.5447,280,0.348,100.5,0,3,LOW,Rising,0,Positive,None,1,0,Smartphone,97459637232,APPROVED,0.46299499999999993,0.6620828500000001
97451788849,1GB_plus_100mins,NBO,0.1466,40,0.305,33.0,2,118,HIGH,Stable,0,Positive,Silver,0,1,Feature Phone,97451788849,APPROVED,0.12461,0.12461
97454083316,Device_Upgrade_iPhone,Upsell,0.5532,280,0.251,111.5,3,18,LOW,Stable,0,Positive,Gold,1,0,Tablet,97454083316,APPROVED,0.47022,0.6630102000000002
97454050493,Device_Upgrade_iPhone,Upsell,0.3471,280,0.571,34.1,3,12,MED,Rising,1,Neutral,Gold,1,0,Smartphone,97454050493,APPROVED,0.295035,0.45730425
97459657078,Device_Upgrade_iPhone,Upsell,0.284,280,0.031,48.3,2,273,MED,Rising,1,Positive,Gold,1,0,Smartphone,97459657078,APPROVED,0.24139999999999998,0.35003000000000006
97454296371,Roaming_Daily_Pass,CrossSell,0.0947,60,0.166,56.1,1,28,MED,Stable,0,Negative,Silver,0,0,Smartphone,97454296371,APPROVED,0.080495,0.080495
97459177225,Device_Upgrade_iPhone,Upsell,0.3477,280,0.229,108.0,2,112,LOW,Rising,0,Positive,Platinum,1,1,Smartphone,97459177225,APPROVED,0.295545,0.3930748500000001
97455455590,Device_Upgrade_iPhone,Upsell,0.4761,280,0.343,112.9,1,275,LOW,Rising,1,Neutral,None,1,0,Smartphone,97455455590,APPROVED,0.404685,0.5706058500000002
97457297363,10GB_Aggressive_HVC,Retention,0.3069,120,0.497,24.1,1,54,HIGH,Stable,0,Neutral,Gold,1,0,Smartphone,97457297363,APPROVED,0.260865,0.3678196500000001
97455116756,Device_Upgrade_iPhone,Upsell,0.3109,280,0.051,92.4,3,260,MED,Stable,1,Neutral,Silver,1,1,Smartphone,97455116756,REVIEW_CREDIT,0.264265,0.3329739000000001
97453392829,Device_Upgrade_iPhone,Upsell,0.3039,280,0.81,64.1,0,234,LOW,Rising,1,Positive,Silver,1,0,Smartphone,97453392829,APPROVED,0.258315,0.3332263500000001
97457878064,10GB_Aggressive_HVC,Retention,0.2455,120,0.359,61.7,1,59,MED,Falling,0,Positive,Gold,1,1,Smartphone,97457878064,APPROVED,0.208675,0.3088390000000001
97459722586,Device_Upgrade_iPhone,Upsell,0.2953,280,0.115,74.1,1,129,MED,Rising,1,Neutral,None,1,0,Smartphone,97459722586,APPROVED,0.251005,0.35391705000000007
97453371723,Device_Upgrade_iPhone,Upsell,0.2517,280,0.404,62.4,0,191,HIGH,Rising,0,Neutral,None,1,0,Smartphone,97453371723,APPROVED,0.21394499999999997,0.25887345
97458008757,Device_Upgrade_iPhone,Upsell,0.3486,280,0.057,95.1,1,332,MED,Stable,1,Neutral,Platinum,1,1,Smartphone,97458008757,APPROVED,0.29631,0.4000185000000001
97453350259,Loyalty_Points_2x,Retention,0.2407,0,0.183,52.5,3,19,HIGH,Falling,0,Neutral,Silver,1,0,Smartphone,97453350259,APPROVED,0.204595,0.28029515000000005
97457452010,Device_Upgrade_iPhone,Upsell,0.4116,280,0.51,88.2,3,145,LOW,Rising,0,Neutral,None,1,0,Smartphone,97457452010,REVIEW_CREDIT,0.34986,0.4478208000000001
97458101058,Device_Upgrade_iPhone,Upsell,0.2568,280,0.234,46.6,0,18,HIGH,Falling,1,Neutral,Silver,1,0,Smartphone,97458101058,APPROVED,0.21827999999999997,0.2903124
97455044253,Loyalty_Points_2x,Retention,0.1869,0,0.433,65.7,3,92,HIGH,Stable,0,Positive,None,1,0,Smartphone,97455044253,APPROVED,0.158865,0.20175855000000004
97457632275,Device_Upgrade_iPhone,Upsell,0.2396,280,0.463,73.3,2,45,MED,Stable,1,Neutral,Silver,1,0,Smartphone,97457632275,APPROVED,0.20366,0.2953070000000001
97453450173,10GB_Aggressive_HVC,Retention,0.2703,120,0.551,17.6,0,5,HIGH,Stable,1,Neutral,Silver,1,0,Smartphone,97453450173,APPROVED,0.229755,0.28719375
97451713281,Loyalty_Points_2x,Retention,0.1747,0,0.152,77.3,0,79,MED,Stable,0,Positive,Silver,1,0,Smartphone,97451713281,APPROVED,0.148495,0.17076925
97451867518,1GB_plus_100mins,NBO,0.1542,40,0.296,24.9,3,184,MED,Stable,0,Positive,Platinum,1,0,Smartphone,97451867518,APPROVED,0.13107,0.1717017
97455023213,Device_Upgrade_iPhone,Upsell,0.4665,280,0.724,88.0,3,208,LOW,Rising,1,Neutral,None,1,0,Smartphone,97455023213,APPROVED,0.396525,0.5591002500000002
97459123420,Device_Upgrade_iPhone,Upsell,0.3935,280,0.372,91.0,3,64,LOW,Rising,0,Positive,Silver,0,0,IoT,97459123420,APPROVED,0.334475,0.334475
97452148191,Device_Upgrade_iPhone,Upsell,0.2289,280,0.102,22.1,2,140,HIGH,Rising,0,Neutral,None,1,0,Smartphone,97452148191,APPROVED,0.194565,0.25877145
97455101986,Device_Upgrade_iPhone,Upsell,0.4568,280,0.448,85.2,3,91,MED,Rising,0,Neutral,None,1,0,Smartphone,97455101986,APPROVED,0.38827999999999996,0.5164124000000001
97457336287,1GB_plus_100mins,NBO,0.1621,40,0.331,34.0,1,128,LOW,Rising,0,Positive,None,1,1,Router/MiFi,97457336287,APPROVED,0.137785,0.17498695000000003
97452821270,1GB_plus_100mins,NBO,0.1404,40,0.521,36.4,0,304,MED,Falling,0,Neutral,None,1,0,Smartphone,97452821270,APPROVED,0.11933999999999999,0.137241
97457494546,Device_Upgrade_iPhone,Upsell,0.2657,280,0.046,73.4,2,85,HIGH,Stable,1,Neutral,Silver,1,0,Smartphone,97457494546,APPROVED,0.225845,0.30489075000000004
97453753609,Device_Upgrade_iPhone,Upsell,0.2966,280,0.297,38.4,2,57,MED,Rising,1,Positive,None,1,0,Smartphone,97453753609,APPROVED,0.25210999999999995,0.3806861
97458277945,Device_Upgrade_iPhone,Upsell,0.1468,280,0.284,117.2,0,322,LOW,Falling,0,Negative,None,0,0,Smartphone,97458277945,APPROVED,0.12478,0.12478
97456212975,Device_Upgrade_iPhone,Upsell,0.1934,280,0.226,44.0,0,289,LOW,Falling,1,Neutral,None,0,0,Router/MiFi,97456212975,APPROVED,0.16438999999999998,0.16438999999999998
97455922164,Device_Upgrade_iPhone,Upsell,0.1895,280,0.098,31.9,0,263,MED,Rising,0,Neutral,Gold,1,0,Tablet,97455922164,APPROVED,0.161075,0.20134375000000004
97452590954,Device_Upgrade_iPhone,Upsell,0.2604,280,0.2,54.0,3,23,LOW,Rising,0,Neutral,None,1,0,Smartphone,97452590954,APPROVED,0.22134,0.3165162000000001
97455168852,Device_Upgrade_iPhone,Upsell,0.3677,280,0.328,78.3,3,256,HIGH,Rising,1,Neutral,None,1,0,Smartphone,97455168852,REVIEW_CREDIT,0.312545,0.42506120000000014
97458709527,Loyalty_Points_2x,Retention,0.1774,0,0.503,37.7,0,47,LOW,Falling,0,Neutral,None,1,0,Smartphone,97458709527,APPROVED,0.15079,0.18848750000000003
97451175715,Device_Upgrade_iPhone,Upsell,0.1934,280,0.458,72.6,1,117,LOW,Falling,1,Neutral,None,1,0,Smartphone,97451175715,APPROVED,0.16438999999999998,0.22192650000000003
97457826675,Device_Upgrade_iPhone,Upsell,0.2823,280,0.397,50.0,2,43,MED,Stable,1,Neutral,None,1,0,Smartphone,97457826675,REVIEW_CREDIT,0.239955,0.3359370000000001
97455434861,Device_Upgrade_iPhone,Upsell,0.2778,280,0.147,23.3,3,52,MED,Falling,1,Neutral,None,1,0,Smartphone,97455434861,APPROVED,0.23612999999999998,0.34238850000000004
97457475165,Loyalty_Points_2x,Retention,0.1803,0,0.557,16.4,0,46,LOW,Rising,0,Neutral,None,1,1,Smartphone,97457475165,APPROVED,0.15325499999999997,0.20229660000000002
97456969681,Device_Upgrade_iPhone,Upsell,0.3059,280,0.079,51.3,2,31,HIGH,Stable,1,Neutral,None,1,0,Feature Phone,97456969681,APPROVED,0.260015,0.3770217500000001
97454888836,10GB_Aggressive_HVC,Retention,0.2786,120,0.929,57.7,2,207,LOW,Stable,0,Neutral,Silver,1,0,Smartphone,97454888836,SOFTENED,0.23681,0.31258920000000007
97453778004,Loyalty_Points_2x,Retention,0.1403,0,0.425,13.4,2,35,LOW,Stable,0,Neutral,Silver,1,0,Smartphone,97453778004,APPROVED,0.119255,0.16337935000000003
97456645778,Device_Upgrade_iPhone,Upsell,0.215,280,0.273,40.9,1,111,LOW,Stable,1,Positive,Gold,1,0,Smartphone,97456645778,APPROVED,0.18275,0.25402250000000004
97452262018,Device_Upgrade_iPhone,Upsell,0.5051,280,0.098,99.2,0,33,HIGH,Rising,1,Positive,Platinum,1,0,Smartphone,97452262018,APPROVED,0.42933499999999997,0.66546925
97456256881,Loyalty_Points_2x,Retention,0.1513,0,0.23,67.3,2,10,MED,Stable,0,Positive,Silver,1,1,Router/MiFi,97456256881,APPROVED,0.128605,0.18519120000000006
97451852252,Device_Upgrade_iPhone,Upsell,0.209,280,0.224,46.9,1,35,MED,Rising,0,Positive,None,1,0,Smartphone,97451852252,APPROVED,0.17764999999999997,0.25403950000000003
97456848618,Device_Upgrade_iPhone,Upsell,0.2604,280,0.23,83.4,3,13,MED,Falling,0,Neutral,None,0,0,Smartphone,97456848618,APPROVED,0.22134,0.22134
97456658706,Device_Upgrade_iPhone,Upsell,0.2818,280,0.255,68.9,2,27,MED,Stable,1,Neutral,Silver,1,0,Smartphone,97456658706,APPROVED,0.23953,0.3473185000000001
97451759998,Device_Upgrade_iPhone,Upsell,0.2053,280,0.264,61.8,2,252,LOW,Stable,1,Positive,Gold,1,0,Smartphone,97451759998,APPROVED,0.174505,0.24256195000000005
97457817390,Device_Upgrade_iPhone,Upsell,0.2857,280,0.367,25.1,3,183,MED,Rising,1,Positive,Silver,1,0,Router/MiFi,97457817390,APPROVED,0.242845,0.3424114500000001
97454742266,Device_Upgrade_iPhone,Upsell,0.2889,280,0.383,52.0,1,2,HIGH,Rising,1,Neutral,Gold,1,0,Smartphone,97454742266,REVIEW_CREDIT,0.24556499999999998,0.36834750000000005
97458081977,Device_Upgrade_iPhone,Upsell,0.2495,280,0.524,36.9,3,10,MED,Stable,1,Positive,Platinum,1,0,Smartphone,97458081977,APPROVED,0.21207499999999999,0.31599175000000007
97451374527,1GB_plus_100mins,NBO,0.1435,40,0.22,55.2,2,249,LOW,Stable,0,Neutral,Silver,1,1,Smartphone,97451374527,APPROVED,0.12197499999999999,0.15490825000000003
97452615108,Device_Upgrade_iPhone,Upsell,0.2372,280,0.496,59.6,2,73,LOW,Stable,1,Neutral,Gold,1,0,Smartphone,97452615108,APPROVED,0.20162,0.28025180000000005
97455445916,Device_Upgrade_iPhone,Upsell,0.3214,280,0.879,90.3,0,250,MED,Rising,1,Positive,None,0,0,Smartphone,97455445916,APPROVED,0.27319,0.27319
97452694026,Device_Upgrade_iPhone,Upsell,0.2968,280,0.495,30.2,2,152,MED,Rising,1,Neutral,None,1,0,Tablet,97452694026,APPROVED,0.25228,0.3557148000000001
97453968750,5G_Unlimited_Upgrade,Upsell,0.264,200,0.339,78.5,0,39,LOW,Rising,0,Neutral,Silver,1,0,Smartphone,97453968750,APPROVED,0.22440000000000002,0.29396400000000006
97456945390,Loyalty_Points_2x,Retention,0.2146,0,0.542,29.3,0,102,HIGH,Rising,1,Neutral,Silver,1,1,Smartphone,97456945390,APPROVED,0.18241000000000002,0.22254020000000005
97452300717,Loyalty_Points_2x,Retention,0.1499,0,0.097,67.1,2,11,MED,Stable,0,Neutral,Silver,1,0,Router/MiFi,97452300717,APPROVED,0.127415,0.17455855000000003
97457099325,Retention_Save_25pct,Retention,0.3006,90,0.618,74.0,3,35,LOW,Rising,0,Neutral,Silver,1,1,Router/MiFi,97457099325,SOFTENED,0.25550999999999996,0.38070990000000005
97451930626,Device_Upgrade_iPhone,Upsell,0.2012,280,0.281,18.1,1,68,LOW,Falling,1,Neutral,None,1,1,Smartphone,97451930626,APPROVED,0.17101999999999998,0.22403620000000002
97452576666,Device_Upgrade_iPhone,Upsell,0.2244,280,0.081,50.8,1,313,LOW,Rising,1,Neutral,Gold,1,1,Smartphone,97452576666,APPROVED,0.19074,0.26894340000000005
97456288800,Device_Upgrade_iPhone,Upsell,0.3607,280,0.117,66.7,3,57,MED,Rising,1,Neutral,None,1,0,Smartphone,97456288800,APPROVED,0.306595,0.46295845000000013
97458141348,Retention_Save_25pct,Retention,0.1982,90,0.694,45.5,0,269,MED,Rising,1,Negative,None,1,1,Smartphone,97458141348,APPROVED,0.16846999999999998,0.23248860000000002
97452535336,Device_Upgrade_iPhone,Upsell,0.2122,280,0.117,11.5,2,37,MED,Stable,1,Neutral,Silver,1,0,Smartphone,97452535336,APPROVED,0.18037,0.26153650000000006
97453699934,Loyalty_Points_2x,Retention,0.1472,0,0.481,66.2,2,45,LOW,Falling,0,Positive,Gold,1,1,Smartphone,97453699934,APPROVED,0.12511999999999998,0.18517760000000003
97459326080,Roaming_Daily_Pass,CrossSell,0.1552,60,0.516,53.4,3,211,LOW,Falling,0,Positive,None,1,0,Feature Phone,97459326080,APPROVED,0.13192,0.16753840000000003
97459907152,Device_Upgrade_iPhone,Upsell,0.3349,280,0.315,105.2,0,240,MED,Falling,0,Neutral,Gold,1,1,Smartphone,97459907152,REVIEW_CREDIT,0.28466499999999995,0.34729129999999997
97456229549,Loyalty_Points_2x,Retention,0.2905,0,0.397,49.8,3,66,MED,Rising,0,Neutral,Silver,1,0,Smartphone,97456229549,APPROVED,0.24692499999999998,0.31359475000000003
97455023342,Loyalty_Points_2x,Retention,0.1225,0,0.17,28.2,1,66,LOW,Stable,0,Positive,Silver,0,0,Feature Phone,97455023342,APPROVED,0.104125,0.104125
97454121827,Device_Upgrade_iPhone,Upsell,0.2594,280,0.222,58.4,3,227,MED,Falling,1,Neutral,Silver,1,1,Router/MiFi,97454121827,APPROVED,0.22049000000000002,0.2888419000000001
97456512066,1GB_plus_100mins,NBO,0.126,40,0.097,45.8,3,208,MED,Stable,0,Neutral,Platinum,1,0,Smartphone,97456512066,APPROVED,0.1071,0.14030100000000004
97456318238,Loyalty_Points_2x,Retention,0.1572,0,0.252,28.9,0,78,LOW,Stable,0,Neutral,None,1,0,Smartphone,97456318238,APPROVED,0.13362,0.153663
97453652777,10GB_Aggressive_HVC,Retention,0.3366,120,0.755,64.5,0,230,LOW,Falling,1,Positive,None,1,0,Smartphone,97453652777,SOFTENED,0.28611,0.343332
97451205234,Device_Upgrade_iPhone,Upsell,0.3664,280,0.305,20.4,1,6,MED,Rising,1,Neutral,None,1,0,Smartphone,97451205234,APPROVED,0.31144,0.47027440000000015
97452363484,Device_Upgrade_iPhone,Upsell,0.4454,280,0.252,78.0,3,56,LOW,Rising,1,Positive,Silver,1,0,Smartphone,97452363484,APPROVED,0.37859,0.5716709000000001
97459627031,1GB_plus_100mins,NBO,0.1583,40,0.448,51.7,0,309,MED,Stable,0,Positive,None,1,0,Feature Phone,97459627031,APPROVED,0.13455499999999998,0.15473825
97454763393,Device_Upgrade_iPhone,Upsell,0.4238,280,0.705,111.7,0,30,LOW,Falling,0,Neutral,None,1,0,Smartphone,97454763393,APPROVED,0.36023,0.4935151000000001
97455340730,Device_Upgrade_iPhone,Upsell,0.3295,280,0.17,84.8,1,278,MED,Stable,1,Negative,Gold,0,0,Smartphone,97455340730,APPROVED,0.280075,0.280075
97455203967,Device_Upgrade_iPhone,Upsell,0.3765,280,0.202,91.2,2,99,MED,Stable,1,Neutral,Silver,1,0,Smartphone,97455203967,APPROVED,0.320025,0.4320337500000001
97458044616,1GB_plus_100mins,NBO,0.1455,40,0.198,41.0,1,183,MED,Falling,0,Positive,None,1,0,Smartphone,97458044616,APPROVED,0.123675,0.15706725000000002
97451584609,Device_Upgrade_iPhone,Upsell,0.4365,280,0.399,115.5,3,61,HIGH,Stable,1,Positive,Gold,1,0,Router/MiFi,97451584609,APPROVED,0.371025,0.5157247500000001
97451744569,Device_Upgrade_iPhone,Upsell,0.3603,280,0.872,104.9,1,293,LOW,Falling,1,Neutral,Gold,1,0,Smartphone,97451744569,APPROVED,0.306255,0.4256944500000001
97453482624,Retention_Save_25pct,Retention,0.4589,90,0.619,0.2,3,42,MED,Falling,0,Neutral,None,0,0,Smartphone,97453482624,APPROVED,0.390065,0.390065
97455379924,Device_Upgrade_iPhone,Upsell,0.3,280,0.268,37.6,3,153,LOW,Rising,1,Neutral,Silver,1,0,Smartphone,97455379924,APPROVED,0.255,0.3595500000000001
97457040115,Device_Upgrade_iPhone,Upsell,0.2233,280,0.027,45.3,1,240,MED,Falling,1,Neutral,Silver,1,0,Smartphone,97457040115,APPROVED,0.189805,0.25623675000000007
97455416362,Device_Upgrade_iPhone,Upsell,0.3829,280,0.36,99.5,0,150,MED,Stable,1,Neutral,Platinum,1,0,Tablet,97455416362,APPROVED,0.325465,0.4523963500000001
97454970512,1GB_plus_100mins,NBO,0.1141,40,0.389,55.3,2,133,LOW,Stable,0,Positive,None,0,1,Smartphone,97454970512,APPROVED,0.09698499999999999,0.09698499999999999
97459440437,Device_Upgrade_iPhone,Upsell,0.289,280,0.315,29.6,3,113,MED,Rising,1,Neutral,Gold,1,0,Smartphone,97459440437,APPROVED,0.24564999999999998,0.3561925000000001
97452449170,10GB_Aggressive_HVC,Retention,0.2404,120,0.299,51.0,0,36,LOW,Falling,0,Neutral,Silver,1,0,Smartphone,97452449170,APPROVED,0.20434,0.255425
97456145551,1GB_plus_100mins,NBO,0.1606,40,0.091,53.7,1,314,MED,Stable,0,Neutral,Silver,1,0,Smartphone,97456145551,APPROVED,0.13651,0.1733677
97455880201,Device_Upgrade_iPhone,Upsell,0.2908,280,0.424,68.7,3,112,MED,Rising,1,Positive,None,1,0,Feature Phone,97455880201,APPROVED,0.24717999999999998,0.34852380000000005
97455261404,Device_Upgrade_iPhone,Upsell,0.2214,280,0.264,67.1,0,40,MED,Stable,1,Neutral,None,1,0,Smartphone,97455261404,APPROVED,0.18819,0.25029270000000003
97458268376,Device_Upgrade_iPhone,Upsell,0.2577,280,0.305,71.9,0,28,MED,Falling,1,Neutral,None,1,0,Smartphone,97458268376,APPROVED,0.219045,0.29132985000000006
97453402780,Device_Upgrade_iPhone,Upsell,0.2948,280,0.235,75.1,3,26,LOW,Rising,1,Neutral,None,1,0,Feature Phone,97453402780,APPROVED,0.25058,0.37837580000000015
97459583954,1GB_plus_100mins,NBO,0.1337,40,0.303,42.5,3,273,LOW,Falling,0,Neutral,None,1,0,Smartphone,97459583954,APPROVED,0.11364500000000001,0.14432915000000004
97453984120,Device_Upgrade_iPhone,Upsell,0.2463,280,0.016,98.8,2,86,LOW,Falling,0,Neutral,Gold,1,0,Smartphone,97453984120,REVIEW_CREDIT,0.20935499999999999,0.26378730000000006
97455905039,10GB_Aggressive_HVC,Retention,0.1916,120,0.672,35.4,0,124,LOW,Stable,1,Negative,None,1,0,Tablet,97455905039,SOFTENED,0.16285999999999998,0.2052036
97455686051,Device_Upgrade_iPhone,Upsell,0.2812,280,0.241,22.9,0,9,HIGH,Falling,1,Positive,Silver,1,0,Smartphone,97455686051,APPROVED,0.23902,0.3178966000000001
97458648000,10GB_Aggressive_HVC,Retention,0.336,120,0.761,15.6,2,291,MED,Stable,1,Neutral,None,1,0,Smartphone,97458648000,APPROVED,0.2856,0.3912720000000001
97454950202,Device_Upgrade_iPhone,Upsell,0.3648,280,0.293,91.7,3,34,HIGH,Falling,0,Positive,None,1,0,Router/MiFi,97454950202,APPROVED,0.31008,0.4248096000000001
97453561030,1GB_plus_100mins,NBO,0.1365,40,0.087,52.2,3,334,MED,Stable,0,Positive,Gold,1,0,Smartphone,97453561030,APPROVED,0.116025,0.15199275000000004
97451194508,5G_Unlimited_Upgrade,Upsell,0.1856,200,0.528,77.5,0,340,MED,Stable,0,Neutral,None,1,0,Smartphone,97451194508,APPROVED,0.15775999999999998,0.181424
97454273103,Device_Upgrade_iPhone,Upsell,0.2314,280,0.266,30.6,2,237,MED,Stable,1,Neutral,Silver,1,0,Smartphone,97454273103,APPROVED,0.19669,0.2655315000000001
97458436626,10GB_Aggressive_HVC,Retention,0.3095,120,0.768,56.0,0,249,LOW,Stable,1,Neutral,Silver,1,0,Smartphone,97458436626,SOFTENED,0.263075,0.31569
97451089245,Device_Upgrade_iPhone,Upsell,0.3419,280,0.373,110.2,0,98,HIGH,Falling,0,Neutral,Gold,1,0,Smartphone,97451089245,APPROVED,0.29061499999999996,0.38070565
97459065446,Loyalty_Points_2x,Retention,0.3051,0,1.0,69.9,1,275,LOW,Stable,1,Positive,None,1,0,Smartphone,97459065446,SOFTENED,0.259335,0.3423222000000001
97455885443,Device_Upgrade_iPhone,Upsell,0.2012,280,0.365,73.2,2,344,MED,Stable,1,Neutral,Gold,0,1,Router/MiFi,97455885443,APPROVED,0.17101999999999998,0.17101999999999998
97452262241,Device_Upgrade_iPhone,Upsell,0.2084,280,0.288,22.9,3,88,HIGH,Falling,1,Positive,Gold,1,0,Tablet,97452262241,APPROVED,0.17714,0.24622460000000004
97453719613,Device_Upgrade_iPhone,Upsell,0.247,280,0.156,35.9,2,53,MED,Rising,0,Neutral,Silver,1,0,Smartphone,97453719613,APPROVED,0.20995,0.30022850000000006
97455986324,Device_Upgrade_iPhone,Upsell,0.1881,280,0.587,29.8,3,317,HIGH,Rising,0,Neutral,Silver,0,0,Feature Phone,97455986324,APPROVED,0.159885,0.159885
97453841229,10GB_Aggressive_HVC,Retention,0.4042,120,0.965,3.2,0,191,HIGH,Stable,0,Neutral,None,1,0,Smartphone,97453841229,APPROVED,0.34357,0.4294625000000001
97451977181,Device_Upgrade_iPhone,Upsell,0.1729,280,0.316,68.5,0,285,MED,Stable,1,Negative,Silver,1,0,Smartphone,97451977181,APPROVED,0.14696499999999998,0.18958485000000003
97456993899,Roaming_Daily_Pass,CrossSell,0.2688,60,0.37,40.0,0,125,MED,Stable,0,Neutral,Gold,1,1,Smartphone,97456993899,APPROVED,0.22848,0.28788480000000005
97457050160,Device_Upgrade_iPhone,Upsell,0.2114,280,0.314,58.9,3,182,MED,Falling,1,Neutral,Platinum,1,0,Router/MiFi,97457050160,APPROVED,0.17969,0.24976910000000005
97452069868,Device_Upgrade_iPhone,Upsell,0.2577,280,0.242,33.8,1,206,HIGH,Rising,1,Positive,None,0,0,Smartphone,97452069868,APPROVED,0.219045,0.219045
97453531103,10GB_Aggressive_HVC,Retention,0.4647,120,0.643,56.2,2,175,HIGH,Stable,1,Neutral,Silver,1,0,Router/MiFi,97453531103,APPROVED,0.394995,0.5411431500000001
97453194859,Device_Upgrade_iPhone,Upsell,0.2692,280,0.225,49.6,0,276,HIGH,Rising,1,Neutral,Silver,0,0,Smartphone,97453194859,APPROVED,0.22882,0.22882
97456934803,Device_Upgrade_iPhone,Upsell,0.1883,280,0.382,46.2,3,48,MED,Rising,0,Positive,None,1,0,Smartphone,97456934803,APPROVED,0.160055,0.22887865000000007
97457572659,Device_Upgrade_iPhone,Upsell,0.2427,280,0.108,101.0,2,169,MED,Stable,0,Neutral,None,0,0,Smartphone,97457572659,APPROVED,0.206295,0.206295
97457542950,Device_Upgrade_iPhone,Upsell,0.1835,280,0.101,72.0,1,336,MED,Falling,1,Negative,None,1,0,Smartphone,97457542950,APPROVED,0.155975,0.21992475000000006
97459448850,10GB_Aggressive_HVC,Retention,0.2383,120,0.192,9.9,2,33,LOW,Falling,0,Positive,Silver,1,0,Smartphone,97459448850,APPROVED,0.202555,0.27750035000000006
97457917826,10GB_Aggressive_HVC,Retention,0.2946,120,0.578,37.3,2,56,MED,Stable,0,Positive,None,1,0,Smartphone,97457917826,APPROVED,0.25040999999999997,0.3430617
97453886114,Device_Upgrade_iPhone,Upsell,0.3279,280,0.094,99.7,0,55,MED,Falling,1,Positive,Gold,1,0,Smartphone,97453886114,APPROVED,0.278715,0.4152853500000001
97451969668,Device_Upgrade_iPhone,Upsell,0.3015,280,0.443,36.9,3,41,MED,Rising,1,Neutral,None,1,0,Smartphone,97451969668,APPROVED,0.256275,0.3869752500000001
97456531784,Device_Upgrade_iPhone,Upsell,0.3277,280,0.308,82.9,0,272,LOW,Stable,0,Positive,None,1,0,Smartphone,97456531784,APPROVED,0.278545,0.35375215000000004
97459244105,10GB_Aggressive_HVC,Retention,0.2615,120,0.127,54.7,3,54,HIGH,Stable,0,Positive,Silver,1,0,Smartphone,97459244105,APPROVED,0.222275,0.30451675000000006
97459776396,Device_Upgrade_iPhone,Upsell,0.2922,280,0.251,104.7,3,234,MED,Stable,0,Neutral,Gold,1,0,Smartphone,97459776396,APPROVED,0.24837,0.32536470000000006
97453071925,1GB_plus_100mins,NBO,0.1618,40,0.074,61.9,2,247,MED,Stable,0,Neutral,Platinum,1,0,Feature Phone,97453071925,APPROVED,0.13752999999999999,0.18016430000000003
97453128098,Device_Upgrade_iPhone,Upsell,0.3324,280,0.118,53.7,0,59,MED,Rising,1,Positive,None,1,0,Smartphone,97453128098,APPROVED,0.28253999999999996,0.39273060000000004
97451336712,Device_Upgrade_iPhone,Upsell,0.3713,280,0.211,30.6,3,45,MED,Rising,1,Positive,None,1,0,Smartphone,97451336712,APPROVED,0.315605,0.47656355000000017
97452271359,Device_Upgrade_iPhone,Upsell,0.2722,280,0.077,90.8,0,44,LOW,Falling,1,Positive,Gold,0,0,Smartphone,97452271359,APPROVED,0.23137,0.23137
97455993671,Device_Upgrade_iPhone,Upsell,0.4114,280,0.363,95.6,3,145,MED,Rising,1,Positive,Gold,0,0,Smartphone,97455993671,APPROVED,0.34969,0.34969
97455921229,Device_Upgrade_iPhone,Upsell,0.4426,280,0.246,29.9,3,38,HIGH,Falling,1,Neutral,None,1,1,Feature Phone,97455921229,APPROVED,0.37621,0.5304561000000001
97454338300,Device_Upgrade_iPhone,Upsell,0.2376,280,0.233,64.8,3,22,MED,Rising,0,Neutral,None,1,0,IoT,97454338300,APPROVED,0.20196,0.2888028000000001
97453789598,10GB_Aggressive_HVC,Retention,0.4132,120,0.819,100.5,3,291,HIGH,Falling,1,Neutral,None,1,1,Feature Phone,97453789598,APPROVED,0.35122,0.5057568000000001
97458468106,Device_Upgrade_iPhone,Upsell,0.332,280,0.311,3.4,1,124,HIGH,Rising,1,Neutral,None,1,0,Smartphone,97458468106,APPROVED,0.2822,0.3979020000000001
97455140304,Device_Upgrade_iPhone,Upsell,0.4788,280,0.516,95.0,3,52,LOW,Rising,1,Neutral,Gold,1,0,Smartphone,97455140304,APPROVED,0.40698,0.630819
97458274262,Device_Upgrade_iPhone,Upsell,0.3155,280,0.403,51.0,2,68,MED,Rising,1,Positive,None,1,0,Smartphone,97458274262,APPROVED,0.268175,0.37812675000000007
97459668905,Device_Upgrade_iPhone,Upsell,0.4832,280,0.363,92.7,3,68,MED,Rising,1,Neutral,None,1,0,Smartphone,97459668905,APPROVED,0.41072000000000003,0.5791152000000002
97453854249,10GB_Aggressive_HVC,Retention,0.2843,120,0.198,77.2,2,42,HIGH,Stable,0,Neutral,Silver,1,0,Smartphone,97453854249,APPROVED,0.24165499999999998,0.33106735000000004
97452824644,1GB_plus_100mins,NBO,0.1757,40,0.48,31.3,3,270,MED,Stable,0,Positive,None,0,1,Smartphone,97452824644,APPROVED,0.149345,0.149345
97459576093,Home_Free_OoredooTV,CrossSell,0.1524,150,0.412,25.4,1,270,HIGH,Falling,0,Neutral,Gold,1,0,Router/MiFi,97459576093,APPROVED,0.12954000000000002,0.16969740000000005
97456713479,10GB_Aggressive_HVC,Retention,0.2104,120,0.107,58.4,2,40,HIGH,Rising,0,Neutral,Silver,0,0,Smartphone,97456713479,APPROVED,0.17884,0.17884
97453618260,Device_Upgrade_iPhone,Upsell,0.2773,280,0.049,59.1,3,294,HIGH,Falling,1,Positive,None,1,0,Smartphone,97453618260,APPROVED,0.235705,0.31820175000000006
97456596739,Loyalty_Points_2x,Retention,0.2097,0,0.561,58.9,2,97,HIGH,Stable,1,Neutral,Gold,1,1,Smartphone,97456596739,APPROVED,0.178245,0.24597810000000003
97455635513,Device_Upgrade_iPhone,Upsell,0.2187,280,0.177,52.5,2,251,MED,Rising,1,Neutral,Silver,1,0,Smartphone,97455635513,APPROVED,0.185895,0.2621119500000001
97459149788,Device_Upgrade_iPhone,Upsell,0.3043,280,0.297,86.3,2,97,LOW,Falling,0,Positive,Gold,1,0,Feature Phone,97459149788,APPROVED,0.258655,0.3388380500000001
97453303685,Device_Upgrade_iPhone,Upsell,0.2292,280,0.461,56.4,0,57,MED,Stable,1,Positive,Silver,1,0,Feature Phone,97453303685,APPROVED,0.19482,0.2591106
97459922444,Device_Upgrade_iPhone,Upsell,0.2275,280,0.189,52.9,2,36,MED,Stable,1,Positive,Silver,1,1,Smartphone,97459922444,APPROVED,0.193375,0.27265875000000006
97459424391,Device_Upgrade_iPhone,Upsell,0.294,280,0.453,89.2,3,268,LOW,Falling,1,Positive,Platinum,0,0,Smartphone,97459424391,APPROVED,0.24989999999999998,0.24989999999999998
97452626317,Device_Upgrade_iPhone,Upsell,0.3395,280,0.591,90.3,1,27,LOW,Falling,1,Positive,Platinum,1,0,Smartphone,97452626317,APPROVED,0.288575,0.4299767500000002
97452481470,Loyalty_Points_2x,Retention,0.2224,0,0.287,25.2,3,97,HIGH,Stable,0,Neutral,None,1,0,Smartphone,97452481470,APPROVED,0.18903999999999999,0.24008080000000004
97455798410,Device_Upgrade_iPhone,Upsell,0.1565,280,0.383,68.9,1,10,LOW,Stable,1,Negative,None,1,0,Smartphone,97455798410,APPROVED,0.133025,0.20086775000000007
97451404195,Device_Upgrade_iPhone,Upsell,0.299,280,0.147,12.7,3,59,LOW,Rising,1,Neutral,Gold,1,0,Router/MiFi,97451404195,APPROVED,0.25415,0.3939325
97453689181,Device_Upgrade_iPhone,Upsell,0.1497,280,0.532,52.1,1,197,LOW,Stable,1,Positive,None,0,0,Smartphone,97453689181,APPROVED,0.127245,0.127245
97454915873,10GB_Aggressive_HVC,Retention,0.3622,120,0.831,27.6,2,221,HIGH,Falling,1,Neutral,Platinum,1,0,Smartphone,97454915873,APPROVED,0.30787000000000003,0.43409670000000017
97459724358,Device_Upgrade_iPhone,Upsell,0.4616,280,0.592,84.1,3,312,HIGH,Falling,1,Neutral,Silver,1,0,Smartphone,97459724358,APPROVED,0.39236,0.5296860000000001
97459931379,Loyalty_Points_2x,Retention,0.2753,0,1.0,16.2,2,260,MED,Stable,0,Neutral,None,1,0,Smartphone,97459931379,APPROVED,0.234005,0.3205868500000001
97452363859,5G_Unlimited_Upgrade,Upsell,0.4446,200,0.103,81.6,3,7,HIGH,Rising,0,Neutral,None,1,0,Smartphone,97452363859,APPROVED,0.37790999999999997,0.5404113000000001
97459025094,Device_Upgrade_iPhone,Upsell,0.1938,280,0.067,19.6,0,304,LOW,Rising,0,Neutral,None,1,0,Smartphone,97459025094,APPROVED,0.16473,0.1993233
97451818359,Device_Upgrade_iPhone,Upsell,0.2285,280,0.216,62.3,1,164,MED,Falling,1,Neutral,Gold,1,0,Smartphone,97451818359,APPROVED,0.194225,0.2699727500000001
97457737471,Device_Upgrade_iPhone,Upsell,0.2988,280,0.47,80.0,0,20,MED,Stable,1,Neutral,Gold,1,0,Smartphone,97457737471,APPROVED,0.25398,0.3784302000000001
97458610783,Device_Upgrade_iPhone,Upsell,0.2208,280,0.367,46.3,1,207,MED,Rising,1,Neutral,None,1,1,Smartphone,97458610783,APPROVED,0.18767999999999999,0.25712160000000006
97459017131,Device_Upgrade_iPhone,Upsell,0.4355,280,0.424,112.8,2,103,MED,Stable,1,Positive,Platinum,1,0,Smartphone,97459017131,APPROVED,0.370175,0.5145432500000001
97453010761,Device_Upgrade_iPhone,Upsell,0.3457,280,0.296,87.3,0,65,HIGH,Falling,0,Positive,Silver,1,0,IoT,97453010761,APPROVED,0.293845,0.3731831500000001
97459041018,10GB_Aggressive_HVC,Retention,0.2479,120,0.228,66.7,2,7,MED,Rising,0,Positive,None,1,1,Smartphone,97459041018,APPROVED,0.210715,0.3034296000000001
97452043828,Device_Upgrade_iPhone,Upsell,0.2322,280,0.151,40.5,1,41,MED,Falling,1,Neutral,None,1,0,Tablet,97452043828,APPROVED,0.19737,0.28618650000000007
97455669724,Device_Upgrade_iPhone,Upsell,0.4222,280,0.45,101.7,0,12,MED,Stable,1,Neutral,Silver,1,0,Smartphone,97455669724,APPROVED,0.35887,0.5203615000000001
97455225907,Device_Upgrade_iPhone,Upsell,0.2239,280,0.574,60.3,0,69,HIGH,Stable,1,Neutral,None,1,0,Tablet,97455225907,APPROVED,0.19031499999999998,0.23408745000000003
97453843361,1GB_plus_100mins,NBO,0.1524,40,0.411,40.8,2,176,MED,Stable,0,Neutral,None,1,0,Smartphone,97453843361,APPROVED,0.12954000000000002,0.16451580000000005
97451199027,1GB_plus_100mins,NBO,0.133,40,0.245,26.0,1,341,LOW,Stable,0,Neutral,Gold,1,0,Smartphone,97451199027,APPROVED,0.11305,0.14809550000000002
97457948111,10GB_Aggressive_HVC,Retention,0.2733,120,0.109,36.1,1,45,HIGH,Stable,0,Neutral,None,1,0,Smartphone,97457948111,APPROVED,0.23230499999999998,0.31825785000000006
97454020252,Device_Upgrade_iPhone,Upsell,0.2117,280,0.234,38.6,1,14,MED,Falling,1,Neutral,Silver,1,0,Smartphone,97454020252,APPROVED,0.179945,0.2609202500000001
97456954950,Device_Upgrade_iPhone,Upsell,0.221,280,0.393,70.2,0,64,MED,Stable,1,Neutral,Silver,0,0,Smartphone,97456954950,REVIEW_CREDIT,0.18785,0.18785
97454691978,Device_Upgrade_iPhone,Upsell,0.3293,280,0.514,85.5,2,96,HIGH,Falling,1,Negative,Gold,1,0,Smartphone,97454691978,APPROVED,0.27990499999999996,0.40586225000000004
97454362919,Device_Upgrade_iPhone,Upsell,0.2381,280,0.409,40.7,2,53,MED,Stable,1,Neutral,None,1,0,Smartphone,97454362919,APPROVED,0.202385,0.2934582500000001
97458976662,Retention_Save_25pct,Retention,0.4164,90,0.782,70.7,3,2,LOW,Rising,0,Neutral,None,1,1,Smartphone,97458976662,SOFTENED,0.35394,0.5273706000000001
97451850199,Device_Upgrade_iPhone,Upsell,0.2214,280,0.359,35.3,3,79,LOW,Falling,1,Neutral,None,1,1,IoT,97451850199,APPROVED,0.18819,0.24652890000000005
97457629555,Device_Upgrade_iPhone,Upsell,0.3203,280,0.458,36.9,0,218,LOW,Rising,1,Neutral,None,1,0,Smartphone,97457629555,APPROVED,0.27225499999999997,0.35120895
97457721105,Device_Upgrade_iPhone,Upsell,0.2186,280,0.437,54.0,0,177,MED,Stable,1,Positive,Silver,1,1,Smartphone,97457721105,APPROVED,0.18580999999999998,0.2211139
97454419922,Device_Upgrade_iPhone,Upsell,0.246,280,0.246,29.2,3,87,LOW,Rising,1,Positive,Gold,1,1,Smartphone,97454419922,APPROVED,0.20909999999999998,0.29483100000000007
97453362144,Device_Upgrade_iPhone,Upsell,0.2355,280,0.217,30.7,0,55,HIGH,Falling,1,Neutral,Gold,1,0,Feature Phone,97453362144,APPROVED,0.200175,0.27423975000000006
97451047763,Device_Upgrade_iPhone,Upsell,0.3304,280,0.271,51.6,2,315,HIGH,Falling,1,Neutral,None,1,1,Smartphone,97451047763,APPROVED,0.28084000000000003,0.3679004000000001
97459431317,Device_Upgrade_iPhone,Upsell,0.2249,280,0.537,17.5,1,272,MED,Stable,1,Neutral,Silver,1,0,Router/MiFi,97459431317,APPROVED,0.19116499999999997,0.25807275
97459529582,Device_Upgrade_iPhone,Upsell,0.2438,280,0.355,3.7,0,273,HIGH,Rising,0,Neutral,None,1,0,Smartphone,97459529582,APPROVED,0.20723,0.25074830000000004
97453168734,10GB_Aggressive_HVC,Retention,0.2184,120,0.4,72.4,2,56,LOW,Falling,0,Neutral,Silver,1,0,Smartphone,97453168734,APPROVED,0.18564,0.2543268000000001
97451287199,1GB_plus_100mins,NBO,0.1304,40,0.337,64.2,3,285,LOW,Stable,0,Positive,Silver,1,0,Smartphone,97451287199,APPROVED,0.11083999999999998,0.1407668
97452104821,Device_Upgrade_iPhone,Upsell,0.2493,280,0.462,68.1,3,67,MED,Stable,1,Neutral,None,1,0,Smartphone,97452104821,APPROVED,0.21190499999999998,0.28607175000000007
97451608785,Device_Upgrade_iPhone,Upsell,0.2375,280,0.585,56.5,0,195,LOW,Stable,1,Neutral,Silver,1,0,IoT,97451608785,APPROVED,0.201875,0.24830625000000003
97458480013,Device_Upgrade_iPhone,Upsell,0.3362,280,0.044,92.5,1,204,LOW,Stable,0,Neutral,Silver,1,0,Smartphone,97458480013,APPROVED,0.28576999999999997,0.3629279
97459027202,Device_Upgrade_iPhone,Upsell,0.3756,280,0.387,99.2,3,260,HIGH,Stable,0,Neutral,None,1,0,Smartphone,97459027202,APPROVED,0.31926,0.40546020000000005
97452379558,1GB_plus_100mins,NBO,0.1479,40,0.349,50.8,1,233,MED,Stable,0,Neutral,Gold,1,0,Smartphone,97452379558,APPROVED,0.125715,0.16468665000000002
97457720654,Device_Upgrade_iPhone,Upsell,0.2001,280,0.534,62.4,2,224,MED,Rising,0,Positive,None,1,0,Smartphone,97457720654,APPROVED,0.170085,0.22621305000000003
97452613414,Device_Upgrade_iPhone,Upsell,0.1904,280,0.258,17.2,1,182,MED,Stable,1,Neutral,Silver,0,0,Smartphone,97452613414,REVIEW_CREDIT,0.16184,0.16184
97454304880,10GB_Aggressive_HVC,Retention,0.1446,120,0.564,63.3,1,324,LOW,Falling,0,Negative,None,1,0,Smartphone,97454304880,APPROVED,0.12291,0.16347030000000004
97456394444,1GB_plus_100mins,NBO,0.1742,40,0.068,35.6,0,176,HIGH,Falling,0,Positive,None,1,0,Smartphone,97456394444,APPROVED,0.14806999999999998,0.1702805
97457479340,Device_Upgrade_iPhone,Upsell,0.3232,280,0.142,83.4,2,25,HIGH,Stable,0,Positive,None,1,1,Feature Phone,97457479340,APPROVED,0.27471999999999996,0.3653776
97458871057,Device_Upgrade_iPhone,Upsell,0.2761,280,0.174,60.0,2,46,MED,Rising,1,Neutral,Silver,1,0,Smartphone,97458871057,APPROVED,0.234685,0.3543743500000001
97451403063,200mins_Upsell,Upsell,0.2924,35,0.365,80.6,3,16,MED,Rising,0,Positive,Gold,1,1,Smartphone,97451403063,APPROVED,0.24853999999999998,0.35541220000000007
97452767911,Device_Upgrade_iPhone,Upsell,0.3802,280,0.372,15.4,3,15,MED,Rising,1,Neutral,None,1,0,Router/MiFi,97452767911,APPROVED,0.32316999999999996,0.4879867000000001
97453524577,Device_Upgrade_iPhone,Upsell,0.2065,280,0.353,25.7,3,91,HIGH,Falling,1,Neutral,None,1,1,Smartphone,97453524577,APPROVED,0.175525,0.22993775000000002
97453792912,Device_Upgrade_iPhone,Upsell,0.1879,280,0.143,74.3,3,240,HIGH,Falling,1,Neutral,Silver,0,0,Smartphone,97453792912,APPROVED,0.159715,0.159715
97459982249,Device_Upgrade_iPhone,Upsell,0.3017,280,0.423,50.7,1,78,HIGH,Rising,1,Neutral,None,1,0,Smartphone,97459982249,APPROVED,0.25644500000000003,0.36158745000000014
97457996642,1GB_plus_100mins,NBO,0.1664,40,0.122,51.3,2,189,HIGH,Stable,0,Positive,Silver,1,0,Smartphone,97457996642,APPROVED,0.14143999999999998,0.1796288
97453883754,Device_Upgrade_iPhone,Upsell,0.2845,280,0.193,67.3,3,317,LOW,Rising,1,Neutral,None,1,0,Smartphone,97453883754,REVIEW_CREDIT,0.24182499999999998,0.32888200000000006
97459746436,Device_Upgrade_iPhone,Upsell,0.1761,280,0.394,25.9,1,332,LOW,Stable,1,Positive,Silver,0,1,Smartphone,97459746436,APPROVED,0.149685,0.149685
97455493762,10GB_Aggressive_HVC,Retention,0.2619,120,0.39,73.9,0,3,MED,Stable,0,Neutral,None,1,0,Smartphone,97455493762,APPROVED,0.222615,0.27826875000000006
97455506670,Device_Upgrade_iPhone,Upsell,0.1975,280,0.319,79.5,0,28,MED,Falling,1,Neutral,None,0,1,Smartphone,97455506670,APPROVED,0.167875,0.167875
97454903289,Device_Upgrade_iPhone,Upsell,0.2228,280,0.254,37.9,0,345,MED,Stable,1,Positive,None,1,0,Smartphone,97454903289,APPROVED,0.18938,0.23293740000000002
97452295077,Device_Upgrade_iPhone,Upsell,0.2319,280,0.247,21.7,3,116,MED,Stable,1,Neutral,None,1,1,Feature Phone,97452295077,APPROVED,0.19711499999999998,0.25822065000000005
97459409351,Device_Upgrade_iPhone,Upsell,0.3528,280,0.152,79.9,2,141,MED,Rising,1,Neutral,Silver,1,0,Smartphone,97459409351,APPROVED,0.29988,0.42283080000000006
97451125426,1GB_plus_100mins,NBO,0.1429,40,0.295,41.4,1,357,LOW,Stable,0,Positive,None,1,0,IoT,97451125426,APPROVED,0.12146499999999999,0.15426055000000002
97452568506,Device_Upgrade_iPhone,Upsell,0.2521,280,0.108,39.1,0,27,LOW,Stable,1,Positive,Silver,1,0,Smartphone,97452568506,APPROVED,0.21428499999999998,0.28499905000000003
97453066904,Device_Upgrade_iPhone,Upsell,0.4392,280,0.202,95.3,0,26,MED,Rising,1,Positive,Platinum,0,0,Smartphone,97453066904,APPROVED,0.37332,0.37332
97453513677,Device_Upgrade_iPhone,Upsell,0.2024,280,0.236,39.6,3,313,LOW,Rising,0,Positive,Silver,1,0,Smartphone,97453513677,APPROVED,0.17204,0.22881320000000005
97452186399,5G_Unlimited_Upgrade,Upsell,0.1977,200,0.079,80.5,0,198,MED,Stable,0,Positive,Silver,1,0,Smartphone,97452186399,APPROVED,0.16804499999999997,0.21341715
97451161652,10GB_Aggressive_HVC,Retention,0.2309,120,0.025,24.6,1,35,MED,Stable,0,Neutral,None,1,0,Smartphone,97451161652,APPROVED,0.196265,0.26888305000000007
97457098927,Device_Upgrade_iPhone,Upsell,0.3326,280,0.276,80.5,2,133,MED,Stable,1,Neutral,Platinum,1,0,Smartphone,97457098927,APPROVED,0.28271,0.3929669000000001
97459723788,Device_Upgrade_iPhone,Upsell,0.3756,280,0.554,98.6,1,139,MED,Falling,1,Neutral,Silver,1,0,IoT,97459723788,APPROVED,0.31926,0.4310010000000001
97452096492,Device_Upgrade_iPhone,Upsell,0.2582,280,0.398,25.5,2,27,LOW,Stable,1,Neutral,None,1,1,Smartphone,97452096492,APPROVED,0.21946999999999997,0.3094527
97453668816,Device_Upgrade_iPhone,Upsell,0.2914,280,0.234,87.4,1,281,MED,Falling,1,Neutral,None,0,0,Smartphone,97453668816,APPROVED,0.24769,0.24769
97455556968,Device_Upgrade_iPhone,Upsell,0.4973,280,0.369,92.6,2,40,MED,Falling,0,Neutral,None,1,0,Smartphone,97455556968,APPROVED,0.422705,0.5791058500000001
97459347520,Device_Upgrade_iPhone,Upsell,0.2763,280,0.554,81.4,1,332,MED,Rising,0,Neutral,Gold,1,0,Smartphone,97459347520,APPROVED,0.23485499999999998,0.32175135000000005
97457248361,Device_Upgrade_iPhone,Upsell,0.5223,280,0.357,45.4,3,10,MED,Rising,1,Neutral,Gold,1,0,Smartphone,97457248361,APPROVED,0.443955,0.68813025
97457895692,Device_Upgrade_iPhone,Upsell,0.3392,280,0.26,61.3,0,293,HIGH,Rising,1,Positive,Silver,1,0,Smartphone,97457895692,APPROVED,0.28832,0.3719328000000001
97456230048,Device_Upgrade_iPhone,Upsell,0.4775,280,0.767,111.5,3,274,MED,Rising,1,Neutral,None,1,0,Smartphone,97456230048,REVIEW_CREDIT,0.405875,0.5519900000000001
97454753321,Device_Upgrade_iPhone,Upsell,0.3678,280,0.184,87.3,1,8,HIGH,Stable,0,Neutral,Silver,1,1,Smartphone,97454753321,APPROVED,0.31263,0.4157979000000001
97452797980,Device_Upgrade_iPhone,Upsell,0.2921,280,0.496,70.3,1,24,MED,Stable,1,Neutral,None,1,1,Smartphone,97452797980,APPROVED,0.248285,0.3500818500000001
97458778828,Device_Upgrade_iPhone,Upsell,0.2736,280,0.143,17.2,0,68,MED,Rising,1,Neutral,None,1,0,Smartphone,97458778828,APPROVED,0.23256,0.30000240000000006
97458237119,Device_Upgrade_iPhone,Upsell,0.3184,280,0.38,89.2,0,12,MED,Stable,0,Neutral,Silver,0,0,Smartphone,97458237119,APPROVED,0.27064,0.27064
97451225911,Device_Upgrade_iPhone,Upsell,0.3424,280,0.534,105.8,0,76,LOW,Falling,0,Positive,Silver,1,0,Smartphone,97451225911,APPROVED,0.29103999999999997,0.3696208
97457438663,Device_Upgrade_iPhone,Upsell,0.2157,280,0.45,55.0,2,268,MED,Falling,1,Neutral,None,1,0,Smartphone,97457438663,APPROVED,0.183345,0.24751575000000006
97451759492,Device_Upgrade_iPhone,Upsell,0.2664,280,0.198,56.8,3,9,HIGH,Falling,1,Neutral,Silver,1,0,Smartphone,97451759492,APPROVED,0.22644,0.3283380000000001
97457650855,10GB_Aggressive_HVC,Retention,0.235,120,0.448,67.5,2,34,MED,Stable,0,Neutral,None,1,1,Smartphone,97457650855,APPROVED,0.19974999999999998,0.28764000000000006
97458433583,10GB_Aggressive_HVC,Retention,0.3478,120,0.641,22.5,3,148,HIGH,Stable,0,Neutral,Silver,1,0,Smartphone,97458433583,APPROVED,0.29563,0.4050131000000001
97452179519,Device_Upgrade_iPhone,Upsell,0.392,280,0.625,90.1,3,303,LOW,Stable,1,Positive,None,1,0,Smartphone,97452179519,REVIEW_CREDIT,0.3332,0.4331600000000001
97454904522,Device_Upgrade_iPhone,Upsell,0.3161,280,0.288,88.3,3,93,MED,Stable,1,Neutral,Silver,1,1,Smartphone,97454904522,REVIEW_CREDIT,0.268685,0.3385431000000001
97452113784,Device_Upgrade_iPhone,Upsell,0.1599,280,0.128,73.5,2,143,MED,Rising,0,Negative,Gold,1,0,Smartphone,97452113784,APPROVED,0.13591499999999998,0.19435845000000002
97456105539,Device_Upgrade_iPhone,Upsell,0.1043,280,0.202,7.7,1,271,MED,Stable,0,Positive,Silver,0,0,Smartphone,97456105539,APPROVED,0.088655,0.088655
97459348062,Device_Upgrade_iPhone,Upsell,0.2054,280,0.415,76.8,0,237,LOW,Stable,1,Positive,Silver,1,0,Smartphone,97459348062,APPROVED,0.17459,0.21474570000000004
97451727825,Device_Upgrade_iPhone,Upsell,0.2439,280,0.271,38.5,1,158,MED,Stable,1,Neutral,Silver,1,0,Smartphone,97451727825,APPROVED,0.207315,0.2798752500000001
97454578203,Loyalty_Points_2x,Retention,0.1668,0,0.233,44.1,0,6,LOW,Falling,0,Neutral,None,1,0,Smartphone,97454578203,APPROVED,0.14178,0.17722500000000002
97459758083,Loyalty_Points_2x,Retention,0.1762,0,0.157,35.2,0,75,HIGH,Falling,0,Neutral,None,1,0,Smartphone,97459758083,APPROVED,0.14977,0.1722355
97453708537,Retention_Save_25pct,Retention,0.3673,90,0.924,30.7,3,165,HIGH,Rising,1,Positive,None,1,0,Tablet,97453708537,APPROVED,0.312205,0.4277208500000001
97452189950,Device_Upgrade_iPhone,Upsell,0.164,280,0.115,39.1,1,167,MED,Stable,1,Neutral,Silver,0,0,Smartphone,97452189950,APPROVED,0.1394,0.1394
97455397255,Device_Upgrade_iPhone,Upsell,0.4239,280,0.212,82.5,0,17,MED,Rising,1,Neutral,Gold,0,0,Smartphone,97455397255,APPROVED,0.360315,0.360315
97455575352,Retention_Save_25pct,Retention,0.4377,90,0.672,70.2,0,73,HIGH,Rising,1,Neutral,Silver,1,0,Router/MiFi,97455575352,APPROVED,0.37204499999999996,0.46505625
97456965777,Device_Upgrade_iPhone,Upsell,0.2075,280,0.366,6.7,0,346,MED,Stable,1,Neutral,None,1,0,Smartphone,97456965777,APPROVED,0.17637499999999998,0.21694125
97453823637,Device_Upgrade_iPhone,Upsell,0.3105,280,0.128,105.9,3,115,MED,Stable,0,Positive,None,1,0,Smartphone,97453823637,APPROVED,0.26392499999999997,0.33518475000000003
97459600608,Device_Upgrade_iPhone,Upsell,0.1975,280,0.523,29.7,2,200,MED,Stable,1,Neutral,None,1,1,Smartphone,97459600608,APPROVED,0.167875,0.21991625000000004
97455689204,Device_Upgrade_iPhone,Upsell,0.2099,280,0.241,60.7,0,91,MED,Stable,1,Positive,Gold,1,0,Smartphone,97455689204,REVIEW_CREDIT,0.178415,0.21766630000000003
97453578015,Loyalty_Points_2x,Retention,0.1778,0,0.462,57.1,2,52,LOW,Falling,0,Positive,None,1,0,Smartphone,97453578015,APPROVED,0.15113000000000001,0.20704810000000007
97459642559,Device_Upgrade_iPhone,Upsell,0.2125,280,0.147,63.8,3,203,MED,Stable,1,Positive,None,1,0,IoT,97459642559,APPROVED,0.18062499999999998,0.24384375000000003
97459323274,Device_Upgrade_iPhone,Upsell,0.2125,280,0.339,53.2,1,63,LOW,Stable,1,Neutral,None,1,0,Smartphone,97459323274,APPROVED,0.18062499999999998,0.24384375000000003
97455492482,10GB_Aggressive_HVC,Retention,0.2429,120,0.521,38.0,0,9,LOW,Stable,0,Positive,Silver,1,0,Smartphone,97455492482,APPROVED,0.206465,0.25808125000000004
97451223735,1GB_plus_100mins,NBO,0.1605,40,0.447,61.9,3,364,MED,Falling,0,Neutral,Gold,1,0,Router/MiFi,97451223735,APPROVED,0.136425,0.17871675000000004
97456372424,Device_Upgrade_iPhone,Upsell,0.1261,280,0.213,54.7,3,111,HIGH,Falling,1,Negative,None,0,0,Smartphone,97456372424,APPROVED,0.10718499999999999,0.10718499999999999
97455996781,Device_Upgrade_iPhone,Upsell,0.4344,280,0.226,94.2,1,9,HIGH,Rising,0,Positive,None,1,0,Smartphone,97455996781,APPROVED,0.36924,0.5280132000000002
97452333875,Loyalty_Points_2x,Retention,0.1693,0,0.098,24.2,0,75,HIGH,Stable,0,Positive,Gold,1,0,Feature Phone,97452333875,APPROVED,0.143905,0.17124695000000004
97456705775,Device_Upgrade_iPhone,Upsell,0.2084,280,0.256,49.3,3,199,LOW,Falling,1,Positive,None,1,0,Smartphone,97456705775,APPROVED,0.17714,0.23913900000000005
97458567141,Device_Upgrade_iPhone,Upsell,0.2362,280,0.068,62.5,1,251,MED,Stable,1,Neutral,None,1,0,Smartphone,97458567141,APPROVED,0.20076999999999998,0.27103950000000004
97451953076,Device_Upgrade_iPhone,Upsell,0.1927,280,0.164,73.7,2,157,LOW,Rising,0,Positive,None,1,0,Smartphone,97451953076,APPROVED,0.163795,0.21784735000000005
97457509902,5G_Unlimited_Upgrade,Upsell,0.2398,200,0.112,80.0,2,253,HIGH,Falling,0,Neutral,Silver,1,1,Smartphone,97457509902,APPROVED,0.20383,0.25071090000000007
97452263056,Roaming_Daily_Pass,CrossSell,0.1816,60,0.417,44.5,1,14,HIGH,Falling,0,Positive,None,1,1,Smartphone,97452263056,APPROVED,0.15436,0.22227840000000004
97457739435,Device_Upgrade_iPhone,Upsell,0.3441,280,0.19,97.8,0,58,MED,Stable,1,Neutral,None,1,0,Smartphone,97457739435,APPROVED,0.292485,0.4241032500000001
97454772028,10GB_Aggressive_HVC,Retention,0.2017,120,0.676,38.4,1,104,MED,Stable,0,Negative,None,1,0,Smartphone,97454772028,APPROVED,0.171445,0.24516635000000003
97451058599,Device_Upgrade_iPhone,Upsell,0.3255,280,0.591,101.1,1,22,LOW,Rising,0,Neutral,Gold,0,0,Smartphone,97451058599,APPROVED,0.276675,0.276675
97459696086,Retention_Save_25pct,Retention,0.3191,90,0.735,55.6,3,259,HIGH,Rising,0,Neutral,Platinum,1,0,Smartphone,97459696086,APPROVED,0.271235,0.3824413500000001
97452493733,Device_Upgrade_iPhone,Upsell,0.4182,280,0.592,107.6,3,22,LOW,Stable,1,Positive,Platinum,1,1,Smartphone,97452493733,REVIEW_CREDIT,0.35547,0.49765800000000016
97456364382,Device_Upgrade_iPhone,Upsell,0.2401,280,0.175,54.0,2,89,LOW,Rising,1,Negative,Silver,1,0,Smartphone,97456364382,APPROVED,0.204085,0.30000495000000005
97452633213,Device_Upgrade_iPhone,Upsell,0.243,280,0.429,32.4,1,39,LOW,Stable,1,Positive,Platinum,1,1,Smartphone,97452633213,APPROVED,0.20654999999999998,0.2994975000000001
97459397208,Device_Upgrade_iPhone,Upsell,0.2592,280,0.088,107.1,2,182,LOW,Falling,1,Negative,None,1,0,Smartphone,97459397208,APPROVED,0.22032,0.31065120000000007
97457644929,Device_Upgrade_iPhone,Upsell,0.302,280,0.114,67.6,0,62,MED,Rising,1,Neutral,Silver,1,0,Smartphone,97457644929,APPROVED,0.2567,0.331143
97458239247,Device_Upgrade_iPhone,Upsell,0.3819,280,0.195,107.0,2,32,HIGH,Stable,1,Positive,Gold,1,0,Router/MiFi,97458239247,APPROVED,0.324615,0.48367635000000014
97454888718,10GB_Aggressive_HVC,Retention,0.2347,120,0.036,10.7,0,36,LOW,Falling,0,Neutral,Silver,1,0,Smartphone,97454888718,APPROVED,0.19949499999999998,0.24936875000000003
97455206433,Device_Upgrade_iPhone,Upsell,0.2917,280,0.33,69.4,2,57,MED,Rising,1,Neutral,None,1,0,Smartphone,97455206433,APPROVED,0.247945,0.3743969500000001
97456708709,Device_Upgrade_iPhone,Upsell,0.2809,280,0.083,85.8,3,338,MED,Stable,0,Positive,None,1,1,Feature Phone,97456708709,APPROVED,0.23876499999999998,0.29368095
97458062870,Device_Upgrade_iPhone,Upsell,0.4933,280,0.268,100.9,1,301,MED,Rising,1,Neutral,Silver,1,0,Smartphone,97458062870,APPROVED,0.419305,0.5912200500000001
97458622815,Device_Upgrade_iPhone,Upsell,0.2924,280,0.248,34.4,2,59,HIGH,Stable,1,Neutral,Silver,1,0,Smartphone,97458622815,APPROVED,0.24853999999999998,0.36038300000000006
97451160531,Device_Upgrade_iPhone,Upsell,0.2851,280,0.207,48.0,0,327,MED,Rising,1,Positive,Silver,1,0,Smartphone,97451160531,APPROVED,0.24233500000000002,0.3126121500000001
97456972051,Device_Upgrade_iPhone,Upsell,0.2453,280,0.052,36.9,3,16,HIGH,Rising,1,Neutral,Silver,1,1,Smartphone,97456972051,APPROVED,0.208505,0.3065023500000001
97451982295,Device_Upgrade_iPhone,Upsell,0.2175,280,0.066,20.0,2,218,MED,Rising,0,Neutral,None,1,0,Smartphone,97451982295,APPROVED,0.18487499999999998,0.24588375000000004
97453591385,Device_Upgrade_iPhone,Upsell,0.3156,280,0.158,92.4,0,152,LOW,Stable,0,Neutral,None,1,0,Smartphone,97453591385,APPROVED,0.26826,0.34069020000000005
97458464856,Device_Upgrade_iPhone,Upsell,0.5015,280,0.441,85.9,0,170,HIGH,Rising,1,Neutral,None,1,0,Smartphone,97458464856,APPROVED,0.42627499999999996,0.6010477500000001
97453254618,Device_Upgrade_iPhone,Upsell,0.1833,280,0.405,14.2,0,273,MED,Stable,1,Positive,Silver,0,0,Smartphone,97453254618,APPROVED,0.155805,0.155805
97458171352,200mins_Upsell,Upsell,0.2725,35,0.505,80.7,2,257,HIGH,Falling,0,Neutral,None,1,1,Smartphone,97458171352,APPROVED,0.231625,0.28489875000000003
97455167069,Device_Upgrade_iPhone,Upsell,0.2972,280,0.166,68.3,1,45,HIGH,Stable,1,Neutral,None,1,0,Smartphone,97455167069,APPROVED,0.25262,0.3662990000000001
97453093766,Device_Upgrade_iPhone,Upsell,0.4894,280,0.237,96.7,0,38,HIGH,Rising,1,Positive,Silver,1,0,Tablet,97453093766,APPROVED,0.41598999999999997,0.6281449000000001
97454008197,1GB_plus_100mins,NBO,0.1491,40,0.275,42.1,2,302,MED,Falling,0,Positive,None,1,0,Smartphone,97454008197,APPROVED,0.12673500000000001,0.16095345000000005
97455776925,Device_Upgrade_iPhone,Upsell,0.2146,280,0.272,65.4,1,341,LOW,Falling,1,Neutral,None,1,0,Smartphone,97455776925,APPROVED,0.18241000000000002,0.24625350000000007
97457886323,Device_Upgrade_iPhone,Upsell,0.4237,280,0.315,83.6,1,101,LOW,Rising,0,Positive,None,1,0,Tablet,97457886323,APPROVED,0.360145,0.4789928500000001
97456454141,Device_Upgrade_iPhone,Upsell,0.3062,280,0.251,60.4,2,296,LOW,Rising,1,Neutral,None,1,0,Feature Phone,97456454141,APPROVED,0.26027,0.3669807000000001
97459399013,Device_Upgrade_iPhone,Upsell,0.3254,280,0.354,69.7,3,221,HIGH,Rising,1,Positive,None,1,0,Smartphone,97459399013,APPROVED,0.27659,0.3899919000000001
97458809649,Device_Upgrade_iPhone,Upsell,0.4345,280,0.11,106.5,0,239,HIGH,Rising,0,Neutral,Platinum,1,0,Smartphone,97458809649,APPROVED,0.369325,0.5059752500000001
97457780181,Device_Upgrade_iPhone,Upsell,0.2984,280,0.11,67.7,1,200,LOW,Rising,1,Positive,Silver,1,0,IoT,97457780181,APPROVED,0.25364,0.3576324000000001
97456427963,Device_Upgrade_iPhone,Upsell,0.3831,280,0.299,84.0,2,41,MED,Stable,1,Positive,Gold,1,1,Smartphone,97456427963,APPROVED,0.325635,0.47217075000000014
97453608702,Device_Upgrade_iPhone,Upsell,0.174,280,0.446,34.3,1,293,LOW,Stable,1,Neutral,Silver,0,0,Smartphone,97453608702,APPROVED,0.14789999999999998,0.14789999999999998
97454713143,Device_Upgrade_iPhone,Upsell,0.333,280,0.238,92.0,3,91,LOW,Falling,0,Neutral,Platinum,1,0,Router/MiFi,97454713143,APPROVED,0.28305,0.3707955000000001
97452070048,Device_Upgrade_iPhone,Upsell,0.2465,280,0.686,66.5,3,30,MED,Rising,1,Neutral,None,0,0,Smartphone,97452070048,APPROVED,0.209525,0.209525
97454367656,Device_Upgrade_iPhone,Upsell,0.2591,280,0.202,68.9,2,8,LOW,Rising,0,Neutral,None,0,0,Smartphone,97454367656,APPROVED,0.220235,0.220235
97459338249,Device_Upgrade_iPhone,Upsell,0.362,280,0.249,101.2,0,135,MED,Stable,1,Neutral,Silver,1,1,Tablet,97459338249,APPROVED,0.3077,0.40308700000000003
97454832938,Device_Upgrade_iPhone,Upsell,0.2209,280,0.398,31.4,2,313,LOW,Falling,1,Positive,None,1,0,Smartphone,97454832938,APPROVED,0.18776500000000002,0.2534827500000001
97452023559,Device_Upgrade_iPhone,Upsell,0.1843,280,0.073,73.2,0,280,LOW,Falling,1,Neutral,Silver,1,1,Smartphone,97452023559,APPROVED,0.156655,0.18641945000000001
97456867378,10GB_Aggressive_HVC,Retention,0.2714,120,0.652,72.7,3,147,LOW,Stable,1,Positive,Silver,0,0,Smartphone,97456867378,SOFTENED,0.23068999999999998,0.23068999999999998
97459663532,Device_Upgrade_iPhone,Upsell,0.2707,280,0.496,87.0,3,43,HIGH,Falling,1,Negative,None,1,0,Smartphone,97459663532,APPROVED,0.230095,0.3474434500000001
97458807414,Device_Upgrade_iPhone,Upsell,0.3604,280,0.495,98.2,0,204,LOW,Falling,0,Neutral,None,1,0,Smartphone,97458807414,APPROVED,0.30634,0.38905180000000006
97453466687,Device_Upgrade_iPhone,Upsell,0.38,280,0.065,92.1,1,362,LOW,Falling,1,Positive,Silver,1,0,Smartphone,97453466687,APPROVED,0.323,0.4360500000000001
97455085071,Device_Upgrade_iPhone,Upsell,0.3892,280,0.474,84.2,3,60,LOW,Falling,1,Positive,Platinum,0,0,Smartphone,97455085071,REVIEW_CREDIT,0.33082,0.33082
97455779148,Device_Upgrade_iPhone,Upsell,0.1858,280,0.234,61.9,2,2,MED,Rising,1,Positive,Gold,1,1,Smartphone,97455779148,APPROVED,0.15793,0.23847430000000006
97453230555,Device_Upgrade_iPhone,Upsell,0.1755,280,0.288,62.8,0,241,LOW,Rising,1,Neutral,None,1,1,Smartphone,97453230555,APPROVED,0.14917499999999997,0.18646875
97453418227,Device_Upgrade_iPhone,Upsell,0.226,280,0.394,50.0,0,20,MED,Stable,1,Positive,None,1,0,Smartphone,97453418227,APPROVED,0.1921,0.255493
97453129961,Device_Upgrade_iPhone,Upsell,0.181,280,0.259,66.8,3,130,MED,Stable,1,Neutral,None,1,1,Router/MiFi,97453129961,APPROVED,0.15385,0.20154350000000001
97459951230,Device_Upgrade_iPhone,Upsell,0.3461,280,0.101,105.4,0,140,MED,Falling,0,Neutral,None,1,0,Router/MiFi,97459951230,APPROVED,0.29418500000000003,0.3736149500000001
97457714127,10GB_Aggressive_HVC,Retention,0.3157,120,0.571,68.5,0,37,MED,Falling,0,Neutral,None,1,0,Router/MiFi,97457714127,APPROVED,0.268345,0.33543125000000007
97458567706,10GB_Aggressive_HVC,Retention,0.2338,120,0.176,42.0,1,39,MED,Stable,0,Positive,None,1,0,Smartphone,97458567706,APPROVED,0.19873,0.27226010000000006
97458349118,1GB_plus_100mins,NBO,0.1592,40,0.373,49.8,1,266,MED,Falling,0,Neutral,Gold,1,0,Smartphone,97458349118,APPROVED,0.13532,0.17726920000000004
97459632290,1GB_plus_100mins,NBO,0.2102,40,0.248,39.1,0,309,HIGH,Falling,0,Neutral,None,1,0,Smartphone,97459632290,APPROVED,0.17867,0.20547050000000003
97451947502,Device_Upgrade_iPhone,Upsell,0.3479,280,0.186,109.4,2,41,MED,Falling,0,Neutral,None,1,0,Smartphone,97451947502,APPROVED,0.295715,0.4051295500000001
97458934691,Device_Upgrade_iPhone,Upsell,0.2632,280,0.183,70.8,2,19,LOW,Falling,1,Neutral,None,1,0,Smartphone,97458934691,APPROVED,0.22371999999999997,0.32439400000000007
97451599029,Device_Upgrade_iPhone,Upsell,0.1989,280,0.267,19.8,1,188,LOW,Stable,1,Positive,None,1,0,Feature Phone,97451599029,APPROVED,0.169065,0.22823775000000004
97455278788,Device_Upgrade_iPhone,Upsell,0.2244,280,0.266,56.7,3,357,MED,Falling,1,Positive,Platinum,1,0,Smartphone,97455278788,APPROVED,0.19074,0.26512860000000005
97456349902,Device_Upgrade_iPhone,Upsell,0.3566,280,0.389,85.1,0,281,HIGH,Stable,1,Positive,Gold,0,1,Smartphone,97456349902,APPROVED,0.30311,0.30311
97454220749,5G_Unlimited_Upgrade,Upsell,0.2651,200,0.149,79.1,3,6,HIGH,Stable,0,Neutral,Silver,1,0,Smartphone,97454220749,APPROVED,0.225335,0.3087089500000001
97452315559,Device_Upgrade_iPhone,Upsell,0.342,280,0.027,78.1,1,255,LOW,Rising,1,Positive,Silver,1,0,Smartphone,97452315559,APPROVED,0.2907,0.4098870000000001
97452730711,Device_Upgrade_iPhone,Upsell,0.3129,280,0.625,85.4,1,148,MED,Rising,0,Neutral,None,1,1,Smartphone,97452730711,APPROVED,0.265965,0.34309485000000006
97458421976,Device_Upgrade_iPhone,Upsell,0.2976,280,0.213,4.2,3,321,MED,Stable,1,Neutral,Gold,1,0,Smartphone,97458421976,APPROVED,0.25295999999999996,0.35161440000000005
97453868514,Loyalty_Points_2x,Retention,0.1493,0,0.215,57.4,0,40,HIGH,Stable,0,Positive,None,0,1,Smartphone,97453868514,APPROVED,0.126905,0.126905
97453793011,1GB_plus_100mins,NBO,0.1601,40,0.018,35.2,1,352,MED,Stable,0,Positive,Gold,1,1,Tablet,97453793011,APPROVED,0.13608499999999998,0.17827135000000002
97459310255,Roaming_Daily_Pass,CrossSell,0.2425,60,0.243,77.5,1,37,MED,Falling,0,Neutral,Silver,1,0,Smartphone,97459310255,APPROVED,0.206125,0.2823912500000001
97452294847,10GB_Aggressive_HVC,Retention,0.2848,120,0.113,38.3,3,16,LOW,Rising,0,Neutral,Platinum,0,0,Smartphone,97452294847,APPROVED,0.24208,0.24208
97459237401,Device_Upgrade_iPhone,Upsell,0.3236,280,0.192,37.9,1,17,MED,Rising,1,Neutral,None,1,0,Smartphone,97459237401,APPROVED,0.27505999999999997,0.41534060000000006
97459288733,Device_Upgrade_iPhone,Upsell,0.2843,280,0.326,19.3,2,5,MED,Stable,1,Positive,Gold,1,0,Smartphone,97459288733,APPROVED,0.24165499999999998,0.3600659500000001
97456387036,5G_Unlimited_Upgrade,Upsell,0.241,200,0.165,78.4,3,37,MED,Falling,0,Positive,Silver,1,0,Smartphone,97456387036,APPROVED,0.20484999999999998,0.2806445
97452489785,1GB_plus_100mins,NBO,0.1301,40,0.028,21.4,2,140,MED,Falling,0,Positive,Silver,1,0,Smartphone,97452489785,APPROVED,0.11058499999999999,0.14044295
97452402747,Device_Upgrade_iPhone,Upsell,0.3856,280,0.399,86.8,3,107,HIGH,Falling,0,Neutral,None,1,0,Tablet,97452402747,APPROVED,0.32776,0.41625520000000005
97453562480,Device_Upgrade_iPhone,Upsell,0.2413,280,0.512,42.3,2,19,MED,Rising,0,Positive,Gold,1,0,Smartphone,97453562480,APPROVED,0.20510499999999998,0.30150435000000003
97456196740,Device_Upgrade_iPhone,Upsell,0.218,280,0.236,35.3,0,82,MED,Rising,0,Positive,None,1,0,Smartphone,97456196740,APPROVED,0.1853,0.22421300000000002
97452382520,Device_Upgrade_iPhone,Upsell,0.3909,280,0.521,113.3,1,69,MED,Stable,1,Negative,Gold,1,0,Smartphone,97452382520,APPROVED,0.33226500000000003,0.4817842500000002
97455100920,Device_Upgrade_iPhone,Upsell,0.3015,280,0.089,57.7,2,71,LOW,Rising,1,Neutral,Silver,1,0,Smartphone,97455100920,APPROVED,0.256275,0.3613477500000001
97452039410,Device_Upgrade_iPhone,Upsell,0.2385,280,0.088,33.1,1,353,MED,Falling,1,Neutral,None,1,1,Smartphone,97452039410,APPROVED,0.202725,0.26556975000000005
97455862556,Device_Upgrade_iPhone,Upsell,0.4978,280,0.154,106.4,3,51,LOW,Rising,0,Neutral,None,1,0,Smartphone,97455862556,APPROVED,0.42313,0.6050759000000002
97451190332,Device_Upgrade_iPhone,Upsell,0.2225,280,0.173,11.2,1,204,MED,Stable,1,Positive,Silver,1,0,Smartphone,97451190332,APPROVED,0.189125,0.25531875000000004
97457381324,Device_Upgrade_iPhone,Upsell,0.3097,280,0.179,77.3,1,24,HIGH,Stable,1,Neutral,Platinum,0,0,Smartphone,97457381324,APPROVED,0.26324499999999995,0.26324499999999995
97451498558,10GB_Aggressive_HVC,Retention,0.2292,120,0.136,59.8,0,25,HIGH,Stable,0,Neutral,None,1,0,Smartphone,97451498558,APPROVED,0.19482,0.24352500000000005
97452753396,Device_Upgrade_iPhone,Upsell,0.4587,280,0.348,108.8,0,14,MED,Rising,1,Neutral,None,1,0,IoT,97452753396,APPROVED,0.389895,0.5887414500000001
97452571773,Device_Upgrade_iPhone,Upsell,0.2258,280,0.184,46.3,0,8,MED,Falling,1,Positive,Gold,1,0,Smartphone,97452571773,APPROVED,0.19193,0.26294410000000007
97458478945,Device_Upgrade_iPhone,Upsell,0.2078,280,0.209,68.4,2,99,LOW,Falling,1,Neutral,None,1,1,Smartphone,97458478945,APPROVED,0.17663,0.23138530000000007
97451480437,1GB_plus_100mins,NBO,0.1492,40,0.24,48.7,0,193,LOW,Falling,0,Positive,Platinum,1,0,Smartphone,97451480437,APPROVED,0.12682,0.15091580000000002
97454863336,Device_Upgrade_iPhone,Upsell,0.1815,280,0.172,56.0,1,272,LOW,Falling,1,Neutral,None,0,0,Feature Phone,97454863336,APPROVED,0.154275,0.154275
97456320293,Device_Upgrade_iPhone,Upsell,0.3073,280,0.036,89.3,3,286,MED,Stable,0,Neutral,Gold,1,0,Smartphone,97456320293,APPROVED,0.261205,0.3421785500000001
97455643959,5G_Unlimited_Upgrade,Upsell,0.2172,200,0.322,79.7,0,119,HIGH,Stable,0,Neutral,Gold,1,1,Smartphone,97455643959,APPROVED,0.18462,0.21231300000000003
97457126430,1GB_plus_100mins,NBO,0.1527,40,0.437,66.3,3,255,LOW,Stable,0,Neutral,Silver,1,0,Smartphone,97457126430,APPROVED,0.129795,0.16483965000000003
97458227911,Device_Upgrade_iPhone,Upsell,0.2368,280,0.512,37.8,2,219,MED,Stable,1,Neutral,Platinum,1,1,Smartphone,97458227911,APPROVED,0.20128000000000001,0.2717280000000001
97454542673,Device_Upgrade_iPhone,Upsell,0.4325,280,0.053,98.0,2,18,MED,Rising,1,Neutral,None,1,1,Router/MiFi,97454542673,APPROVED,0.367625,0.5404087500000001
97458453959,Device_Upgrade_iPhone,Upsell,0.2238,280,0.142,68.1,3,13,MED,Stable,1,Neutral,None,1,1,Smartphone,97458453959,APPROVED,0.19022999999999998,0.2682243
97453861919,Device_Upgrade_iPhone,Upsell,0.2667,280,0.103,88.3,3,271,MED,Stable,1,Positive,None,0,1,Router/MiFi,97453861919,APPROVED,0.22669499999999998,0.22669499999999998
97459859803,Device_Upgrade_iPhone,Upsell,0.2702,280,0.514,77.8,3,126,MED,Falling,1,Neutral,None,1,0,Router/MiFi,97459859803,APPROVED,0.22966999999999999,0.31005450000000007
97455540735,Device_Upgrade_iPhone,Upsell,0.2343,280,0.037,67.4,3,67,HIGH,Falling,1,Positive,Silver,0,0,Smartphone,97455540735,APPROVED,0.199155,0.199155
97457624119,Device_Upgrade_iPhone,Upsell,0.2662,280,0.026,51.1,3,40,HIGH,Stable,1,Neutral,Gold,1,0,Smartphone,97457624119,APPROVED,0.22627,0.3371423000000001
97458875043,200mins_Upsell,Upsell,0.2821,35,0.568,81.9,3,50,MED,Falling,0,Positive,Gold,1,0,Smartphone,97458875043,APPROVED,0.239785,0.33809685000000006
97458133860,1GB_plus_100mins,NBO,0.1845,40,0.174,20.4,3,180,HIGH,Stable,0,Neutral,None,1,0,Smartphone,97458133860,APPROVED,0.156825,0.19916775000000003
97458660183,Device_Upgrade_iPhone,Upsell,0.329,280,0.365,111.6,3,273,MED,Stable,1,Neutral,Silver,1,0,Smartphone,97458660183,APPROVED,0.27965,0.3775275000000001
97455828621,Device_Upgrade_iPhone,Upsell,0.2306,280,0.21,31.9,0,291,LOW,Stable,1,Neutral,None,1,1,Smartphone,97455828621,APPROVED,0.19601,0.2332519
97451391275,Device_Upgrade_iPhone,Upsell,0.2522,280,0.43,90.2,0,113,MED,Falling,0,Neutral,Silver,0,0,Tablet,97451391275,REVIEW_CREDIT,0.21436999999999998,0.21436999999999998
97455437751,Device_Upgrade_iPhone,Upsell,0.2388,280,0.092,74.3,2,47,MED,Stable,1,Neutral,Platinum,1,1,Smartphone,97455437751,APPROVED,0.20298,0.29432100000000005
97452633485,Device_Upgrade_iPhone,Upsell,0.2121,280,0.292,38.3,0,139,MED,Falling,1,Neutral,Gold,1,0,Smartphone,97452633485,APPROVED,0.180285,0.22896195000000005
97459002048,Loyalty_Points_2x,Retention,0.1194,0,0.055,25.6,2,68,LOW,Stable,0,Neutral,Gold,0,1,Smartphone,97459002048,APPROVED,0.10149,0.10149
97453130703,Retention_Save_25pct,Retention,0.2624,90,0.619,61.6,0,308,MED,Stable,0,Positive,None,1,0,Smartphone,97453130703,APPROVED,0.22304000000000002,0.27880000000000005
97453052628,1GB_plus_100mins,NBO,0.1364,40,0.062,56.1,3,161,MED,Falling,0,Positive,None,1,1,Smartphone,97453052628,APPROVED,0.11593999999999999,0.1472438
97453244487,1GB_plus_100mins,NBO,0.1531,40,0.163,31.5,3,246,MED,Stable,0,Neutral,Gold,1,0,Smartphone,97453244487,APPROVED,0.130135,0.17047685000000004
97456783095,1GB_plus_100mins,NBO,0.1543,40,0.16,54.3,2,217,MED,Falling,0,Positive,None,1,0,Smartphone,97456783095,APPROVED,0.131155,0.16656685000000002
97456141093,Device_Upgrade_iPhone,Upsell,0.2549,280,0.171,50.3,1,112,HIGH,Stable,1,Positive,None,1,0,Smartphone,97456141093,APPROVED,0.216665,0.29249775000000006
97459539566,Device_Upgrade_iPhone,Upsell,0.2069,280,0.12,60.1,0,154,MED,Stable,1,Positive,None,1,0,Smartphone,97459539566,REVIEW_CREDIT,0.175865,0.20752070000000003
97454746361,1GB_plus_100mins,NBO,0.1336,40,0.058,24.3,1,216,LOW,Stable,0,Neutral,Gold,1,0,Smartphone,97454746361,APPROVED,0.11356,0.14876360000000002
97453540503,Device_Upgrade_iPhone,Upsell,0.2839,280,0.304,34.4,2,10,MED,Stable,1,Positive,None,1,0,Smartphone,97453540503,APPROVED,0.24131499999999997,0.34990675000000004
97451443287,Device_Upgrade_iPhone,Upsell,0.2644,280,0.243,50.2,2,102,HIGH,Rising,1,Neutral,Platinum,0,0,Smartphone,97451443287,APPROVED,0.22474000000000002,0.22474000000000002
97451063683,Device_Upgrade_iPhone,Upsell,0.2356,280,0.342,69.0,1,243,MED,Rising,1,Neutral,None,0,0,Router/MiFi,97451063683,APPROVED,0.20026,0.20026
97454362526,Device_Upgrade_iPhone,Upsell,0.1941,280,0.318,85.4,3,189,LOW,Stable,0,Negative,Gold,1,1,Smartphone,97454362526,APPROVED,0.164985,0.21943005000000004
97459332355,Device_Upgrade_iPhone,Upsell,0.3108,280,0.089,19.7,0,269,MED,Rising,1,Neutral,Silver,1,0,Smartphone,97459332355,APPROVED,0.26418,0.3407922000000001
97455713776,Loyalty_Points_2x,Retention,0.1156,0,0.247,79.6,0,1,MED,Stable,0,Negative,Gold,1,1,Smartphone,97455713776,APPROVED,0.09825999999999999,0.13952920000000002
97459041927,Device_Upgrade_iPhone,Upsell,0.3153,280,0.551,77.4,0,249,MED,Rising,1,Neutral,Silver,1,0,Smartphone,97459041927,REVIEW_CREDIT,0.268005,0.33232620000000007
97451915047,Device_Upgrade_iPhone,Upsell,0.2172,280,0.489,65.0,0,248,LOW,Falling,1,Neutral,Platinum,1,0,Smartphone,97451915047,APPROVED,0.18462,0.23446740000000005
97451839888,Loyalty_Points_2x,Retention,0.1388,0,0.12,64.3,0,39,MED,Falling,0,Positive,None,1,0,Smartphone,97451839888,APPROVED,0.11798,0.14747500000000002
97458501126,Device_Upgrade_iPhone,Upsell,0.196,280,0.425,64.7,0,122,LOW,Rising,0,Positive,Silver,1,0,Smartphone,97458501126,APPROVED,0.1666,0.20158600000000002
97451960678,Device_Upgrade_iPhone,Upsell,0.3219,280,0.241,54.3,3,353,LOW,Rising,1,Neutral,Gold,1,0,IoT,97451960678,REVIEW_CREDIT,0.273615,0.3830610000000001
97451467656,Device_Upgrade_iPhone,Upsell,0.2629,280,0.44,88.2,2,120,LOW,Stable,1,Negative,Silver,1,0,Smartphone,97451467656,APPROVED,0.22346500000000002,0.3150856500000001
97454636833,Loyalty_Points_2x,Retention,0.1368,0,0.289,46.9,3,33,MED,Falling,0,Positive,Platinum,1,0,Tablet,97454636833,APPROVED,0.11628,0.16395480000000004
97459323575,10GB_Aggressive_HVC,Retention,0.321,120,0.797,54.7,0,288,LOW,Stable,0,Neutral,Gold,1,0,Smartphone,97459323575,SOFTENED,0.27285,0.338334
97457204449,Device_Upgrade_iPhone,Upsell,0.2898,280,0.605,22.5,0,111,LOW,Rising,1,Neutral,None,1,0,Smartphone,97457204449,APPROVED,0.24633,0.31776570000000004
97451892018,Device_Upgrade_iPhone,Upsell,0.2329,280,0.424,18.1,2,281,MED,Rising,1,Neutral,Silver,1,1,Smartphone,97451892018,APPROVED,0.197965,0.2712120500000001
97458534178,Device_Upgrade_iPhone,Upsell,0.2259,280,0.062,70.4,0,248,MED,Falling,1,Positive,None,1,0,Smartphone,97458534178,APPROVED,0.192015,0.23617845000000004
97458592173,10GB_Aggressive_HVC,Retention,0.2894,120,0.561,69.5,1,51,MED,Rising,0,Neutral,None,1,0,Smartphone,97458592173,APPROVED,0.24599,0.33700630000000004
97458206268,Device_Upgrade_iPhone,Upsell,0.2366,280,0.566,16.6,2,57,MED,Stable,1,Neutral,Gold,1,0,Smartphone,97458206268,APPROVED,0.20111,0.2996539000000001
97459123877,Device_Upgrade_iPhone,Upsell,0.3921,280,0.4,96.9,1,301,MED,Rising,0,Neutral,Platinum,1,0,Smartphone,97459123877,APPROVED,0.333285,0.4566004500000001
97453158901,10GB_Aggressive_HVC,Retention,0.2767,120,0.594,61.1,2,37,MED,Falling,1,Positive,Gold,1,0,Smartphone,97453158901,APPROVED,0.235195,0.3316249500000001
97459816135,Device_Upgrade_iPhone,Upsell,0.4165,280,0.334,90.5,0,293,HIGH,Falling,1,Positive,None,1,0,Smartphone,97459816135,APPROVED,0.354025,0.4779337500000001
97453886266,Device_Upgrade_iPhone,Upsell,0.3829,280,0.161,96.3,1,290,MED,Stable,1,Positive,None,1,0,Tablet,97453886266,APPROVED,0.325465,0.4393777500000001
97458218232,Device_Upgrade_iPhone,Upsell,0.1971,280,0.261,67.4,1,211,MED,Rising,0,Positive,None,1,0,Smartphone,97458218232,APPROVED,0.167535,0.22282155000000003
97456214280,Device_Upgrade_iPhone,Upsell,0.5546,280,0.735,102.2,3,111,LOW,Rising,1,Neutral,Gold,1,0,Feature Phone,97456214280,REVIEW_CREDIT,0.47141,0.6599740000000002
97458015297,Device_Upgrade_iPhone,Upsell,0.2513,280,0.561,78.8,1,151,MED,Falling,1,Positive,None,1,0,Smartphone,97458015297,APPROVED,0.21360500000000002,0.2883667500000001
97456650374,10GB_Aggressive_HVC,Retention,0.2343,120,0.044,35.4,1,5,MED,Falling,0,Neutral,Platinum,1,1,IoT,97456650374,APPROVED,0.199155,0.2947494000000001
97456782348,Device_Upgrade_iPhone,Upsell,0.3435,280,0.035,83.3,3,128,HIGH,Stable,1,Neutral,None,1,0,Smartphone,97456782348,APPROVED,0.29197500000000004,0.39416625000000016
97456546556,Device_Upgrade_iPhone,Upsell,0.1802,280,0.298,12.9,2,148,HIGH,Falling,1,Positive,Platinum,1,1,Router/MiFi,97456546556,APPROVED,0.15317,0.20677950000000006
97458010966,Device_Upgrade_iPhone,Upsell,0.3108,280,0.074,86.9,1,253,MED,Stable,0,Neutral,None,1,0,Smartphone,97458010966,APPROVED,0.26418,0.3355086000000001
97457651385,Device_Upgrade_iPhone,Upsell,0.2224,280,0.306,75.9,2,27,LOW,Falling,1,Positive,None,0,0,Smartphone,97457651385,APPROVED,0.18903999999999999,0.18903999999999999
97452210969,Device_Upgrade_iPhone,Upsell,0.3333,280,0.189,91.4,0,43,MED,Falling,1,Positive,Silver,1,0,Router/MiFi,97452210969,APPROVED,0.283305,0.4107922500000001
97458434493,Device_Upgrade_iPhone,Upsell,0.2882,280,0.389,49.6,2,45,LOW,Stable,1,Neutral,Platinum,1,0,Smartphone,97458434493,APPROVED,0.24497,0.3650053000000001
97455824611,Loyalty_Points_2x,Retention,0.1474,0,0.018,62.1,0,45,MED,Stable,0,Positive,Silver,1,0,Smartphone,97455824611,APPROVED,0.12529,0.15661250000000004
97453907750,Retention_Save_25pct,Retention,0.2429,90,0.879,37.4,1,284,MED,Rising,0,Positive,None,1,0,Smartphone,97453907750,APPROVED,0.206465,0.28285705000000005
97455628005,Device_Upgrade_iPhone,Upsell,0.3693,280,0.4,48.6,3,59,LOW,Rising,1,Positive,Gold,1,0,Router/MiFi,97455628005,APPROVED,0.313905,0.48655275
97459702850,Device_Upgrade_iPhone,Upsell,0.3585,280,0.185,89.6,1,121,MED,Falling,1,Neutral,Gold,1,0,Smartphone,97459702850,APPROVED,0.30472499999999997,0.4235677500000001
97458718148,Device_Upgrade_iPhone,Upsell,0.2408,280,0.319,29.0,1,320,HIGH,Rising,0,Neutral,Platinum,1,0,Smartphone,97458718148,APPROVED,0.20467999999999997,0.28041160000000004
97458503285,Device_Upgrade_iPhone,Upsell,0.247,280,0.537,38.4,1,32,MED,Falling,1,Neutral,Silver,1,0,Smartphone,97458503285,APPROVED,0.20995,0.3044275000000001
97455165193,Device_Upgrade_iPhone,Upsell,0.1713,280,0.259,10.7,0,245,MED,Rising,0,Positive,Silver,0,0,Feature Phone,97455165193,APPROVED,0.145605,0.145605
97458057239,Device_Upgrade_iPhone,Upsell,0.2254,280,0.097,24.4,2,121,HIGH,Stable,1,Positive,Silver,1,0,Smartphone,97458057239,APPROVED,0.19158999999999998,0.25864650000000006
97454465805,10GB_Aggressive_HVC,Retention,0.2521,120,0.089,63.4,1,3,MED,Falling,0,Neutral,Platinum,1,0,Smartphone,97454465805,APPROVED,0.21428499999999998,0.30214185000000005
97457175488,Device_Upgrade_iPhone,Upsell,0.2694,280,0.522,38.9,0,338,MED,Rising,1,Positive,None,1,0,Tablet,97457175488,REVIEW_CREDIT,0.22898999999999997,0.2839476
97456756068,Device_Upgrade_iPhone,Upsell,0.3642,280,0.279,83.9,1,313,MED,Falling,1,Positive,None,1,1,Router/MiFi,97456756068,APPROVED,0.30957,0.4055367000000001
97453248188,Device_Upgrade_iPhone,Upsell,0.4123,280,0.492,109.1,3,334,LOW,Stable,1,Neutral,None,1,0,Smartphone,97453248188,REVIEW_CREDIT,0.350455,0.4555915000000001
97453398169,Retention_Save_25pct,Retention,0.1753,90,0.625,67.7,1,307,MED,Rising,1,Negative,Platinum,1,1,Smartphone,97453398169,APPROVED,0.149005,0.22946770000000008
97451550198,Device_Upgrade_iPhone,Upsell,0.2622,280,0.03,55.5,1,117,MED,Rising,1,Positive,Silver,1,0,Smartphone,97451550198,APPROVED,0.22286999999999998,0.31424670000000005
97452257915,Device_Upgrade_iPhone,Upsell,0.3896,280,0.099,81.0,1,203,MED,Rising,1,Neutral,Silver,1,0,Smartphone,97452257915,APPROVED,0.33116,0.4669356000000001
97454902567,1GB_plus_100mins,NBO,0.1187,40,0.038,37.7,2,217,MED,Falling,0,Positive,Gold,0,1,Smartphone,97454902567,APPROVED,0.100895,0.100895
97455300894,Device_Upgrade_iPhone,Upsell,0.2316,280,0.168,43.4,1,41,MED,Falling,1,Positive,None,1,0,Router/MiFi,97455300894,REVIEW_CREDIT,0.19686,0.27560400000000007
97452486086,Device_Upgrade_iPhone,Upsell,0.4256,280,0.368,116.4,1,230,MED,Rising,1,Positive,None,1,0,Smartphone,97452486086,APPROVED,0.36175999999999997,0.5100816000000001
97454752003,10GB_Aggressive_HVC,Retention,0.2466,120,0.384,64.5,2,19,LOW,Stable,0,Neutral,Silver,1,0,Smartphone,97454752003,APPROVED,0.20961000000000002,0.2871657000000001
97456437597,Device_Upgrade_iPhone,Upsell,0.3595,280,0.487,85.3,2,229,LOW,Falling,1,Positive,Gold,1,0,Smartphone,97456437597,APPROVED,0.305575,0.4247492500000001
97453093129,Device_Upgrade_iPhone,Upsell,0.2122,280,0.171,46.9,2,165,MED,Rising,1,Neutral,Silver,1,1,Smartphone,97453093129,APPROVED,0.18037,0.24710690000000007
97454044131,Device_Upgrade_iPhone,Upsell,0.5127,280,0.305,113.4,1,348,MED,Falling,1,Positive,Platinum,1,0,Tablet,97454044131,APPROVED,0.43579500000000004,0.6057550500000002
97454307605,Device_Upgrade_iPhone,Upsell,0.2323,280,0.126,37.4,3,357,LOW,Stable,1,Positive,Platinum,1,0,Smartphone,97454307605,APPROVED,0.197455,0.2744624500000001
97455545484,Device_Upgrade_iPhone,Upsell,0.3061,280,0.241,90.5,2,307,MED,Falling,1,Neutral,Gold,1,1,Smartphone,97455545484,APPROVED,0.260185,0.3512497500000001
97454297531,Device_Upgrade_iPhone,Upsell,0.1164,280,0.324,18.0,0,363,MED,Stable,0,Positive,Silver,0,0,Smartphone,97454297531,APPROVED,0.09894,0.09894
97457632500,Device_Upgrade_iPhone,Upsell,0.3448,280,0.183,81.8,0,25,MED,Stable,1,Positive,Platinum,1,0,Smartphone,97457632500,APPROVED,0.29308,0.4366892000000001
97453947459,Device_Upgrade_iPhone,Upsell,0.3434,280,0.321,85.1,2,29,LOW,Stable,0,Positive,None,1,1,Smartphone,97453947459,APPROVED,0.29189,0.38821370000000005
97454905070,Device_Upgrade_iPhone,Upsell,0.3466,280,0.653,19.3,3,82,LOW,Rising,1,Positive,None,1,0,Smartphone,97454905070,APPROVED,0.29461,0.4154001000000001
97454415176,Device_Upgrade_iPhone,Upsell,0.2446,280,0.591,37.7,1,68,MED,Stable,1,Neutral,None,1,0,Smartphone,97454415176,APPROVED,0.20791,0.28067850000000005
97452646241,Device_Upgrade_iPhone,Upsell,0.2586,280,0.495,22.5,1,58,MED,Stable,1,Neutral,None,1,0,Smartphone,97452646241,APPROVED,0.21980999999999998,0.3187245000000001
97457171689,Device_Upgrade_iPhone,Upsell,0.2329,280,0.509,11.5,3,38,LOW,Stable,1,Neutral,None,1,1,Smartphone,97457171689,REVIEW_CREDIT,0.197965,0.2692324000000001
97453119015,Device_Upgrade_iPhone,Upsell,0.2406,280,0.492,68.7,1,54,HIGH,Stable,1,Neutral,None,0,0,Smartphone,97453119015,APPROVED,0.20451,0.20451
97453671887,Device_Upgrade_iPhone,Upsell,0.1804,280,0.244,28.4,2,288,MED,Falling,1,Neutral,Platinum,0,0,Feature Phone,97453671887,APPROVED,0.15334,0.15334
97458134766,1GB_plus_100mins,NBO,0.145,40,0.146,44.7,0,320,MED,Stable,0,Positive,Platinum,1,0,Smartphone,97458134766,APPROVED,0.12324999999999998,0.1466675
97459539720,Device_Upgrade_iPhone,Upsell,0.2825,280,0.081,66.0,0,1,LOW,Rising,1,Neutral,None,1,0,Smartphone,97459539720,APPROVED,0.24012499999999998,0.33377375000000004
97457037587,Device_Upgrade_iPhone,Upsell,0.2151,280,0.338,15.7,3,127,LOW,Stable,1,Positive,Silver,1,1,Smartphone,97457037587,APPROVED,0.182835,0.23951385000000006
97459247131,Device_Upgrade_iPhone,Upsell,0.1858,280,0.381,19.3,3,166,MED,Stable,1,Positive,Silver,0,0,Smartphone,97459247131,APPROVED,0.15793,0.15793
97458687714,Device_Upgrade_iPhone,Upsell,0.2605,280,0.522,74.0,0,279,HIGH,Falling,1,Neutral,Silver,1,0,Smartphone,97458687714,APPROVED,0.221425,0.27235275000000003
97455328193,Device_Upgrade_iPhone,Upsell,0.2054,280,0.241,51.7,2,112,MED,Falling,1,Positive,None,1,0,Tablet,97455328193,APPROVED,0.17459,0.23569650000000006
97457932610,Device_Upgrade_iPhone,Upsell,0.266,280,0.284,76.3,3,56,LOW,Falling,1,Neutral,None,1,0,Smartphone,97457932610,APPROVED,0.2261,0.3278450000000001
97453955250,1GB_plus_100mins,NBO,0.168,40,0.318,69.2,1,284,MED,Stable,0,Positive,Gold,1,0,Router/MiFi,97453955250,APPROVED,0.1428,0.18706800000000004
97455144473,Device_Upgrade_iPhone,Upsell,0.411,280,0.519,100.1,3,81,MED,Falling,1,Positive,Silver,1,0,Smartphone,97455144473,APPROVED,0.34935,0.4716225000000001
97455818912,Device_Upgrade_iPhone,Upsell,0.4679,280,0.166,94.0,2,42,MED,Rising,0,Positive,Gold,1,0,Smartphone,97455818912,APPROVED,0.397715,0.5846410500000001
97459644436,Device_Upgrade_iPhone,Upsell,0.3224,280,0.241,103.9,2,7,LOW,Falling,1,Neutral,Silver,1,1,Router/MiFi,97459644436,APPROVED,0.27404,0.3863964000000001
97458637043,1GB_plus_100mins,NBO,0.1946,40,0.318,41.6,3,157,HIGH,Stable,0,Neutral,Platinum,1,0,Smartphone,97458637043,APPROVED,0.16541,0.21668710000000005
97455403276,Device_Upgrade_iPhone,Upsell,0.2977,280,0.038,101.3,2,318,MED,Stable,0,Positive,Silver,1,0,Router/MiFi,97455403276,APPROVED,0.253045,0.3213671500000001
97456873285,10GB_Aggressive_HVC,Retention,0.279,120,0.505,29.7,3,12,HIGH,Rising,0,Neutral,None,1,0,Smartphone,97456873285,APPROVED,0.23715000000000003,0.3248955000000001
97452821208,Device_Upgrade_iPhone,Upsell,0.5002,280,0.455,116.5,2,123,HIGH,Stable,1,Neutral,Gold,0,1,Feature Phone,97452821208,APPROVED,0.42517,0.42517
97458239525,Device_Upgrade_iPhone,Upsell,0.3767,280,0.172,112.2,2,96,LOW,Stable,0,Neutral,Gold,1,0,Smartphone,97458239525,APPROVED,0.32019499999999995,0.41945545
97455977341,Device_Upgrade_iPhone,Upsell,0.226,280,0.441,41.4,0,363,MED,Stable,1,Neutral,Silver,1,1,Smartphone,97455977341,REVIEW_CREDIT,0.1921,0.21899400000000002
97455794499,Device_Upgrade_iPhone,Upsell,0.274,280,0.406,79.0,1,198,LOW,Stable,1,Neutral,None,1,0,Smartphone,97455794499,APPROVED,0.23290000000000002,0.3144150000000001
97457896550,10GB_Aggressive_HVC,Retention,0.2515,120,0.451,11.4,2,50,HIGH,Rising,1,Positive,None,1,1,Smartphone,97457896550,APPROVED,0.213775,0.30783600000000005
97456696258,Device_Upgrade_iPhone,Upsell,0.4303,280,0.631,89.4,3,314,HIGH,Rising,1,Neutral,Silver,1,0,Smartphone,97456696258,APPROVED,0.365755,0.5157145500000001
97451652203,Device_Upgrade_iPhone,Upsell,0.4219,280,0.169,86.1,3,280,LOW,Rising,1,Neutral,Silver,1,0,Router/MiFi,97451652203,APPROVED,0.35861499999999996,0.50564715
97453593400,Device_Upgrade_iPhone,Upsell,0.2186,280,0.191,50.2,0,346,LOW,Rising,0,Neutral,None,1,0,Smartphone,97453593400,APPROVED,0.18580999999999998,0.2248301
97452590470,Device_Upgrade_iPhone,Upsell,0.4133,280,0.375,91.3,2,8,HIGH,Stable,1,Neutral,Silver,1,0,Feature Phone,97452590470,APPROVED,0.351305,0.5093922500000001
97457614037,10GB_Aggressive_HVC,Retention,0.2779,120,0.347,66.2,2,10,HIGH,Stable,0,Neutral,None,1,0,Smartphone,97457614037,APPROVED,0.23621499999999998,0.32361455000000006
97451316324,10GB_Aggressive_HVC,Retention,0.2868,120,0.831,36.4,2,258,MED,Stable,0,Neutral,Gold,1,1,Smartphone,97451316324,APPROVED,0.24378,0.3607944000000001
97452821641,Device_Upgrade_iPhone,Upsell,0.2858,280,0.365,61.2,1,47,MED,Rising,1,Neutral,Silver,1,0,Smartphone,97452821641,APPROVED,0.24292999999999998,0.3668243000000001
97456377004,Device_Upgrade_iPhone,Upsell,0.3132,280,0.192,102.8,3,298,MED,Stable,1,Positive,None,1,1,Smartphone,97456377004,APPROVED,0.26621999999999996,0.3487482
97457253182,Device_Upgrade_iPhone,Upsell,0.2159,280,0.399,65.7,0,61,MED,Stable,1,Neutral,Gold,1,1,Feature Phone,97457253182,APPROVED,0.183515,0.22572345000000005
97455529743,Device_Upgrade_iPhone,Upsell,0.3197,280,0.485,16.1,0,23,HIGH,Rising,1,Neutral,Silver,1,0,Smartphone,97455529743,REVIEW_CREDIT,0.27174499999999996,0.3641383
97458746470,Device_Upgrade_iPhone,Upsell,0.1578,280,0.157,76.0,1,361,LOW,Falling,1,Negative,Platinum,1,0,Smartphone,97458746470,APPROVED,0.13413,0.19448850000000006
97459270459,Device_Upgrade_iPhone,Upsell,0.3882,280,0.717,88.1,2,268,MED,Falling,0,Positive,Silver,1,1,Feature Phone,97459270459,APPROVED,0.32997,0.40586310000000003
97452188925,Device_Upgrade_iPhone,Upsell,0.2461,280,0.279,28.8,1,172,MED,Stable,1,Neutral,None,1,1,Smartphone,97452188925,APPROVED,0.209185,0.2740323500000001
97459572598,10GB_Aggressive_HVC,Retention,0.249,120,0.919,57.6,1,98,LOW,Stable,1,Neutral,Silver,1,1,Smartphone,97459572598,SOFTENED,0.21165,0.2941935000000001
97456529417,Device_Upgrade_iPhone,Upsell,0.1635,280,0.396,32.2,3,175,LOW,Falling,1,Positive,Gold,0,1,Smartphone,97456529417,APPROVED,0.13897500000000002,0.13897500000000002
97456725971,Device_Upgrade_iPhone,Upsell,0.2756,280,0.144,108.5,3,335,MED,Falling,1,Positive,None,0,0,Smartphone,97456725971,APPROVED,0.23426,0.23426
97451855861,1GB_plus_100mins,NBO,0.1238,40,0.532,16.9,0,240,HIGH,Falling,0,Positive,Silver,0,0,Smartphone,97451855861,APPROVED,0.10522999999999999,0.10522999999999999
97456596846,1GB_plus_100mins,NBO,0.1554,40,0.213,63.0,3,289,LOW,Rising,0,Neutral,Gold,1,1,Smartphone,97456596846,APPROVED,0.13209,0.17303790000000005
97457531439,Device_Upgrade_iPhone,Upsell,0.1726,280,0.503,28.8,0,258,MED,Stable,1,Neutral,Platinum,1,1,Smartphone,97457531439,APPROVED,0.14671,0.18045330000000004
97456227119,Device_Upgrade_iPhone,Upsell,0.2012,280,0.045,70.4,1,356,MED,Rising,0,Neutral,Silver,1,0,Smartphone,97456227119,APPROVED,0.17101999999999998,0.2274566
97451760438,10GB_Aggressive_HVC,Retention,0.2169,120,0.248,50.8,1,13,MED,Rising,0,Neutral,Silver,1,1,Smartphone,97451760438,APPROVED,0.184365,0.2654856000000001
97455709046,Device_Upgrade_iPhone,Upsell,0.1348,280,0.172,72.9,2,360,MED,Falling,0,Neutral,Gold,1,0,Smartphone,97455709046,APPROVED,0.11458,0.15009980000000003
97459423457,Device_Upgrade_iPhone,Upsell,0.195,280,0.352,24.8,0,67,LOW,Rising,1,Neutral,Gold,1,1,Smartphone,97459423457,APPROVED,0.16575,0.21381750000000005
97457510747,10GB_Aggressive_HVC,Retention,0.3314,120,0.714,59.8,0,60,MED,Stable,1,Neutral,None,1,0,Router/MiFi,97457510747,APPROVED,0.28169,0.3802815000000001
97452236671,1GB_plus_100mins,NBO,0.1433,40,0.382,66.2,2,182,LOW,Stable,0,Positive,Silver,1,0,Smartphone,97452236671,APPROVED,0.12180500000000001,0.15469235000000003
97459639445,Device_Upgrade_iPhone,Upsell,0.2825,280,0.369,77.6,2,45,MED,Falling,1,Neutral,None,1,0,Smartphone,97459639445,APPROVED,0.24012499999999998,0.34818125000000005
97459629921,Device_Upgrade_iPhone,Upsell,0.2987,280,0.226,79.9,1,102,HIGH,Stable,1,Positive,Platinum,1,0,Smartphone,97459629921,APPROVED,0.25389500000000004,0.35291405000000015
97452524559,Device_Upgrade_iPhone,Upsell,0.1707,280,0.482,78.6,2,308,MED,Rising,0,Neutral,Silver,1,1,Smartphone,97452524559,APPROVED,0.145095,0.18717255000000005
97458207956,Device_Upgrade_iPhone,Upsell,0.3095,280,0.142,89.9,1,330,LOW,Falling,0,Neutral,Silver,1,1,Smartphone,97458207956,APPROVED,0.263075,0.32358225000000007
97454660453,Device_Upgrade_iPhone,Upsell,0.4171,280,0.266,100.7,1,34,LOW,Stable,1,Neutral,Gold,1,0,Router/MiFi,97454660453,APPROVED,0.354535,0.5282571500000002
97456343137,10GB_Aggressive_HVC,Retention,0.2616,120,0.264,60.9,0,38,HIGH,Stable,0,Neutral,Silver,1,0,IoT,97456343137,APPROVED,0.22236,0.27795000000000003
97455006676,Device_Upgrade_iPhone,Upsell,0.2793,280,0.138,35.6,1,55,MED,Stable,1,Neutral,None,1,0,Smartphone,97455006676,APPROVED,0.23740499999999998,0.34423725000000005
97458043616,Device_Upgrade_iPhone,Upsell,0.3795,280,0.385,95.1,3,219,MED,Falling,1,Neutral,Silver,1,0,Feature Phone,97458043616,APPROVED,0.322575,0.4354762500000001
97459969937,Device_Upgrade_iPhone,Upsell,0.2075,280,0.156,33.9,2,166,MED,Rising,0,Neutral,Gold,1,0,Feature Phone,97459969937,APPROVED,0.17637499999999998,0.24163375000000004
97458156032,Device_Upgrade_iPhone,Upsell,0.3093,280,0.172,36.2,2,18,MED,Rising,1,Neutral,Silver,0,0,Smartphone,97458156032,APPROVED,0.262905,0.262905
97459382341,10GB_Aggressive_HVC,Retention,0.2242,120,0.649,30.3,1,163,MED,Stable,1,Positive,Silver,0,0,Smartphone,97459382341,APPROVED,0.19057000000000002,0.19057000000000002
97459514242,Device_Upgrade_iPhone,Upsell,0.2038,280,0.256,62.9,0,15,MED,Rising,0,Neutral,Silver,1,0,Router/MiFi,97459514242,APPROVED,0.17323,0.22693130000000003
97451810948,Device_Upgrade_iPhone,Upsell,0.264,280,0.307,105.6,2,105,MED,Stable,1,Positive,Platinum,0,1,Smartphone,97451810948,APPROVED,0.22440000000000002,0.22440000000000002
97453280449,Device_Upgrade_iPhone,Upsell,0.19,280,0.51,69.3,1,117,MED,Stable,1,Neutral,Gold,0,0,Smartphone,97453280449,APPROVED,0.1615,0.1615
97457496708,10GB_Aggressive_HVC,Retention,0.1871,120,0.645,55.2,1,214,MED,Stable,1,Neutral,Gold,0,0,Feature Phone,97457496708,APPROVED,0.15903499999999998,0.15903499999999998
97456310682,Device_Upgrade_iPhone,Upsell,0.3333,280,0.242,88.6,1,81,HIGH,Falling,0,Positive,None,1,1,Smartphone,97456310682,APPROVED,0.283305,0.34846515
97451451315,1GB_plus_100mins,NBO,0.1166,40,0.133,20.0,0,106,MED,Stable,0,Neutral,None,0,0,Smartphone,97451451315,APPROVED,0.09910999999999999,0.09910999999999999
97451855442,Device_Upgrade_iPhone,Upsell,0.249,280,0.279,60.3,2,41,LOW,Falling,1,Neutral,Silver,1,0,Smartphone,97451855442,APPROVED,0.21165,0.30689250000000007
97455684925,10GB_Aggressive_HVC,Retention,0.1697,120,0.191,54.0,0,51,MED,Stable,0,Neutral,Silver,0,0,Smartphone,97455684925,APPROVED,0.14424499999999998,0.14424499999999998
97456545490,Device_Upgrade_iPhone,Upsell,0.2258,280,0.192,38.1,1,190,MED,Stable,1,Positive,Gold,1,0,Smartphone,97456545490,APPROVED,0.19193,0.26678270000000004
97452509473,Device_Upgrade_iPhone,Upsell,0.2285,280,0.184,71.7,3,86,MED,Rising,0,Neutral,Gold,1,0,Smartphone,97452509473,APPROVED,0.194225,0.2660882500000001
97452541621,Device_Upgrade_iPhone,Upsell,0.1939,280,0.123,65.7,1,225,LOW,Rising,0,Neutral,None,1,0,Smartphone,97452541621,APPROVED,0.164815,0.21920395000000004
97452164061,Device_Upgrade_iPhone,Upsell,0.2192,280,0.149,57.2,0,263,LOW,Stable,1,Positive,Silver,1,0,Smartphone,97452164061,APPROVED,0.18632,0.22917360000000006
97456084554,Device_Upgrade_iPhone,Upsell,0.3487,280,0.401,78.1,0,39,LOW,Rising,1,Positive,None,0,0,Feature Phone,97456084554,APPROVED,0.296395,0.296395
97451070682,10GB_Aggressive_HVC,Retention,0.1697,120,0.27,46.9,0,54,MED,Stable,0,Neutral,None,0,0,IoT,97451070682,APPROVED,0.14424499999999998,0.14424499999999998
97456151874,Device_Upgrade_iPhone,Upsell,0.2975,280,0.065,98.0,1,182,MED,Stable,0,Neutral,None,1,0,Smartphone,97456151874,APPROVED,0.25287499999999996,0.32115125
97455283357,Device_Upgrade_iPhone,Upsell,0.2248,280,0.206,56.9,0,72,MED,Rising,1,Positive,Platinum,0,0,Smartphone,97455283357,APPROVED,0.19108,0.19108
97455193865,Device_Upgrade_iPhone,Upsell,0.5048,280,0.762,90.6,2,80,MED,Rising,1,Neutral,Platinum,1,0,Feature Phone,97455193865,APPROVED,0.42908,0.6221660000000002
97457113485,Device_Upgrade_iPhone,Upsell,0.4494,280,0.526,86.1,1,299,MED,Rising,1,Positive,Silver,1,1,Router/MiFi,97457113485,APPROVED,0.38199,0.5233263000000001
97455703685,Device_Upgrade_iPhone,Upsell,0.2232,280,0.406,49.9,3,64,HIGH,Rising,0,Neutral,Gold,1,0,Smartphone,97455703685,APPROVED,0.18972,0.25991640000000005
97457549738,1GB_plus_100mins,NBO,0.144,40,0.249,62.5,0,184,MED,Falling,0,Neutral,Silver,1,0,Smartphone,97457549738,APPROVED,0.12239999999999998,0.14076
97457875309,Device_Upgrade_iPhone,Upsell,0.2086,280,0.325,32.8,0,30,LOW,Rising,0,Neutral,None,1,0,Smartphone,97457875309,APPROVED,0.17731,0.23227610000000004
97459281058,Loyalty_Points_2x,Retention,0.1066,0,0.237,48.1,3,13,MED,Rising,0,Neutral,Gold,0,1,Smartphone,97459281058,APPROVED,0.09061,0.09061
97458193201,Device_Upgrade_iPhone,Upsell,0.1451,280,0.077,36.3,2,221,LOW,Rising,0,Positive,Gold,0,0,Smartphone,97458193201,APPROVED,0.123335,0.123335
97455659355,Device_Upgrade_iPhone,Upsell,0.2229,280,0.4,50.3,2,33,LOW,Stable,1,Positive,None,1,0,Feature Phone,97455659355,APPROVED,0.189465,0.27472425000000006
97455429378,Device_Upgrade_iPhone,Upsell,0.4595,280,0.216,82.6,3,102,HIGH,Rising,1,Neutral,Gold,1,0,Smartphone,97455429378,APPROVED,0.390575,0.5663337500000002
97453121377,Device_Upgrade_iPhone,Upsell,0.2306,280,0.249,21.3,1,62,MED,Stable,1,Neutral,Silver,1,0,Smartphone,97453121377,APPROVED,0.19601,0.26461350000000006
97456396340,1GB_plus_100mins,NBO,0.1476,40,0.509,58.0,1,331,MED,Stable,0,Positive,Gold,1,0,Smartphone,97456396340,APPROVED,0.12546000000000002,0.16435260000000004
97452252218,Device_Upgrade_iPhone,Upsell,0.3469,280,0.434,93.3,2,227,LOW,Stable,1,Neutral,Gold,1,0,Router/MiFi,97452252218,APPROVED,0.294865,0.4098623500000001
97459381125,Device_Upgrade_iPhone,Upsell,0.182,280,0.344,28.4,0,74,MED,Rising,0,Neutral,Silver,1,0,Router/MiFi,97459381125,APPROVED,0.1547,0.18718700000000002
97458605397,Device_Upgrade_iPhone,Upsell,0.354,280,0.539,39.4,3,48,MED,Rising,1,Positive,None,1,0,Smartphone,97458605397,APPROVED,0.3009,0.4543590000000001
97452077602,Device_Upgrade_iPhone,Upsell,0.2216,280,0.26,23.7,3,243,LOW,Stable,1,Neutral,Silver,1,0,Smartphone,97452077602,APPROVED,0.18836,0.25428600000000007
97458073602,Device_Upgrade_iPhone,Upsell,0.2063,280,0.502,53.2,3,187,MED,Falling,1,Neutral,Silver,1,0,Smartphone,97458073602,APPROVED,0.175355,0.23672925000000006
97452053931,Device_Upgrade_iPhone,Upsell,0.4273,280,0.303,90.5,1,45,HIGH,Rising,1,Neutral,Gold,0,0,Smartphone,97452053931,APPROVED,0.363205,0.363205
97457491025,Loyalty_Points_2x,Retention,0.1941,0,0.386,52.1,2,69,HIGH,Stable,0,Positive,None,1,1,Smartphone,97457491025,APPROVED,0.164985,0.22107990000000005
97451789381,Device_Upgrade_iPhone,Upsell,0.2489,280,0.099,15.6,1,96,MED,Stable,1,Neutral,Platinum,1,0,Smartphone,97451789381,APPROVED,0.211565,0.29407535000000007
97455393740,Device_Upgrade_iPhone,Upsell,0.166,280,0.033,20.3,3,196,LOW,Falling,1,Positive,None,0,0,Smartphone,97455393740,APPROVED,0.1411,0.1411
97456920768,1GB_plus_100mins,NBO,0.1491,40,0.263,49.3,0,158,LOW,Stable,0,Positive,Silver,1,0,Smartphone,97456920768,APPROVED,0.12673500000000001,0.14574525000000002
97457559296,Device_Upgrade_iPhone,Upsell,0.2209,280,0.183,50.2,0,98,MED,Stable,1,Positive,Silver,1,1,Feature Phone,97457559296,APPROVED,0.18776500000000002,0.22344035000000004
97454767474,Device_Upgrade_iPhone,Upsell,0.2406,280,0.363,71.3,1,99,LOW,Rising,1,Positive,None,0,0,Smartphone,97454767474,APPROVED,0.20451,0.20451
97459294610,10GB_Aggressive_HVC,Retention,0.3255,120,0.898,74.4,0,95,HIGH,Stable,1,Neutral,None,1,0,Tablet,97459294610,APPROVED,0.276675,0.34584375000000006
97457968891,Device_Upgrade_iPhone,Upsell,0.1603,280,0.538,12.9,3,75,LOW,Stable,1,Negative,Platinum,1,0,Tablet,97457968891,APPROVED,0.136255,0.19756975000000004
97452874382,Retention_Save_25pct,Retention,0.3006,90,0.813,37.3,0,335,MED,Rising,0,Neutral,Gold,1,0,IoT,97452874382,APPROVED,0.25550999999999996,0.3296079
97457041082,10GB_Aggressive_HVC,Retention,0.2394,120,0.04,47.3,3,23,MED,Stable,0,Neutral,None,1,0,Router/MiFi,97457041082,APPROVED,0.20349,0.27878130000000007
97457574810,Device_Upgrade_iPhone,Upsell,0.2759,280,0.186,82.1,2,139,MED,Falling,0,Positive,None,1,0,Smartphone,97457574810,APPROVED,0.23451499999999997,0.29783405
97454002739,Device_Upgrade_iPhone,Upsell,0.4203,280,0.207,83.1,0,193,MED,Rising,0,Positive,Gold,1,0,Smartphone,97454002739,APPROVED,0.357255,0.4894393500000001
97457644081,Device_Upgrade_iPhone,Upsell,0.4003,280,0.177,82.8,3,2,LOW,Stable,0,Positive,None,1,0,Smartphone,97457644081,APPROVED,0.340255,0.4661493500000001
97459085298,Device_Upgrade_iPhone,Upsell,0.2183,280,0.136,23.5,3,90,HIGH,Falling,1,Neutral,Platinum,0,0,Smartphone,97459085298,APPROVED,0.185555,0.185555
97458354027,Device_Upgrade_iPhone,Upsell,0.2458,280,0.144,27.8,1,339,LOW,Stable,1,Neutral,Gold,1,0,Smartphone,97458354027,APPROVED,0.20892999999999998,0.2904127
97457862788,Device_Upgrade_iPhone,Upsell,0.2903,280,0.561,72.2,0,190,MED,Stable,1,Positive,None,1,0,Router/MiFi,97457862788,REVIEW_CREDIT,0.246755,0.29117090000000007
97456710476,10GB_Aggressive_HVC,Retention,0.2104,120,0.148,52.0,1,11,LOW,Falling,0,Neutral,None,1,0,Smartphone,97456710476,APPROVED,0.17884,0.24501080000000006
97453434814,10GB_Aggressive_HVC,Retention,0.2837,120,0.91,56.5,2,317,LOW,Stable,1,Neutral,Platinum,1,0,Smartphone,97453434814,SOFTENED,0.241145,0.32795720000000006
97458157005,Device_Upgrade_iPhone,Upsell,0.3213,280,0.331,74.7,0,197,HIGH,Rising,1,Neutral,Gold,1,0,Smartphone,97458157005,APPROVED,0.273105,0.36322965000000007
97454277727,Device_Upgrade_iPhone,Upsell,0.258,280,0.265,33.5,0,49,MED,Falling,1,Positive,Silver,1,0,Smartphone,97454277727,APPROVED,0.2193,0.29166900000000007
97455789770,Device_Upgrade_iPhone,Upsell,0.2474,280,0.057,37.3,3,301,HIGH,Rising,0,Positive,None,1,0,Smartphone,97455789770,APPROVED,0.21029,0.2796857000000001
97453829959,Device_Upgrade_iPhone,Upsell,0.4953,280,0.25,105.2,3,6,MED,Rising,1,Positive,Gold,1,0,IoT,97453829959,APPROVED,0.421005,0.65255775
97453817153,Device_Upgrade_iPhone,Upsell,0.2205,280,0.407,75.6,3,218,LOW,Falling,1,Neutral,Gold,1,1,Smartphone,97453817153,APPROVED,0.187425,0.25302375000000005
97452418504,Device_Upgrade_iPhone,Upsell,0.2407,280,0.359,50.2,3,334,LOW,Stable,1,Positive,Silver,1,0,Smartphone,97452418504,APPROVED,0.204595,0.27620325000000007
97459651678,Device_Upgrade_iPhone,Upsell,0.2558,280,0.501,45.8,1,325,MED,Stable,1,Neutral,None,1,0,Smartphone,97459651678,APPROVED,0.21743,0.2935305000000001
97452330050,Device_Upgrade_iPhone,Upsell,0.3024,280,0.173,83.7,0,221,LOW,Falling,1,Neutral,None,1,0,Smartphone,97452330050,APPROVED,0.25704,0.3470040000000001
97451776329,Device_Upgrade_iPhone,Upsell,0.2837,280,0.104,48.8,2,230,MED,Rising,1,Positive,None,1,0,Router/MiFi,97451776329,APPROVED,0.241145,0.3400144500000001
97459425146,Device_Upgrade_iPhone,Upsell,0.2154,280,0.542,38.4,2,136,MED,Falling,1,Neutral,None,1,0,Smartphone,97459425146,APPROVED,0.18309,0.24717150000000007
97455995117,Device_Upgrade_iPhone,Upsell,0.2722,280,0.29,14.2,0,325,MED,Rising,1,Neutral,None,1,0,Smartphone,97455995117,APPROVED,0.23137,0.29846730000000005
97454941135,Device_Upgrade_iPhone,Upsell,0.3491,280,0.323,93.2,0,281,MED,Falling,0,Positive,Silver,0,0,Feature Phone,97454941135,APPROVED,0.296735,0.296735
97457637421,Device_Upgrade_iPhone,Upsell,0.1906,280,0.482,33.4,2,48,MED,Stable,1,Positive,None,0,0,Smartphone,97457637421,APPROVED,0.16201,0.16201
97454449878,1GB_plus_100mins,NBO,0.1342,40,0.405,54.8,1,273,MED,Stable,0,Neutral,Platinum,1,0,Smartphone,97454449878,APPROVED,0.11407,0.14943170000000003
97452151294,Device_Upgrade_iPhone,Upsell,0.284,280,0.389,59.3,0,7,MED,Stable,1,Neutral,None,1,1,Feature Phone,97452151294,APPROVED,0.24139999999999998,0.311406
97457567170,1GB_plus_100mins,NBO,0.1493,40,0.095,25.2,3,275,LOW,Falling,0,Positive,None,1,0,Smartphone,97457567170,APPROVED,0.126905,0.16116935000000002
97452583995,Device_Upgrade_iPhone,Upsell,0.3302,280,0.177,11.8,0,27,HIGH,Rising,1,Positive,Gold,1,0,Smartphone,97452583995,APPROVED,0.28067,0.40135810000000005
97455976937,Device_Upgrade_iPhone,Upsell,0.2954,280,0.328,52.3,1,23,MED,Rising,1,Neutral,Gold,1,0,Smartphone,97455976937,APPROVED,0.25109,0.38918949999999997
97459541594,Retention_Save_25pct,Retention,0.2692,90,0.733,78.8,2,341,MED,Rising,1,Positive,None,1,1,Smartphone,97459541594,APPROVED,0.22882,0.3295008000000001
97459425258,Device_Upgrade_iPhone,Upsell,0.2879,280,0.277,77.8,2,293,HIGH,Falling,1,Positive,Silver,1,0,IoT,97459425258,APPROVED,0.244715,0.33036525000000005
97454247046,Device_Upgrade_iPhone,Upsell,0.4042,280,0.154,83.6,0,302,HIGH,Stable,0,Neutral,None,1,0,Smartphone,97454247046,APPROVED,0.34357,0.43633390000000005
97458022712,1GB_plus_100mins,NBO,0.1542,40,0.073,56.6,3,273,MED,Stable,0,Neutral,Silver,1,0,Feature Phone,97458022712,APPROVED,0.13107,0.16645890000000002
97456514081,Device_Upgrade_iPhone,Upsell,0.3012,280,0.339,46.6,3,223,MED,Rising,1,Positive,Gold,1,0,Smartphone,97456514081,APPROVED,0.25602,0.37122900000000014
97455314325,Device_Upgrade_iPhone,Upsell,0.3315,280,0.396,96.1,0,342,MED,Stable,1,Positive,Gold,0,0,Smartphone,97455314325,APPROVED,0.281775,0.281775
97452259352,Device_Upgrade_iPhone,Upsell,0.5113,280,0.118,83.1,1,233,HIGH,Rising,1,Neutral,Silver,1,0,Smartphone,97452259352,APPROVED,0.43460499999999996,0.6127930500000001
97454387234,Loyalty_Points_2x,Retention,0.1663,0,0.375,65.5,3,15,MED,Stable,0,Positive,None,1,0,Smartphone,97454387234,APPROVED,0.141355,0.19365635000000006
97456867262,10GB_Aggressive_HVC,Retention,0.3039,120,0.642,72.6,2,147,MED,Stable,0,Neutral,None,1,0,Smartphone,97456867262,APPROVED,0.258315,0.3538915500000001
97459879682,Device_Upgrade_iPhone,Upsell,0.2392,280,0.37,38.8,2,50,LOW,Falling,1,Positive,None,1,0,Smartphone,97459879682,APPROVED,0.20332,0.2948140000000001
97451044015,Device_Upgrade_iPhone,Upsell,0.3131,280,0.041,83.0,0,237,MED,Falling,0,Positive,None,1,0,Smartphone,97451044015,APPROVED,0.266135,0.3379914500000001
97457459841,Device_Upgrade_iPhone,Upsell,0.1591,280,0.395,59.6,1,37,LOW,Rising,0,Positive,Silver,0,0,Smartphone,97457459841,APPROVED,0.135235,0.135235
97458617030,Device_Upgrade_iPhone,Upsell,0.2282,280,0.251,50.2,3,291,MED,Falling,1,Positive,None,1,0,Smartphone,97458617030,APPROVED,0.19396999999999998,0.2618595
97459560750,Device_Upgrade_iPhone,Upsell,0.3314,280,0.15,80.2,3,35,MED,Stable,1,Positive,Platinum,1,0,Smartphone,97459560750,APPROVED,0.28169,0.4197181000000001
97454814232,Device_Upgrade_iPhone,Upsell,0.385,280,0.522,84.8,2,120,HIGH,Rising,1,Positive,None,1,1,Smartphone,97454814232,APPROVED,0.32725,0.4483325000000001
97452066307,Device_Upgrade_iPhone,Upsell,0.2728,280,0.366,39.9,3,339,HIGH,Falling,1,Positive,Silver,1,0,Smartphone,97452066307,APPROVED,0.23187999999999998,0.31303800000000004
97453438704,1GB_plus_100mins,NBO,0.1503,40,0.098,62.1,2,239,MED,Falling,0,Positive,None,1,0,Feature Phone,97453438704,APPROVED,0.12775499999999998,0.16224885
97458654802,1GB_plus_100mins,NBO,0.1739,40,0.23,58.4,0,167,HIGH,Falling,0,Neutral,None,1,0,Feature Phone,97458654802,APPROVED,0.147815,0.16998725000000003
97458901413,10GB_Aggressive_HVC,Retention,0.2508,120,0.11,55.6,0,11,MED,Falling,0,Positive,None,1,0,Smartphone,97458901413,APPROVED,0.21318,0.2664750000000001
97456733664,1GB_plus_100mins,NBO,0.1134,40,0.15,11.1,2,322,LOW,Stable,0,Positive,None,0,0,Smartphone,97456733664,APPROVED,0.09639,0.09639
97452104664,Device_Upgrade_iPhone,Upsell,0.2286,280,0.273,73.9,1,101,MED,Falling,1,Positive,Silver,1,0,Smartphone,97452104664,APPROVED,0.19430999999999998,0.2623185
97452097294,Device_Upgrade_iPhone,Upsell,0.2498,280,0.516,76.2,1,37,MED,Stable,1,Neutral,Silver,1,0,Router/MiFi,97452097294,APPROVED,0.21233,0.30787850000000005
97455303548,10GB_Aggressive_HVC,Retention,0.4133,120,0.916,22.4,1,70,HIGH,Falling,0,Neutral,Gold,1,0,Tablet,97455303548,APPROVED,0.351305,0.4953400500000001
97456294321,Device_Upgrade_iPhone,Upsell,0.2119,280,0.323,71.5,2,74,MED,Stable,1,Neutral,Platinum,0,0,Smartphone,97456294321,APPROVED,0.180115,0.180115
97451291407,Device_Upgrade_iPhone,Upsell,0.216,280,0.302,49.4,3,195,MED,Falling,1,Neutral,Silver,1,0,Smartphone,97451291407,APPROVED,0.18359999999999999,0.24786000000000002
97457174866,Loyalty_Points_2x,Retention,0.177,0,0.073,50.0,1,60,LOW,Stable,0,Neutral,Silver,1,0,Smartphone,97457174866,APPROVED,0.15045,0.20611650000000006
97455900589,Device_Upgrade_iPhone,Upsell,0.2131,280,0.085,21.5,3,238,HIGH,Rising,1,Neutral,None,1,1,Smartphone,97455900589,APPROVED,0.18113500000000002,0.2481549500000001
97451110724,Device_Upgrade_iPhone,Upsell,0.2506,280,0.47,96.0,2,311,MED,Stable,0,Neutral,None,0,0,Smartphone,97451110724,APPROVED,0.21300999999999998,0.21300999999999998
97451861097,10GB_Aggressive_HVC,Retention,0.2419,120,0.292,60.7,2,26,MED,Stable,0,Neutral,Gold,1,0,Smartphone,97451861097,APPROVED,0.205615,0.28991715000000007
97455088861,Device_Upgrade_iPhone,Upsell,0.199,280,0.413,65.7,1,279,LOW,Falling,1,Neutral,Platinum,1,0,Smartphone,97455088861,APPROVED,0.16915,0.23511850000000006
97457503268,Device_Upgrade_iPhone,Upsell,0.3652,280,0.039,80.5,0,6,MED,Falling,1,Positive,None,1,0,Smartphone,97457503268,APPROVED,0.31042000000000003,0.45010900000000015
97458428594,Home_Free_OoredooTV,CrossSell,0.1433,150,0.503,18.6,0,172,HIGH,Stable,0,Positive,None,0,0,Smartphone,97458428594,APPROVED,0.12180500000000001,0.12180500000000001
97454881713,Device_Upgrade_iPhone,Upsell,0.2251,280,0.253,21.7,3,311,LOW,Stable,1,Neutral,Platinum,1,0,Smartphone,97454881713,APPROVED,0.19133499999999998,0.26595565000000004
97453658230,1GB_plus_100mins,NBO,0.0859,40,0.048,71.8,0,141,LOW,Stable,0,Negative,Gold,1,0,Smartphone,97453658230,APPROVED,0.073015,0.09126875000000001
97459714792,Device_Upgrade_iPhone,Upsell,0.3499,280,0.793,102.9,0,95,MED,Rising,0,Negative,Platinum,1,0,Smartphone,97459714792,APPROVED,0.297415,0.4253034500000001
97455126932,1GB_plus_100mins,NBO,0.158,40,0.13,76.2,3,341,MED,Stable,0,Neutral,Silver,1,1,Tablet,97455126932,APPROVED,0.1343,0.17056100000000005
97453838507,Device_Upgrade_iPhone,Upsell,0.3053,280,0.256,95.7,2,301,LOW,Falling,1,Negative,Platinum,1,0,Smartphone,97453838507,APPROVED,0.259505,0.3762822500000001
97454980826,Loyalty_Points_2x,Retention,0.1806,0,0.401,50.1,2,18,MED,Stable,0,Neutral,None,1,0,Smartphone,97454980826,APPROVED,0.15351,0.21030870000000007
97451108824,10GB_Aggressive_HVC,Retention,0.3504,120,0.715,81.7,1,90,MED,Stable,1,Neutral,Gold,1,0,Smartphone,97451108824,APPROVED,0.29784,0.4199544000000001
