msisdn,action,action_type,propensity,channel,rationale_WHY,message_HOW,guard_status,gen_source
97457423388,Data_AddOn_5GB,NBO,0.1453,Push,"Customer exceeded the data cap in 3 of the last 3 months, is 43 days from renewal.",Data AddOn 5GB suits your usage - tap to activate.,APPROVED,offline
97457550634,5G_Unlimited_Upgrade,Upsell,0.1888,Push,Customer is an active Business customer.,You're using 76% of your data - 5G Unlimited Upgrade gives you more headroom - tap to activate.,APPROVED,offline
97455304572,Data_AddOn_5GB,NBO,0.231,Email,Customer exceeded the data cap in 2 of the last 3 months.,"Dear Customer,

Customer exceeded the data cap in 2 of the last 3 months.

Data AddOn 5GB suits your usage.

Ooredoo",APPROVED,offline
97453234489,Data_AddOn_5GB,NBO,0.3018,SMS,Customer exceeded the data cap in 2 of the last 3 months.,Hi! Data AddOn 5GB suits your usage. Reply YES. Ooredoo,APPROVED,offline
97458204212,5G_Unlimited_Upgrade,Upsell,0.2329,Call,"Customer exceeded the data cap in 2 of the last 3 months, is a heavy data user (81% of cap).","AGENT: Customer exceeded the data cap in 2 of the last 3 months, is a heavy data user (81% of cap). Recommend: You're using 81% of your data - 5G Unlimited Upgrade gives you more headroom.",APPROVED,offline
97455472471,Data_AddOn_5GB,NBO,0.3559,SMS,Customer exceeded the data cap in 1 of the last 3 months.,Hi! Data AddOn 5GB suits your usage. Reply YES. Ooredoo,APPROVED,offline
97455523669,10GB_Aggressive_HVC,Retention,0.3313,SMS,Customer shows elevated churn risk.,"Hi! Based on your recent usage, our 10GB Aggressive HVC keeps you covered. Reply YES. Ooredoo",APPROVED,offline
97458404852,Data_AddOn_5GB,NBO,0.2149,Push,Customer is an active Mass customer.,Data AddOn 5GB suits your usage - tap to activate.,APPROVED,offline
97455981505,Data_AddOn_5GB,NBO,0.1937,Push,Customer is an active Mass customer.,Data AddOn 5GB suits your usage - tap to activate.,APPROVED,offline
97452766891,Data_AddOn_5GB,NBO,0.1145,Email,Customer exceeded the data cap in 3 of the last 3 months.,"Dear Customer,

Customer exceeded the data cap in 3 of the last 3 months.

Data AddOn 5GB suits your usage.

Ooredoo",APPROVED,offline
97455521373,Data_AddOn_5GB,NBO,0.2448,SMS,Customer exceeded the data cap in 1 of the last 3 months.,Hi! Data AddOn 5GB suits your usage. Reply YES. Ooredoo,APPROVED,offline
97457019877,Data_AddOn_5GB,NBO,0.1465,SMS,Customer is an active Youth customer.,Hi! Data AddOn 5GB suits your usage. Reply YES. Ooredoo,APPROVED,offline
97454344769,Retention_Save_25pct,Retention,0.3406,SMS,"Customer exceeded the data cap in 2 of the last 3 months, shows elevated churn risk, logged a recent complaint.","Hi! Based on your recent usage, our Retention Save 25pct keeps you covered. Reply YES. Ooredoo",APPROVED,offline
97451103355,Data_AddOn_5GB,NBO,0.2155,Push,Customer exceeded the data cap in 1 of the last 3 months.,Data AddOn 5GB suits your usage - tap to activate.,APPROVED,offline
97452262752,Data_AddOn_5GB,NBO,0.2079,Email,"Customer exceeded the data cap in 2 of the last 3 months, is a heavy data user (81% of cap).","Dear Customer,

Customer exceeded the data cap in 2 of the last 3 months, is a heavy data user (81% of cap).

Data AddOn 5GB suits your usage.

Ooredoo",APPROVED,offline
97456664789,Data_AddOn_5GB,NBO,0.2284,Push,"Customer exceeded the data cap in 2 of the last 3 months, is a heavy data user (80% of cap).",Data AddOn 5GB suits your usage - tap to activate.,APPROVED,offline
97456743066,Data_AddOn_5GB,NBO,0.1443,Call,Customer exceeded the data cap in 2 of the last 3 months.,AGENT: Customer exceeded the data cap in 2 of the last 3 months. Recommend: Data AddOn 5GB suits your usage.,APPROVED,offline
97457113790,5G_Unlimited_Upgrade,Upsell,0.1324,Email,Customer is 26 days from renewal.,"Dear Customer,

Customer is 26 days from renewal.

You're using 74% of your data - 5G Unlimited Upgrade gives you more headroom.

Ooredoo",APPROVED,offline
97455721339,Data_AddOn_5GB,NBO,0.2863,SMS,Customer exceeded the data cap in 1 of the last 3 months.,Hi! Data AddOn 5GB suits your usage. Reply YES. Ooredoo,APPROVED,offline
97454275709,Data_AddOn_5GB,NBO,0.0963,Email,"Customer exceeded the data cap in 3 of the last 3 months, is a heavy data user (88% of cap), is 18 days from renewal.","Dear Customer,

Customer exceeded the data cap in 3 of the last 3 months, is a heavy data user (88% of cap), is 18 days from renewal.

Data AddOn 5GB suits your usage.

Ooredoo",APPROVED,offline
97451084654,Data_AddOn_5GB,NBO,0.1429,Push,Customer exceeded the data cap in 1 of the last 3 months.,Data AddOn 5GB suits your usage - tap to activate.,APPROVED,offline
97456147581,10GB_Aggressive_HVC,Retention,0.3114,Email,"Customer exceeded the data cap in 2 of the last 3 months, is a heavy data user (94% of cap), shows elevated churn risk.","Dear Customer,

Customer exceeded the data cap in 2 of the last 3 months, is a heavy data user (94% of cap), shows elevated churn risk.

Based on your recent usage, our 10GB Aggressive HVC keeps you covered.

Ooredoo",SOFTENED,offline
97452954354,Data_AddOn_5GB,NBO,0.2373,Push,Customer exceeded the data cap in 3 of the last 3 months.,Data AddOn 5GB suits your usage - tap to activate.,APPROVED,offline
97459242680,Data_AddOn_5GB,NBO,0.279,SMS,Customer is an active Mass customer.,Hi! Data AddOn 5GB suits your usage. Reply YES. Ooredoo,APPROVED,offline
97453428388,Data_AddOn_5GB,NBO,0.2207,SMS,"Customer exceeded the data cap in 2 of the last 3 months, is 19 days from renewal.",Hi! Data AddOn 5GB suits your usage. Reply YES. Ooredoo,APPROVED,offline
97459916786,Data_AddOn_5GB,NBO,0.1411,Call,Customer exceeded the data cap in 2 of the last 3 months.,AGENT: Customer exceeded the data cap in 2 of the last 3 months. Recommend: Data AddOn 5GB suits your usage.,APPROVED,offline
97453663046,10GB_Aggressive_HVC,Retention,0.398,SMS,"Customer exceeded the data cap in 1 of the last 3 months, is 12 days from renewal, shows elevated churn risk.","Hi! Based on your recent usage, our 10GB Aggressive HVC keeps you covered and your renewal is in 12 days - switch with no penalty. Reply YES. Ooredoo",APPROVED,offline
97456499720,10GB_Aggressive_HVC,Retention,0.3218,Email,"Customer exceeded the data cap in 2 of the last 3 months, is 30 days from renewal, shows elevated churn risk.","Dear Customer,

Customer exceeded the data cap in 2 of the last 3 months, is 30 days from renewal, shows elevated churn risk.

Based on your recent usage, our 10GB Aggressive HVC keeps you covered and your renewal is in 30 days - switch with no penalty.

Ooredoo",SOFTENED,offline
97457640913,Data_AddOn_5GB,NBO,0.2846,SMS,"Customer exceeded the data cap in 2 of the last 3 months, is 38 days from renewal.",Hi! Data AddOn 5GB suits your usage. Reply YES. Ooredoo,APPROVED,offline
97454416664,Data_AddOn_5GB,NBO,0.1792,Email,Customer exceeded the data cap in 1 of the last 3 months.,"Dear Customer,

Customer exceeded the data cap in 1 of the last 3 months.

Data AddOn 5GB suits your usage.

Ooredoo",APPROVED,offline
97454385659,Data_AddOn_5GB,NBO,0.1865,Email,Customer is an active Mass customer.,"Dear Customer,

Customer is an active Mass customer.

Data AddOn 5GB suits your usage.

Ooredoo",APPROVED,offline
97454385357,Data_AddOn_5GB,NBO,0.2361,SMS,"Customer exceeded the data cap in 1 of the last 3 months, is 5 days from renewal.",Hi! Data AddOn 5GB suits your usage. Reply YES. Ooredoo,APPROVED,offline
97452465689,Data_AddOn_5GB,NBO,0.217,Push,"Customer exceeded the data cap in 3 of the last 3 months, is 21 days from renewal.",Data AddOn 5GB suits your usage - tap to activate.,APPROVED,offline
97451068148,Data_AddOn_5GB,NBO,0.2866,Push,Customer is an active Mass customer.,Data AddOn 5GB suits your usage - tap to activate.,APPROVED,offline
97452825665,Data_AddOn_5GB,NBO,0.2138,SMS,Customer is an active Mass customer.,Hi! Data AddOn 5GB suits your usage. Reply YES. Ooredoo,APPROVED,offline
97453745683,10GB_Aggressive_HVC,Retention,0.2932,Push,"Customer exceeded the data cap in 3 of the last 3 months, shows elevated churn risk.","Based on your recent usage, our 10GB Aggressive HVC keeps you covered - tap to activate.",APPROVED,offline
97455056518,10GB_Aggressive_HVC,Retention,0.286,SMS,"Customer exceeded the data cap in 2 of the last 3 months, shows elevated churn risk.","Hi! Based on your recent usage, our 10GB Aggressive HVC keeps you covered. Reply YES. Ooredoo",APPROVED,offline
97453669995,Data_AddOn_5GB,NBO,0.1021,SMS,Customer exceeded the data cap in 1 of the last 3 months.,Hi! Data AddOn 5GB suits your usage. Reply YES. Ooredoo,APPROVED,offline
97455997895,200mins_Upsell,Upsell,0.0506,SMS,"Customer exceeded the data cap in 1 of the last 3 months, is a heavy data user (96% of cap).",Hi! You're using 96% of your data - 200mins Upsell gives you more headroom. Reply YES. Ooredoo,APPROVED,offline
97457397986,Retention_Save_25pct,Retention,0.3138,Push,"Customer exceeded the data cap in 2 of the last 3 months, shows elevated churn risk.","Based on your recent usage, our Retention Save 25pct keeps you covered - tap to activate.",APPROVED,offline
97452870928,Data_AddOn_5GB,NBO,0.2644,Email,Customer exceeded the data cap in 3 of the last 3 months.,"Dear Customer,

Customer exceeded the data cap in 3 of the last 3 months.

Data AddOn 5GB suits your usage.

Ooredoo",APPROVED,offline
97455155299,Data_AddOn_5GB,NBO,0.1908,SMS,Customer is an active Mass customer.,Hi! Data AddOn 5GB suits your usage. Reply YES. Ooredoo,APPROVED,offline
97457249859,Data_AddOn_5GB,NBO,0.2685,SMS,Customer exceeded the data cap in 2 of the last 3 months.,Hi! Data AddOn 5GB suits your usage. Reply YES. Ooredoo,APPROVED,offline
97453305413,10GB_Aggressive_HVC,Retention,0.3229,SMS,"Customer exceeded the data cap in 2 of the last 3 months, shows elevated churn risk, logged a recent complaint.","Hi! Based on your recent usage, our 10GB Aggressive HVC keeps you covered. Reply YES. Ooredoo",SOFTENED,offline
97454910197,5G_Unlimited_Upgrade,Upsell,0.1791,SMS,Customer is a heavy data user (84% of cap).,Hi! You're using 84% of your data - 5G Unlimited Upgrade gives you more headroom. Reply YES. Ooredoo,APPROVED,offline
97456558019,Retention_Save_25pct,Retention,0.206,Email,"Customer exceeded the data cap in 3 of the last 3 months, is 25 days from renewal.","Dear Customer,

Customer exceeded the data cap in 3 of the last 3 months, is 25 days from renewal.

Based on your recent usage, our Retention Save 25pct keeps you covered and your renewal is in 25 days - switch with no penalty.

Ooredoo",APPROVED,offline
97456414709,Retention_Save_25pct,Retention,0.2405,SMS,"Customer is 24 days from renewal, logged a recent complaint.","Hi! Based on your recent usage, our Retention Save 25pct keeps you covered and your renewal is in 24 days - switch with no penalty. Reply YES. Ooredoo",APPROVED,offline
97451271836,Data_AddOn_5GB,NBO,0.2044,SMS,"Customer exceeded the data cap in 1 of the last 3 months, is a heavy data user (85% of cap), is 47 days from renewal.",Hi! Data AddOn 5GB suits your usage. Reply YES. Ooredoo,APPROVED,offline
97454584702,Data_AddOn_5GB,NBO,0.265,SMS,Customer is 20 days from renewal.,Hi! Data AddOn 5GB suits your usage. Reply YES. Ooredoo,APPROVED,offline
97458281369,Retention_Save_25pct,Retention,0.1729,Email,"Customer exceeded the data cap in 2 of the last 3 months, is 20 days from renewal, logged a recent complaint.","Dear Customer,

Customer exceeded the data cap in 2 of the last 3 months, is 20 days from renewal, logged a recent complaint.

Based on your recent usage, our Retention Save 25pct keeps you covered and your renewal is in 20 days - switch with no penalty.

Ooredoo",APPROVED,offline
97453299435,Data_AddOn_5GB,NBO,0.2148,Call,Customer exceeded the data cap in 3 of the last 3 months.,AGENT: Customer exceeded the data cap in 3 of the last 3 months. Recommend: Data AddOn 5GB suits your usage.,APPROVED,offline
97459585377,200mins_Upsell,Upsell,0.2353,SMS,"Customer exceeded the data cap in 1 of the last 3 months, is a heavy data user (92% of cap), is 18 days from renewal.",Hi! You're using 92% of your data - 200mins Upsell gives you more headroom. Reply YES. Ooredoo,APPROVED,offline
97453658505,Data_AddOn_5GB,NBO,0.2233,Push,"Customer exceeded the data cap in 1 of the last 3 months, is a heavy data user (84% of cap), is 45 days from renewal.",Data AddOn 5GB suits your usage - tap to activate.,APPROVED,offline
97452271741,Retention_Save_25pct,Retention,0.1386,Call,Customer exceeded the data cap in 3 of the last 3 months.,"AGENT: Customer exceeded the data cap in 3 of the last 3 months. Recommend: Based on your recent usage, our Retention Save 25pct keeps you covered.",APPROVED,offline
97454769315,10GB_Aggressive_HVC,Retention,0.5911,Call,"Customer exceeded the data cap in 1 of the last 3 months, shows elevated churn risk.","AGENT: Customer exceeded the data cap in 1 of the last 3 months, shows elevated churn risk. Recommend: Based on your recent usage, our 10GB Aggressive HVC keeps you covered.",APPROVED,offline
97452046797,Roaming_Daily_Pass,CrossSell,0.1574,Push,Customer exceeded the data cap in 2 of the last 3 months.,Add Roaming Daily Pass to get more from your plan - tap to activate.,APPROVED,offline
97454047262,Retention_Save_25pct,Retention,0.216,SMS,"Customer is a heavy data user (87% of cap), is 52 days from renewal.","Hi! Based on your recent usage, our Retention Save 25pct keeps you covered and your renewal is in 52 days - switch with no penalty. Reply YES. Ooredoo",APPROVED,offline
97451564685,Data_AddOn_5GB,NBO,0.1965,SMS,Customer is an active Mass customer.,Hi! Data AddOn 5GB suits your usage. Reply YES. Ooredoo,APPROVED,offline
97453879190,Data_AddOn_5GB,NBO,0.2373,SMS,"Customer exceeded the data cap in 3 of the last 3 months, is 11 days from renewal.",Hi! Data AddOn 5GB suits your usage. Reply YES. Ooredoo,APPROVED,offline
97456596411,Data_AddOn_5GB,NBO,0.1318,SMS,Customer exceeded the data cap in 3 of the last 3 months.,Hi! Data AddOn 5GB suits your usage. Reply YES. Ooredoo,APPROVED,offline
97452007293,Roaming_Daily_Pass,CrossSell,0.1887,Push,"Customer exceeded the data cap in 2 of the last 3 months, is 25 days from renewal, logged a recent complaint.",Add Roaming Daily Pass to get more from your plan - tap to activate.,APPROVED,offline
97455774183,Data_AddOn_5GB,NBO,0.2019,SMS,Customer exceeded the data cap in 3 of the last 3 months.,Hi! Data AddOn 5GB suits your usage. Reply YES. Ooredoo,APPROVED,offline
97454366612,5G_Unlimited_Upgrade,Upsell,0.1595,Push,Customer is a heavy data user (81% of cap).,You're using 81% of your data - 5G Unlimited Upgrade gives you more headroom - tap to activate.,APPROVED,offline
97459411855,5G_Unlimited_Upgrade,Upsell,0.145,Call,Customer exceeded the data cap in 2 of the last 3 months.,AGENT: Customer exceeded the data cap in 2 of the last 3 months. Recommend: You're using 71% of your data - 5G Unlimited Upgrade gives you more headroom.,APPROVED,offline
97456267180,Data_AddOn_5GB,NBO,0.2545,SMS,"Customer is a heavy data user (94% of cap), is 21 days from renewal, logged a recent complaint.",Hi! Data AddOn 5GB suits your usage. Reply YES. Ooredoo,APPROVED,offline
97458807313,Retention_Save_25pct,Retention,0.138,SMS,Customer exceeded the data cap in 2 of the last 3 months.,"Hi! Based on your recent usage, our Retention Save 25pct keeps you covered. Reply YES. Ooredoo",APPROVED,offline
97453704238,Data_AddOn_5GB,NBO,0.1272,Push,Customer exceeded the data cap in 1 of the last 3 months.,Data AddOn 5GB suits your usage - tap to activate.,APPROVED,offline
97453630708,Data_AddOn_5GB,NBO,0.2672,Push,"Customer exceeded the data cap in 2 of the last 3 months, is 14 days from renewal.",Data AddOn 5GB suits your usage - tap to activate.,APPROVED,offline
97454494679,200mins_Upsell,Upsell,0.1804,Call,"Customer exceeded the data cap in 1 of the last 3 months, is a heavy data user (89% of cap).","AGENT: Customer exceeded the data cap in 1 of the last 3 months, is a heavy data user (89% of cap). Recommend: You're using 89% of your data - 200mins Upsell gives you more headroom.",APPROVED,offline
97456517209,Data_AddOn_5GB,NBO,0.2669,SMS,Customer exceeded the data cap in 3 of the last 3 months.,Hi! Data AddOn 5GB suits your usage. Reply YES. Ooredoo,APPROVED,offline
97452767640,Data_AddOn_5GB,NBO,0.1302,Email,Customer exceeded the data cap in 1 of the last 3 months.,"Dear Customer,

Customer exceeded the data cap in 1 of the last 3 months.

Data AddOn 5GB suits your usage.

Ooredoo",APPROVED,offline
97457723771,Data_AddOn_5GB,NBO,0.1989,Push,Customer exceeded the data cap in 2 of the last 3 months.,Data AddOn 5GB suits your usage - tap to activate.,APPROVED,offline
97452285160,5G_Unlimited_Upgrade,Upsell,0.1362,SMS,Customer exceeded the data cap in 3 of the last 3 months.,Hi! You're using 72% of your data - 5G Unlimited Upgrade gives you more headroom. Reply YES. Ooredoo,APPROVED,offline
97457080526,Data_AddOn_5GB,NBO,0.2929,Push,Customer exceeded the data cap in 3 of the last 3 months.,Data AddOn 5GB suits your usage - tap to activate.,APPROVED,offline
97456173036,5G_Unlimited_Upgrade,Upsell,0.1468,Email,"Customer exceeded the data cap in 2 of the last 3 months, is 52 days from renewal.","Dear Customer,

Customer exceeded the data cap in 2 of the last 3 months, is 52 days from renewal.

You're using 64% of your data - 5G Unlimited Upgrade gives you more headroom.

Ooredoo",APPROVED,offline
97452425472,Retention_Save_25pct,Retention,0.1876,SMS,"Customer exceeded the data cap in 3 of the last 3 months, is a heavy data user (86% of cap), is 47 days from renewal.","Hi! Based on your recent usage, our Retention Save 25pct keeps you covered and your renewal is in 47 days - switch with no penalty. Reply YES. Ooredoo",APPROVED,offline
97451048984,200mins_Upsell,Upsell,0.1633,Push,Customer is a heavy data user (90% of cap).,You're using 90% of your data - 200mins Upsell gives you more headroom - tap to activate.,APPROVED,offline
97457556168,Retention_Save_25pct,Retention,0.2605,Call,"Customer exceeded the data cap in 3 of the last 3 months, is 59 days from renewal.","AGENT: Customer exceeded the data cap in 3 of the last 3 months, is 59 days from renewal. Recommend: Based on your recent usage, our Retention Save 25pct keeps you covered and your renewal is in 59 days - switch with no penalty.",APPROVED,offline
97452504384,Retention_Save_25pct,Retention,0.289,Push,"Customer exceeded the data cap in 1 of the last 3 months, is 10 days from renewal.","Based on your recent usage, our Retention Save 25pct keeps you covered and your renewal is in 10 days - switch with no p",APPROVED,offline
97453230919,200mins_Upsell,Upsell,0.3304,SMS,"Customer is a heavy data user (94% of cap), is 37 days from renewal.",Hi! You're using 94% of your data - 200mins Upsell gives you more headroom. Reply YES. Ooredoo,APPROVED,offline
97457940119,Data_AddOn_5GB,NBO,0.2223,Call,"Customer exceeded the data cap in 1 of the last 3 months, is 5 days from renewal.","AGENT: Customer exceeded the data cap in 1 of the last 3 months, is 5 days from renewal. Recommend: Data AddOn 5GB suits your usage.",APPROVED,offline
97452737095,10GB_Aggressive_HVC,Retention,0.3901,SMS,"Customer exceeded the data cap in 1 of the last 3 months, is a heavy data user (83% of cap), shows elevated churn risk.","Hi! Based on your recent usage, our 10GB Aggressive HVC keeps you covered. Reply YES. Ooredoo",SOFTENED,offline
97455780450,Data_AddOn_5GB,NBO,0.1557,Push,Customer exceeded the data cap in 2 of the last 3 months.,Data AddOn 5GB suits your usage - tap to activate.,APPROVED,offline
97458469344,Data_AddOn_5GB,NBO,0.2049,Email,Customer exceeded the data cap in 2 of the last 3 months.,"Dear Customer,

Customer exceeded the data cap in 2 of the last 3 months.

Data AddOn 5GB suits your usage.

Ooredoo",APPROVED,offline
97453109818,Retention_Save_25pct,Retention,0.2141,SMS,Customer is 43 days from renewal.,"Hi! Based on your recent usage, our Retention Save 25pct keeps you covered and your renewal is in 43 days - switch with no penalty. Reply YES. Ooredoo",APPROVED,offline
97453231785,200mins_Upsell,Upsell,0.2227,SMS,Customer is a heavy data user (92% of cap).,Hi! You're using 92% of your data - 200mins Upsell gives you more headroom. Reply YES. Ooredoo,APPROVED,offline
97454853339,Data_AddOn_5GB,NBO,0.33,Call,"Customer exceeded the data cap in 2 of the last 3 months, logged a recent complaint.","AGENT: Customer exceeded the data cap in 2 of the last 3 months, logged a recent complaint. Recommend: Data AddOn 5GB suits your usage.",APPROVED,offline
97451996107,Data_AddOn_5GB,NBO,0.1657,Push,Customer exceeded the data cap in 2 of the last 3 months.,Data AddOn 5GB suits your usage - tap to activate.,APPROVED,offline
97458130144,Data_AddOn_5GB,NBO,0.1339,SMS,Customer is an active HVC customer.,Hi! Data AddOn 5GB suits your usage. Reply YES. Ooredoo,APPROVED,offline
97455545583,10GB_Aggressive_HVC,Retention,0.5899,SMS,Customer shows elevated churn risk.,"Hi! Based on your recent usage, our 10GB Aggressive HVC keeps you covered. Reply YES. Ooredoo",SOFTENED,offline
97454747389,5G_Unlimited_Upgrade,Upsell,0.1651,Push,"Customer exceeded the data cap in 3 of the last 3 months, is 33 days from renewal, logged a recent complaint.",You're using 77% of your data - 5G Unlimited Upgrade gives you more headroom - tap to activate.,APPROVED,offline
97455142807,Data_AddOn_5GB,NBO,0.2246,Call,Customer exceeded the data cap in 3 of the last 3 months.,AGENT: Customer exceeded the data cap in 3 of the last 3 months. Recommend: Data AddOn 5GB suits your usage.,APPROVED,offline
97458988004,Data_AddOn_5GB,NBO,0.2157,SMS,"Customer exceeded the data cap in 1 of the last 3 months, is 47 days from renewal.",Hi! Data AddOn 5GB suits your usage. Reply YES. Ooredoo,APPROVED,offline
97457245035,Retention_Save_25pct,Retention,0.2362,SMS,"Customer exceeded the data cap in 1 of the last 3 months, is 33 days from renewal.","Hi! Based on your recent usage, our Retention Save 25pct keeps you covered and your renewal is in 33 days - switch with no penalty. Reply YES. Ooredoo",APPROVED,offline
97454602279,200mins_Upsell,Upsell,0.3115,Call,"Customer exceeded the data cap in 1 of the last 3 months, is a heavy data user (89% of cap).","AGENT: Customer exceeded the data cap in 1 of the last 3 months, is a heavy data user (89% of cap). Recommend: You're using 89% of your data - 200mins Upsell gives you more headroom.",APPROVED,offline
97456515989,Data_AddOn_5GB,NBO,0.2054,Call,Customer is an active Mass customer.,AGENT: Customer is an active Mass customer. Recommend: Data AddOn 5GB suits your usage.,APPROVED,offline
97453121690,10GB_Aggressive_HVC,Retention,0.3882,Call,Customer shows elevated churn risk.,"AGENT: Customer shows elevated churn risk. Recommend: Based on your recent usage, our 10GB Aggressive HVC keeps you covered.",SOFTENED,offline
97451491234,Data_AddOn_5GB,NBO,0.2155,Push,Customer exceeded the data cap in 2 of the last 3 months.,Data AddOn 5GB suits your usage - tap to activate.,APPROVED,offline
97456401218,Data_AddOn_5GB,NBO,0.1331,SMS,Customer exceeded the data cap in 2 of the last 3 months.,Hi! Data AddOn 5GB suits your usage. Reply YES. Ooredoo,APPROVED,offline
97457914550,Data_AddOn_5GB,NBO,0.2189,SMS,Customer exceeded the data cap in 3 of the last 3 months.,Hi! Data AddOn 5GB suits your usage. Reply YES. Ooredoo,APPROVED,offline
97457167294,Data_AddOn_5GB,NBO,0.2094,Call,Customer is an active Mass customer.,AGENT: Customer is an active Mass customer. Recommend: Data AddOn 5GB suits your usage.,APPROVED,offline
97457906726,Data_AddOn_5GB,NBO,0.267,SMS,Customer exceeded the data cap in 3 of the last 3 months.,Hi! Data AddOn 5GB suits your usage. Reply YES. Ooredoo,APPROVED,offline
97456888794,Data_AddOn_5GB,NBO,0.3443,Push,"Customer exceeded the data cap in 3 of the last 3 months, is a heavy data user (90% of cap).",Data AddOn 5GB suits your usage - tap to activate.,APPROVED,offline
97458558158,Data_AddOn_5GB,NBO,0.1277,Email,Customer exceeded the data cap in 3 of the last 3 months.,"Dear Customer,

Customer exceeded the data cap in 3 of the last 3 months.

Data AddOn 5GB suits your usage.

Ooredoo",APPROVED,offline
97457510425,Data_AddOn_5GB,NBO,0.1749,Email,Customer exceeded the data cap in 3 of the last 3 months.,"Dear Customer,

Customer exceeded the data cap in 3 of the last 3 months.

Data AddOn 5GB suits your usage.

Ooredoo",APPROVED,offline
97459511017,Retention_Save_25pct,Retention,0.371,Call,"Customer exceeded the data cap in 2 of the last 3 months, shows elevated churn risk, logged a recent complaint.","AGENT: Customer exceeded the data cap in 2 of the last 3 months, shows elevated churn risk, logged a recent complaint. Recommend: Based on your recent usage, our Retention Save 25pct keeps you covered.",APPROVED,offline
97458887739,Retention_Save_25pct,Retention,0.1996,Push,Customer is 41 days from renewal.,"Based on your recent usage, our Retention Save 25pct keeps you covered and your renewal is in 41 days - switch with no p",APPROVED,offline
97451769598,Retention_Save_25pct,Retention,0.2285,SMS,"Customer exceeded the data cap in 3 of the last 3 months, is 25 days from renewal, logged a recent complaint.","Hi! Based on your recent usage, our Retention Save 25pct keeps you covered and your renewal is in 25 days - switch with no penalty. Reply YES. Ooredoo",APPROVED,offline
97456292895,Data_AddOn_5GB,NBO,0.1344,SMS,Customer exceeded the data cap in 1 of the last 3 months.,Hi! Data AddOn 5GB suits your usage. Reply YES. Ooredoo,APPROVED,offline
97458971379,Data_AddOn_5GB,NBO,0.1315,Push,Customer exceeded the data cap in 2 of the last 3 months.,Data AddOn 5GB suits your usage - tap to activate.,APPROVED,offline
97454331068,Retention_Save_25pct,Retention,0.2812,Email,"Customer exceeded the data cap in 1 of the last 3 months, shows elevated churn risk.","Dear Customer,

Customer exceeded the data cap in 1 of the last 3 months, shows elevated churn risk.

Based on your recent usage, our Retention Save 25pct keeps you covered.

Ooredoo",APPROVED,offline
97454256415,Data_AddOn_5GB,NBO,0.2666,Push,Customer is an active Mass customer.,Data AddOn 5GB suits your usage - tap to activate.,APPROVED,offline
97451874371,Data_AddOn_5GB,NBO,0.1478,SMS,Customer exceeded the data cap in 1 of the last 3 months.,Hi! Data AddOn 5GB suits your usage. Reply YES. Ooredoo,APPROVED,offline
97456654237,Data_AddOn_5GB,NBO,0.1481,SMS,Customer is an active Youth customer.,Hi! Data AddOn 5GB suits your usage. Reply YES. Ooredoo,APPROVED,offline
97451973548,10GB_Aggressive_HVC,Retention,0.3209,Push,"Customer exceeded the data cap in 1 of the last 3 months, shows elevated churn risk.","Based on your recent usage, our 10GB Aggressive HVC keeps you covered - tap to activate.",APPROVED,offline
97454344014,Retention_Save_25pct,Retention,0.305,Email,"Customer exceeded the data cap in 2 of the last 3 months, shows elevated churn risk.","Dear Customer,

Customer exceeded the data cap in 2 of the last 3 months, shows elevated churn risk.

Based on your recent usage, our Retention Save 25pct keeps you covered.

Ooredoo",APPROVED,offline
97458064746,Data_AddOn_5GB,NBO,0.2223,SMS,Customer is an active Mass customer.,Hi! Data AddOn 5GB suits your usage. Reply YES. Ooredoo,APPROVED,offline
97457216204,Retention_Save_25pct,Retention,0.3669,SMS,"Customer exceeded the data cap in 1 of the last 3 months, is 58 days from renewal, shows elevated churn risk, logged a recent complaint.","Hi! Based on your recent usage, our Retention Save 25pct keeps you covered and your renewal is in 58 days - switch with no penalty. Reply YES. Ooredoo",APPROVED,offline
97456193542,Retention_Save_25pct,Retention,0.318,Email,"Customer exceeded the data cap in 3 of the last 3 months, shows elevated churn risk.","Dear Customer,

Customer exceeded the data cap in 3 of the last 3 months, shows elevated churn risk.

Based on your recent usage, our Retention Save 25pct keeps you covered.

Ooredoo",APPROVED,offline
97453959034,Data_AddOn_5GB,NBO,0.1523,Push,Customer is 48 days from renewal.,Data AddOn 5GB suits your usage - tap to activate.,APPROVED,offline
97455574293,Data_AddOn_5GB,NBO,0.1502,Call,Customer exceeded the data cap in 3 of the last 3 months.,AGENT: Customer exceeded the data cap in 3 of the last 3 months. Recommend: Data AddOn 5GB suits your usage.,APPROVED,offline
97457706971,Data_AddOn_5GB,NBO,0.2708,Call,"Customer exceeded the data cap in 2 of the last 3 months, is a heavy data user (94% of cap).","AGENT: Customer exceeded the data cap in 2 of the last 3 months, is a heavy data user (94% of cap). Recommend: Data AddOn 5GB suits your usage.",APPROVED,offline
97451043585,Data_AddOn_5GB,NBO,0.1076,SMS,Customer exceeded the data cap in 2 of the last 3 months.,Hi! Data AddOn 5GB suits your usage. Reply YES. Ooredoo,APPROVED,offline
97453539448,Retention_Save_25pct,Retention,0.1954,SMS,"Customer is 47 days from renewal, logged a recent complaint.","Hi! Based on your recent usage, our Retention Save 25pct keeps you covered and your renewal is in 47 days - switch with no penalty. Reply YES. Ooredoo",APPROVED,offline
97451109556,Data_AddOn_5GB,NBO,0.1286,Push,Customer exceeded the data cap in 2 of the last 3 months.,Data AddOn 5GB suits your usage - tap to activate.,APPROVED,offline
97452575557,Data_AddOn_5GB,NBO,0.0979,SMS,"Customer exceeded the data cap in 2 of the last 3 months, is 1 days from renewal.",Hi! Data AddOn 5GB suits your usage. Reply YES. Ooredoo,APPROVED,offline
97459306461,Data_AddOn_5GB,NBO,0.2132,SMS,Customer exceeded the data cap in 2 of the last 3 months.,Hi! Data AddOn 5GB suits your usage. Reply YES. Ooredoo,APPROVED,offline
97453009021,Data_AddOn_5GB,NBO,0.1675,Email,"Customer exceeded the data cap in 2 of the last 3 months, is a heavy data user (86% of cap), is 59 days from renewal.","Dear Customer,

Customer exceeded the data cap in 2 of the last 3 months, is a heavy data user (86% of cap), is 59 days from renewal.

Data AddOn 5GB suits your usage.

Ooredoo",APPROVED,offline
97452201482,5G_Unlimited_Upgrade,Upsell,0.1658,Push,Customer is an active Youth customer.,You're using 61% of your data - 5G Unlimited Upgrade gives you more headroom - tap to activate.,APPROVED,offline
97451542335,Data_AddOn_5GB,NBO,0.2221,SMS,"Customer exceeded the data cap in 1 of the last 3 months, is 13 days from renewal.",Hi! Data AddOn 5GB suits your usage. Reply YES. Ooredoo,APPROVED,offline
97455270070,Data_AddOn_5GB,NBO,0.1965,SMS,Customer is an active Mass customer.,Hi! Data AddOn 5GB suits your usage. Reply YES. Ooredoo,APPROVED,offline
97457700379,Data_AddOn_5GB,NBO,0.2056,Push,"Customer exceeded the data cap in 3 of the last 3 months, is 56 days from renewal.",Data AddOn 5GB suits your usage - tap to activate.,APPROVED,offline
97454560920,10GB_Aggressive_HVC,Retention,0.2997,Email,"Customer exceeded the data cap in 2 of the last 3 months, shows elevated churn risk.","Dear Customer,

Customer exceeded the data cap in 2 of the last 3 months, shows elevated churn risk.

Based on your recent usage, our 10GB Aggressive HVC keeps you covered.

Ooredoo",APPROVED,offline
97457860006,Data_AddOn_5GB,NBO,0.273,SMS,"Customer exceeded the data cap in 3 of the last 3 months, is 14 days from renewal.",Hi! Data AddOn 5GB suits your usage. Reply YES. Ooredoo,APPROVED,offline
97453484413,Data_AddOn_5GB,NBO,0.2125,Call,Customer exceeded the data cap in 1 of the last 3 months.,AGENT: Customer exceeded the data cap in 1 of the last 3 months. Recommend: Data AddOn 5GB suits your usage.,APPROVED,offline
97453907360,Data_AddOn_5GB,NBO,0.2107,Call,Customer exceeded the data cap in 2 of the last 3 months.,AGENT: Customer exceeded the data cap in 2 of the last 3 months. Recommend: Data AddOn 5GB suits your usage.,APPROVED,offline
97456895544,200mins_Upsell,Upsell,0.5345,Push,"Customer exceeded the data cap in 1 of the last 3 months, is a heavy data user (95% of cap).",You're using 95% of your data - 200mins Upsell gives you more headroom - tap to activate.,APPROVED,offline
97456697469,Data_AddOn_5GB,NBO,0.1327,Email,Customer exceeded the data cap in 1 of the last 3 months.,"Dear Customer,

Customer exceeded the data cap in 1 of the last 3 months.

Data AddOn 5GB suits your usage.

Ooredoo",APPROVED,offline
97453235000,10GB_Aggressive_HVC,Retention,0.1221,Push,Customer exceeded the data cap in 2 of the last 3 months.,"Based on your recent usage, our 10GB Aggressive HVC keeps you covered - tap to activate.",APPROVED,offline
97457908531,5G_Unlimited_Upgrade,Upsell,0.1808,Email,Customer is a heavy data user (83% of cap).,"Dear Customer,

Customer is a heavy data user (83% of cap).

You're using 83% of your data - 5G Unlimited Upgrade gives you more headroom.

Ooredoo",APPROVED,offline
97455322252,Data_AddOn_5GB,NBO,0.229,SMS,Customer exceeded the data cap in 2 of the last 3 months.,Hi! Data AddOn 5GB suits your usage. Reply YES. Ooredoo,APPROVED,offline
97456822184,Data_AddOn_5GB,NBO,0.2084,Call,Customer exceeded the data cap in 2 of the last 3 months.,AGENT: Customer exceeded the data cap in 2 of the last 3 months. Recommend: Data AddOn 5GB suits your usage.,APPROVED,offline
97451402690,Data_AddOn_5GB,NBO,0.1969,SMS,Customer logged a recent complaint.,Hi! Data AddOn 5GB suits your usage. Reply YES. Ooredoo,APPROVED,offline
97453548421,Data_AddOn_5GB,NBO,0.1872,Email,Customer is an active Mass customer.,"Dear Customer,

Customer is an active Mass customer.

Data AddOn 5GB suits your usage.

Ooredoo",APPROVED,offline
97452954109,Data_AddOn_5GB,NBO,0.1257,Push,Customer exceeded the data cap in 1 of the last 3 months.,Data AddOn 5GB suits your usage - tap to activate.,APPROVED,offline
97455422880,Retention_Save_25pct,Retention,0.2076,SMS,"Customer exceeded the data cap in 2 of the last 3 months, is a heavy data user (81% of cap), is 41 days from renewal.","Hi! Based on your recent usage, our Retention Save 25pct keeps you covered and your renewal is in 41 days - switch with no penalty. Reply YES. Ooredoo",APPROVED,offline
97458205547,Data_AddOn_5GB,NBO,0.1156,Email,Customer exceeded the data cap in 3 of the last 3 months.,"Dear Customer,

Customer exceeded the data cap in 3 of the last 3 months.

Data AddOn 5GB suits your usage.

Ooredoo",APPROVED,offline
97459323735,Data_AddOn_5GB,NBO,0.2051,SMS,"Customer exceeded the data cap in 2 of the last 3 months, is 55 days from renewal.",Hi! Data AddOn 5GB suits your usage. Reply YES. Ooredoo,APPROVED,offline
97457457294,Data_AddOn_5GB,NBO,0.147,SMS,Customer exceeded the data cap in 1 of the last 3 months.,Hi! Data AddOn 5GB suits your usage. Reply YES. Ooredoo,APPROVED,offline
97452384250,Retention_Save_25pct,Retention,0.2264,SMS,Customer is 20 days from renewal.,"Hi! Based on your recent usage, our Retention Save 25pct keeps you covered and your renewal is in 20 days - switch with no penalty. Reply YES. Ooredoo",APPROVED,offline
97451061087,Data_AddOn_5GB,NBO,0.1347,Push,Customer exceeded the data cap in 1 of the last 3 months.,Data AddOn 5GB suits your usage - tap to activate.,APPROVED,offline
97457409907,Data_AddOn_5GB,NBO,0.2098,Call,Customer exceeded the data cap in 1 of the last 3 months.,AGENT: Customer exceeded the data cap in 1 of the last 3 months. Recommend: Data AddOn 5GB suits your usage.,APPROVED,offline
97452496176,Data_AddOn_5GB,NBO,0.1568,Call,Customer is an active HVC customer.,AGENT: Customer is an active HVC customer. Recommend: Data AddOn 5GB suits your usage.,APPROVED,offline
97451039353,Retention_Save_25pct,Retention,0.1998,Push,Customer is 52 days from renewal.,"Based on your recent usage, our Retention Save 25pct keeps you covered and your renewal is in 52 days - switch with no p",APPROVED,offline
97457484531,Data_AddOn_5GB,NBO,0.1957,Push,Customer is an active Mass customer.,Data AddOn 5GB suits your usage - tap to activate.,APPROVED,offline
97454360011,200mins_Upsell,Upsell,0.1999,Call,Customer is a heavy data user (81% of cap).,AGENT: Customer is a heavy data user (81% of cap). Recommend: You're using 81% of your data - 200mins Upsell gives you more headroom.,APPROVED,offline
97458654909,Retention_Save_25pct,Retention,0.2543,SMS,"Customer exceeded the data cap in 3 of the last 3 months, is a heavy data user (93% of cap), is 17 days from renewal.","Hi! Based on your recent usage, our Retention Save 25pct keeps you covered and your renewal is in 17 days - switch with no penalty. Reply YES. Ooredoo",APPROVED,offline
97455259622,Retention_Save_25pct,Retention,0.207,Push,"Customer exceeded the data cap in 1 of the last 3 months, is 52 days from renewal.","Based on your recent usage, our Retention Save 25pct keeps you covered and your renewal is in 52 days - switch with no p",APPROVED,offline
97455959617,Data_AddOn_5GB,NBO,0.3018,Call,Customer exceeded the data cap in 2 of the last 3 months.,AGENT: Customer exceeded the data cap in 2 of the last 3 months. Recommend: Data AddOn 5GB suits your usage.,APPROVED,offline
97456725570,Data_AddOn_5GB,NBO,0.1377,SMS,Customer exceeded the data cap in 1 of the last 3 months.,Hi! Data AddOn 5GB suits your usage. Reply YES. Ooredoo,APPROVED,offline
97451416880,Data_AddOn_5GB,NBO,0.1994,Email,Customer exceeded the data cap in 1 of the last 3 months.,"Dear Customer,

Customer exceeded the data cap in 1 of the last 3 months.

Data AddOn 5GB suits your usage.

Ooredoo",APPROVED,offline
97458072695,Data_AddOn_5GB,NBO,0.2474,Push,"Customer exceeded the data cap in 2 of the last 3 months, is 7 days from renewal.",Data AddOn 5GB suits your usage - tap to activate.,APPROVED,offline
97458433296,10GB_Aggressive_HVC,Retention,0.2995,Call,Customer is a heavy data user (87% of cap).,"AGENT: Customer is a heavy data user (87% of cap). Recommend: Based on your recent usage, our 10GB Aggressive HVC keeps you covered.",APPROVED,offline
97455965050,Retention_Save_25pct,Retention,0.2637,Email,"Customer exceeded the data cap in 1 of the last 3 months, is 24 days from renewal.","Dear Customer,

Customer exceeded the data cap in 1 of the last 3 months, is 24 days from renewal.

Based on your recent usage, our Retention Save 25pct keeps you covered and your renewal is in 24 days - switch with no penalty.

Ooredoo",APPROVED,offline
97451813168,Retention_Save_25pct,Retention,0.1444,SMS,Customer is an active Business customer.,"Hi! Based on your recent usage, our Retention Save 25pct keeps you covered. Reply YES. Ooredoo",APPROVED,offline
97451225281,Data_AddOn_5GB,NBO,0.2178,SMS,Customer exceeded the data cap in 3 of the last 3 months.,Hi! Data AddOn 5GB suits your usage. Reply YES. Ooredoo,APPROVED,offline
97454782875,Data_AddOn_5GB,NBO,0.1596,Call,Customer is an active Youth customer.,AGENT: Customer is an active Youth customer. Recommend: Data AddOn 5GB suits your usage.,APPROVED,offline
97453995765,Data_AddOn_5GB,NBO,0.1758,Email,"Customer exceeded the data cap in 3 of the last 3 months, is 59 days from renewal.","Dear Customer,

Customer exceeded the data cap in 3 of the last 3 months, is 59 days from renewal.

Data AddOn 5GB suits your usage.

Ooredoo",APPROVED,offline
97458734102,Data_AddOn_5GB,NBO,0.2048,SMS,"Customer exceeded the data cap in 2 of the last 3 months, is 12 days from renewal.",Hi! Data AddOn 5GB suits your usage. Reply YES. Ooredoo,APPROVED,offline
97456595108,Data_AddOn_5GB,NBO,0.2411,SMS,"Customer exceeded the data cap in 3 of the last 3 months, is 14 days from renewal.",Hi! Data AddOn 5GB suits your usage. Reply YES. Ooredoo,APPROVED,offline
97456674719,Data_AddOn_5GB,NBO,0.2148,Call,Customer exceeded the data cap in 2 of the last 3 months.,AGENT: Customer exceeded the data cap in 2 of the last 3 months. Recommend: Data AddOn 5GB suits your usage.,APPROVED,offline
97459658144,10GB_Aggressive_HVC,Retention,0.3689,SMS,Customer shows elevated churn risk.,"Hi! Based on your recent usage, our 10GB Aggressive HVC keeps you covered. Reply YES. Ooredoo",SOFTENED,offline
97457609280,Data_AddOn_5GB,NBO,0.1262,Push,Customer exceeded the data cap in 1 of the last 3 months.,Data AddOn 5GB suits your usage - tap to activate.,APPROVED,offline
97456500306,5G_Unlimited_Upgrade,Upsell,0.2965,Push,"Customer exceeded the data cap in 1 of the last 3 months, is a heavy data user (84% of cap), is 44 days from renewal.",You're using 84% of your data - 5G Unlimited Upgrade gives you more headroom - tap to activate.,APPROVED,offline
97455372093,Data_AddOn_5GB,NBO,0.2051,Call,Customer is an active Mass customer.,AGENT: Customer is an active Mass customer. Recommend: Data AddOn 5GB suits your usage.,APPROVED,offline
97452561729,Data_AddOn_5GB,NBO,0.1477,Push,Customer is 57 days from renewal.,Data AddOn 5GB suits your usage - tap to activate.,APPROVED,offline
97456031595,Retention_Save_25pct,Retention,0.2305,Push,Customer is 18 days from renewal.,"Based on your recent usage, our Retention Save 25pct keeps you covered and your renewal is in 18 days - switch with no p",APPROVED,offline
97456478047,Data_AddOn_5GB,NBO,0.109,Email,Customer exceeded the data cap in 1 of the last 3 months.,"Dear Customer,

Customer exceeded the data cap in 1 of the last 3 months.

Data AddOn 5GB suits your usage.

Ooredoo",APPROVED,offline
97452119043,Data_AddOn_5GB,NBO,0.2115,Call,Customer exceeded the data cap in 3 of the last 3 months.,AGENT: Customer exceeded the data cap in 3 of the last 3 months. Recommend: Data AddOn 5GB suits your usage.,APPROVED,offline
97458103230,Data_AddOn_5GB,NBO,0.2028,Call,"Customer exceeded the data cap in 1 of the last 3 months, logged a recent complaint.","AGENT: Customer exceeded the data cap in 1 of the last 3 months, logged a recent complaint. Recommend: Data AddOn 5GB suits your usage.",APPROVED,offline
97453558231,Data_AddOn_5GB,NBO,0.1072,SMS,"Customer exceeded the data cap in 1 of the last 3 months, is a heavy data user (93% of cap).",Hi! Data AddOn 5GB suits your usage. Reply YES. Ooredoo,APPROVED,offline
97457659908,Data_AddOn_5GB,NBO,0.1361,SMS,"Customer exceeded the data cap in 2 of the last 3 months, logged a recent complaint.",Hi! Data AddOn 5GB suits your usage. Reply YES. Ooredoo,APPROVED,offline
97454080389,Data_AddOn_5GB,NBO,0.2608,SMS,Customer exceeded the data cap in 2 of the last 3 months.,Hi! Data AddOn 5GB suits your usage. Reply YES. Ooredoo,APPROVED,offline
97452661909,Data_AddOn_5GB,NBO,0.1833,Email,"Customer exceeded the data cap in 2 of the last 3 months, is 59 days from renewal.","Dear Customer,

Customer exceeded the data cap in 2 of the last 3 months, is 59 days from renewal.

Data AddOn 5GB suits your usage.

Ooredoo",APPROVED,offline
97453656138,Data_AddOn_5GB,NBO,0.2727,SMS,"Customer exceeded the data cap in 3 of the last 3 months, is 60 days from renewal.",Hi! Data AddOn 5GB suits your usage. Reply YES. Ooredoo,APPROVED,offline
97451110078,Data_AddOn_5GB,NBO,0.299,Push,"Customer exceeded the data cap in 3 of the last 3 months, is a heavy data user (90% of cap).",Data AddOn 5GB suits your usage - tap to activate.,APPROVED,offline
97452915631,Retention_Save_25pct,Retention,0.2206,Push,"Customer exceeded the data cap in 3 of the last 3 months, is 43 days from renewal.","Based on your recent usage, our Retention Save 25pct keeps you covered and your renewal is in 43 days - switch with no p",APPROVED,offline
97457314127,Data_AddOn_5GB,NBO,0.2513,Push,"Customer exceeded the data cap in 2 of the last 3 months, is 48 days from renewal.",Data AddOn 5GB suits your usage - tap to activate.,APPROVED,offline
97453008187,Data_AddOn_5GB,NBO,0.1907,Email,Customer exceeded the data cap in 3 of the last 3 months.,"Dear Customer,

Customer exceeded the data cap in 3 of the last 3 months.

Data AddOn 5GB suits your usage.

Ooredoo",APPROVED,offline
97452659066,Data_AddOn_5GB,NBO,0.3117,Call,Customer is an active Mass customer.,AGENT: Customer is an active Mass customer. Recommend: Data AddOn 5GB suits your usage.,APPROVED,offline
97453148815,Data_AddOn_5GB,NBO,0.2142,SMS,Customer is 44 days from renewal.,Hi! Data AddOn 5GB suits your usage. Reply YES. Ooredoo,APPROVED,offline
97458355740,Retention_Save_25pct,Retention,0.2491,Email,"Customer exceeded the data cap in 2 of the last 3 months, shows elevated churn risk.","Dear Customer,

Customer exceeded the data cap in 2 of the last 3 months, shows elevated churn risk.

Based on your recent usage, our Retention Save 25pct keeps you covered.

Ooredoo",APPROVED,offline
97455506259,Data_AddOn_5GB,NBO,0.2083,SMS,Customer exceeded the data cap in 3 of the last 3 months.,Hi! Data AddOn 5GB suits your usage. Reply YES. Ooredoo,APPROVED,offline
97458473915,Retention_Save_25pct,Retention,0.1866,SMS,Customer exceeded the data cap in 1 of the last 3 months.,"Hi! Based on your recent usage, our Retention Save 25pct keeps you covered. Reply YES. Ooredoo",APPROVED,offline
97458658426,Data_AddOn_5GB,NBO,0.1353,SMS,Customer exceeded the data cap in 3 of the last 3 months.,Hi! Data AddOn 5GB suits your usage. Reply YES. Ooredoo,APPROVED,offline
97457404003,10GB_Aggressive_HVC,Retention,0.3384,Email,"Customer exceeded the data cap in 1 of the last 3 months, is 55 days from renewal, shows elevated churn risk.","Dear Customer,

Customer exceeded the data cap in 1 of the last 3 months, is 55 days from renewal, shows elevated churn risk.

Based on your recent usage, our 10GB Aggressive HVC keeps you covered and your renewal is in 55 days - switch with no penalty.

Ooredoo",SOFTENED,offline
97455135314,Data_AddOn_5GB,NBO,0.2208,Push,Customer exceeded the data cap in 3 of the last 3 months.,Data AddOn 5GB suits your usage - tap to activate.,APPROVED,offline
97451910681,Data_AddOn_5GB,NBO,0.1837,Email,Customer exceeded the data cap in 1 of the last 3 months.,"Dear Customer,

Customer exceeded the data cap in 1 of the last 3 months.

Data AddOn 5GB suits your usage.

Ooredoo",APPROVED,offline
97452607618,Data_AddOn_5GB,NBO,0.23,Push,Customer is a heavy data user (80% of cap).,Data AddOn 5GB suits your usage - tap to activate.,APPROVED,offline
97454896830,Data_AddOn_5GB,NBO,0.2242,Email,"Customer exceeded the data cap in 2 of the last 3 months, logged a recent complaint.","Dear Customer,

Customer exceeded the data cap in 2 of the last 3 months, logged a recent complaint.

Data AddOn 5GB suits your usage.

Ooredoo",APPROVED,offline
97455336787,Data_AddOn_5GB,NBO,0.1421,Push,Customer exceeded the data cap in 3 of the last 3 months.,Data AddOn 5GB suits your usage - tap to activate.,APPROVED,offline
97453755423,Data_AddOn_5GB,NBO,0.2739,Push,"Customer exceeded the data cap in 3 of the last 3 months, is a heavy data user (82% of cap).",Data AddOn 5GB suits your usage - tap to activate.,APPROVED,offline
97451071295,Retention_Save_25pct,Retention,0.1538,SMS,"Customer exceeded the data cap in 2 of the last 3 months, is 39 days from renewal.","Hi! Based on your recent usage, our Retention Save 25pct keeps you covered and your renewal is in 39 days - switch with no penalty. Reply YES. Ooredoo",APPROVED,offline
97458613287,Retention_Save_25pct,Retention,0.2307,Call,"Customer exceeded the data cap in 1 of the last 3 months, is 15 days from renewal.","AGENT: Customer exceeded the data cap in 1 of the last 3 months, is 15 days from renewal. Recommend: Based on your recent usage, our Retention Save 25pct keeps you covered and your renewal is in 15 days - switch with no penalty.",APPROVED,offline
97454445376,10GB_Aggressive_HVC,Retention,0.3193,Call,"Customer exceeded the data cap in 3 of the last 3 months, shows elevated churn risk.","AGENT: Customer exceeded the data cap in 3 of the last 3 months, shows elevated churn risk. Recommend: Based on your recent usage, our 10GB Aggressive HVC keeps you covered.",APPROVED,offline
97456251035,Retention_Save_25pct,Retention,0.2093,SMS,"Customer exceeded the data cap in 2 of the last 3 months, is 15 days from renewal.","Hi! Based on your recent usage, our Retention Save 25pct keeps you covered and your renewal is in 15 days - switch with no penalty. Reply YES. Ooredoo",APPROVED,offline
97454612600,Data_AddOn_5GB,NBO,0.1835,Email,"Customer exceeded the data cap in 2 of the last 3 months, is 38 days from renewal.","Dear Customer,

Customer exceeded the data cap in 2 of the last 3 months, is 38 days from renewal.

Data AddOn 5GB suits your usage.

Ooredoo",APPROVED,offline
97451825816,Data_AddOn_5GB,NBO,0.2682,SMS,"Customer exceeded the data cap in 1 of the last 3 months, is 58 days from renewal.",Hi! Data AddOn 5GB suits your usage. Reply YES. Ooredoo,APPROVED,offline
97459763313,Data_AddOn_5GB,NBO,0.227,SMS,"Customer exceeded the data cap in 1 of the last 3 months, is a heavy data user (84% of cap).",Hi! Data AddOn 5GB suits your usage. Reply YES. Ooredoo,APPROVED,offline
97453026793,5G_Unlimited_Upgrade,Upsell,0.12,Email,"Customer exceeded the data cap in 3 of the last 3 months, is 57 days from renewal.","Dear Customer,

Customer exceeded the data cap in 3 of the last 3 months, is 57 days from renewal.

You're using 64% of your data - 5G Unlimited Upgrade gives you more headroom.

Ooredoo",APPROVED,offline
97451554594,Data_AddOn_5GB,NBO,0.214,Push,"Customer exceeded the data cap in 2 of the last 3 months, logged a recent complaint.",Data AddOn 5GB suits your usage - tap to activate.,APPROVED,offline
97459536326,Data_AddOn_5GB,NBO,0.2077,Push,Customer exceeded the data cap in 1 of the last 3 months.,Data AddOn 5GB suits your usage - tap to activate.,APPROVED,offline
97454504473,Data_AddOn_5GB,NBO,0.1737,Push,"Customer exceeded the data cap in 3 of the last 3 months, logged a recent complaint.",Data AddOn 5GB suits your usage - tap to activate.,APPROVED,offline
97458299695,Data_AddOn_5GB,NBO,0.135,SMS,Customer exceeded the data cap in 2 of the last 3 months.,Hi! Data AddOn 5GB suits your usage. Reply YES. Ooredoo,APPROVED,offline
97453204664,Data_AddOn_5GB,NBO,0.1405,Call,"Customer exceeded the data cap in 1 of the last 3 months, is 34 days from renewal, logged a recent complaint.","AGENT: Customer exceeded the data cap in 1 of the last 3 months, is 34 days from renewal, logged a recent complaint. Recommend: Data AddOn 5GB suits your usage.",APPROVED,offline
97455341747,Data_AddOn_5GB,NBO,0.2731,Call,"Customer exceeded the data cap in 3 of the last 3 months, is 16 days from renewal.","AGENT: Customer exceeded the data cap in 3 of the last 3 months, is 16 days from renewal. Recommend: Data AddOn 5GB suits your usage.",APPROVED,offline
97451686976,Data_AddOn_5GB,NBO,0.1395,Push,Customer exceeded the data cap in 2 of the last 3 months.,Data AddOn 5GB suits your usage - tap to activate.,APPROVED,offline
97453472189,Retention_Save_25pct,Retention,0.2192,SMS,"Customer exceeded the data cap in 2 of the last 3 months, is 20 days from renewal.","Hi! Based on your recent usage, our Retention Save 25pct keeps you covered and your renewal is in 20 days - switch with no penalty. Reply YES. Ooredoo",APPROVED,offline
97459506404,10GB_Aggressive_HVC,Retention,0.4291,Push,"Customer exceeded the data cap in 3 of the last 3 months, is a heavy data user (90% of cap), shows elevated churn risk.","Based on your recent usage, our 10GB Aggressive HVC keeps you covered - tap to activate.",SOFTENED,offline
97452241082,5G_Unlimited_Upgrade,Upsell,0.1372,Push,"Customer exceeded the data cap in 1 of the last 3 months, logged a recent complaint.",You're using 72% of your data - 5G Unlimited Upgrade gives you more headroom - tap to activate.,APPROVED,offline
97456184502,Data_AddOn_5GB,NBO,0.1191,Push,Customer is an active Business customer.,Data AddOn 5GB suits your usage - tap to activate.,APPROVED,offline
97457561000,Data_AddOn_5GB,NBO,0.1416,Push,Customer exceeded the data cap in 3 of the last 3 months.,Data AddOn 5GB suits your usage - tap to activate.,APPROVED,offline
97457671458,10GB_Aggressive_HVC,Retention,0.4372,Email,"Customer is 49 days from renewal, shows elevated churn risk.","Dear Customer,

Customer is 49 days from renewal, shows elevated churn risk.

Based on your recent usage, our 10GB Aggressive HVC keeps you covered and your renewal is in 49 days - switch with no penalty.

Ooredoo",SOFTENED,offline
97455892306,Data_AddOn_5GB,NBO,0.1434,Call,Customer exceeded the data cap in 2 of the last 3 months.,AGENT: Customer exceeded the data cap in 2 of the last 3 months. Recommend: Data AddOn 5GB suits your usage.,APPROVED,offline
97454674515,Data_AddOn_5GB,NBO,0.2059,SMS,Customer is an active Mass customer.,Hi! Data AddOn 5GB suits your usage. Reply YES. Ooredoo,APPROVED,offline
97452579159,Data_AddOn_5GB,NBO,0.1245,Email,Customer exceeded the data cap in 3 of the last 3 months.,"Dear Customer,

Customer exceeded the data cap in 3 of the last 3 months.

Data AddOn 5GB suits your usage.

Ooredoo",APPROVED,offline
97455515488,Data_AddOn_5GB,NBO,0.2103,Push,Customer exceeded the data cap in 2 of the last 3 months.,Data AddOn 5GB suits your usage - tap to activate.,APPROVED,offline
97457041495,Data_AddOn_5GB,NBO,0.1357,SMS,Customer exceeded the data cap in 1 of the last 3 months.,Hi! Data AddOn 5GB suits your usage. Reply YES. Ooredoo,APPROVED,offline
97459767088,5G_Unlimited_Upgrade,Upsell,0.1594,SMS,Customer exceeded the data cap in 3 of the last 3 months.,Hi! You're using 63% of your data - 5G Unlimited Upgrade gives you more headroom. Reply YES. Ooredoo,APPROVED,offline
97457324167,5G_Unlimited_Upgrade,Upsell,0.2147,Push,Customer exceeded the data cap in 2 of the last 3 months.,You're using 79% of your data - 5G Unlimited Upgrade gives you more headroom - tap to activate.,APPROVED,offline
97451791971,Data_AddOn_5GB,NBO,0.2029,Call,Customer is an active Mass customer.,AGENT: Customer is an active Mass customer. Recommend: Data AddOn 5GB suits your usage.,APPROVED,offline
97451501157,Data_AddOn_5GB,NBO,0.2796,Push,Customer exceeded the data cap in 2 of the last 3 months.,Data AddOn 5GB suits your usage - tap to activate.,APPROVED,offline
97455378727,Data_AddOn_5GB,NBO,0.2036,Call,Customer exceeded the data cap in 1 of the last 3 months.,AGENT: Customer exceeded the data cap in 1 of the last 3 months. Recommend: Data AddOn 5GB suits your usage.,APPROVED,offline
97455124499,Data_AddOn_5GB,NBO,0.1324,SMS,Customer exceeded the data cap in 2 of the last 3 months.,Hi! Data AddOn 5GB suits your usage. Reply YES. Ooredoo,APPROVED,offline
97456946594,Data_AddOn_5GB,NBO,0.183,Call,Customer is 4 days from renewal.,AGENT: Customer is 4 days from renewal. Recommend: Data AddOn 5GB suits your usage.,APPROVED,offline
97456106799,Data_AddOn_5GB,NBO,0.2064,SMS,Customer is an active Mass customer.,Hi! Data AddOn 5GB suits your usage. Reply YES. Ooredoo,APPROVED,offline
97455327576,Data_AddOn_5GB,NBO,0.2278,Email,Customer exceeded the data cap in 3 of the last 3 months.,"Dear Customer,

Customer exceeded the data cap in 3 of the last 3 months.

Data AddOn 5GB suits your usage.

Ooredoo",APPROVED,offline
97455962140,Retention_Save_25pct,Retention,0.1299,Email,Customer exceeded the data cap in 1 of the last 3 months.,"Dear Customer,

Customer exceeded the data cap in 1 of the last 3 months.

Based on your recent usage, our Retention Save 25pct keeps you covered.

Ooredoo",APPROVED,offline
97453799487,Data_AddOn_5GB,NBO,0.2023,Push,"Customer exceeded the data cap in 2 of the last 3 months, logged a recent complaint.",Data AddOn 5GB suits your usage - tap to activate.,APPROVED,offline
97453904941,Data_AddOn_5GB,NBO,0.1532,SMS,Customer exceeded the data cap in 3 of the last 3 months.,Hi! Data AddOn 5GB suits your usage. Reply YES. Ooredoo,APPROVED,offline
97458983441,10GB_Aggressive_HVC,Retention,0.1867,Push,"Customer exceeded the data cap in 2 of the last 3 months, is 7 days from renewal.","Based on your recent usage, our 10GB Aggressive HVC keeps you covered and your renewal is in 7 days - switch with no pen",APPROVED,offline
97456320385,Data_AddOn_5GB,NBO,0.1811,Email,Customer exceeded the data cap in 3 of the last 3 months.,"Dear Customer,

Customer exceeded the data cap in 3 of the last 3 months.

Data AddOn 5GB suits your usage.

Ooredoo",APPROVED,offline
97453100021,Data_AddOn_5GB,NBO,0.1513,SMS,Customer exceeded the data cap in 3 of the last 3 months.,Hi! Data AddOn 5GB suits your usage. Reply YES. Ooredoo,APPROVED,offline
97457928040,Retention_Save_25pct,Retention,0.1966,SMS,"Customer exceeded the data cap in 1 of the last 3 months, is 18 days from renewal.","Hi! Based on your recent usage, our Retention Save 25pct keeps you covered and your renewal is in 18 days - switch with no penalty. Reply YES. Ooredoo",APPROVED,offline
97451618467,Data_AddOn_5GB,NBO,0.1417,Push,Customer exceeded the data cap in 2 of the last 3 months.,Data AddOn 5GB suits your usage - tap to activate.,APPROVED,offline
97456333152,Data_AddOn_5GB,NBO,0.1343,SMS,"Customer exceeded the data cap in 3 of the last 3 months, logged a recent complaint.",Hi! Data AddOn 5GB suits your usage. Reply YES. Ooredoo,APPROVED,offline
97458328141,Data_AddOn_5GB,NBO,0.2103,Call,Customer exceeded the data cap in 3 of the last 3 months.,AGENT: Customer exceeded the data cap in 3 of the last 3 months. Recommend: Data AddOn 5GB suits your usage.,APPROVED,offline
97456072148,Data_AddOn_5GB,NBO,0.2188,Push,"Customer exceeded the data cap in 1 of the last 3 months, logged a recent complaint.",Data AddOn 5GB suits your usage - tap to activate.,APPROVED,offline
97452707923,10GB_Aggressive_HVC,Retention,0.3502,Push,"Customer exceeded the data cap in 2 of the last 3 months, shows elevated churn risk.","Based on your recent usage, our 10GB Aggressive HVC keeps you covered - tap to activate.",APPROVED,offline
97456134207,Data_AddOn_5GB,NBO,0.1925,Push,Customer exceeded the data cap in 3 of the last 3 months.,Data AddOn 5GB suits your usage - tap to activate.,APPROVED,offline
97459516999,10GB_Aggressive_HVC,Retention,0.2312,SMS,"Customer exceeded the data cap in 2 of the last 3 months, is 3 days from renewal.","Hi! Based on your recent usage, our 10GB Aggressive HVC keeps you covered and your renewal is in 3 days - switch with no penalty. Reply YES. Ooredoo",APPROVED,offline
97457730886,Data_AddOn_5GB,NBO,0.175,Push,Customer is an active Mass customer.,Data AddOn 5GB suits your usage - tap to activate.,APPROVED,offline
97456853584,Retention_Save_25pct,Retention,0.3467,SMS,"Customer shows elevated churn risk, logged a recent complaint.","Hi! Based on your recent usage, our Retention Save 25pct keeps you covered. Reply YES. Ooredoo",APPROVED,offline
97459170528,Data_AddOn_5GB,NBO,0.2303,Push,"Customer exceeded the data cap in 3 of the last 3 months, is 26 days from renewal.",Data AddOn 5GB suits your usage - tap to activate.,APPROVED,offline
97455301754,Data_AddOn_5GB,NBO,0.2497,SMS,Customer exceeded the data cap in 3 of the last 3 months.,Hi! Data AddOn 5GB suits your usage. Reply YES. Ooredoo,APPROVED,offline
97453269042,Data_AddOn_5GB,NBO,0.2183,SMS,Customer exceeded the data cap in 3 of the last 3 months.,Hi! Data AddOn 5GB suits your usage. Reply YES. Ooredoo,APPROVED,offline
97452983509,Data_AddOn_5GB,NBO,0.1295,Push,"Customer exceeded the data cap in 1 of the last 3 months, logged a recent complaint.",Data AddOn 5GB suits your usage - tap to activate.,APPROVED,offline
97458740141,Data_AddOn_5GB,NBO,0.1462,SMS,Customer exceeded the data cap in 2 of the last 3 months.,Hi! Data AddOn 5GB suits your usage. Reply YES. Ooredoo,APPROVED,offline
97451116381,5G_Unlimited_Upgrade,Upsell,0.188,Push,Customer exceeded the data cap in 1 of the last 3 months.,You're using 72% of your data - 5G Unlimited Upgrade gives you more headroom - tap to activate.,APPROVED,offline
97452521701,Data_AddOn_5GB,NBO,0.2638,Push,Customer is an active Mass customer.,Data AddOn 5GB suits your usage - tap to activate.,APPROVED,offline
97457105525,5G_Unlimited_Upgrade,Upsell,0.1461,Call,"Customer exceeded the data cap in 2 of the last 3 months, logged a recent complaint.","AGENT: Customer exceeded the data cap in 2 of the last 3 months, logged a recent complaint. Recommend: You're using 72% of your data - 5G Unlimited Upgrade gives you more headroom.",APPROVED,offline
97454438618,Retention_Save_25pct,Retention,0.2053,SMS,"Customer exceeded the data cap in 2 of the last 3 months, is 32 days from renewal.","Hi! Based on your recent usage, our Retention Save 25pct keeps you covered and your renewal is in 32 days - switch with no penalty. Reply YES. Ooredoo",APPROVED,offline
97458913697,Data_AddOn_5GB,NBO,0.2225,SMS,"Customer exceeded the data cap in 2 of the last 3 months, is 40 days from renewal.",Hi! Data AddOn 5GB suits your usage. Reply YES. Ooredoo,APPROVED,offline
97453457184,5G_Unlimited_Upgrade,Upsell,0.1383,SMS,Customer exceeded the data cap in 3 of the last 3 months.,Hi! You're using 71% of your data - 5G Unlimited Upgrade gives you more headroom. Reply YES. Ooredoo,APPROVED,offline
97455103022,Data_AddOn_5GB,NBO,0.1957,Push,"Customer exceeded the data cap in 1 of the last 3 months, is 5 days from renewal.",Data AddOn 5GB suits your usage - tap to activate.,APPROVED,offline
97452418175,5G_Unlimited_Upgrade,Upsell,0.2149,Push,Customer exceeded the data cap in 2 of the last 3 months.,You're using 79% of your data - 5G Unlimited Upgrade gives you more headroom - tap to activate.,APPROVED,offline
97454806688,5G_Unlimited_Upgrade,Upsell,0.1909,Call,Customer exceeded the data cap in 2 of the last 3 months.,AGENT: Customer exceeded the data cap in 2 of the last 3 months. Recommend: You're using 77% of your data - 5G Unlimited Upgrade gives you more headroom.,APPROVED,offline
97458265795,1GB_plus_100mins,NBO,0.2022,SMS,Customer is an active HVC customer.,Hi! 1GB plus 100mins suits your usage. Reply YES. Ooredoo,APPROVED,offline
97454772962,Retention_Save_25pct,Retention,0.1819,Call,"Customer exceeded the data cap in 3 of the last 3 months, is 7 days from renewal.","AGENT: Customer exceeded the data cap in 3 of the last 3 months, is 7 days from renewal. Recommend: Based on your recent usage, our Retention Save 25pct keeps you covered and your renewal is in 7 days - switch with no penalty.",APPROVED,offline
97455041776,Data_AddOn_5GB,NBO,0.1231,SMS,Customer exceeded the data cap in 1 of the last 3 months.,Hi! Data AddOn 5GB suits your usage. Reply YES. Ooredoo,APPROVED,offline
97453727423,10GB_Aggressive_HVC,Retention,0.2211,Push,"Customer exceeded the data cap in 2 of the last 3 months, is a heavy data user (80% of cap), is 2 days from renewal.","Based on your recent usage, our 10GB Aggressive HVC keeps you covered and your renewal is in 2 days - switch with no pen",APPROVED,offline
97456709840,Data_AddOn_5GB,NBO,0.2106,Push,"Customer exceeded the data cap in 1 of the last 3 months, is 45 days from renewal.",Data AddOn 5GB suits your usage - tap to activate.,APPROVED,offline
97456130397,Retention_Save_25pct,Retention,0.1898,Push,"Customer exceeded the data cap in 3 of the last 3 months, is 40 days from renewal.","Based on your recent usage, our Retention Save 25pct keeps you covered and your renewal is in 40 days - switch with no p",APPROVED,offline
97454451356,Data_AddOn_5GB,NBO,0.2144,Call,"Customer exceeded the data cap in 2 of the last 3 months, logged a recent complaint.","AGENT: Customer exceeded the data cap in 2 of the last 3 months, logged a recent complaint. Recommend: Data AddOn 5GB suits your usage.",APPROVED,offline
97454444084,Data_AddOn_5GB,NBO,0.2372,Push,"Customer exceeded the data cap in 2 of the last 3 months, is 8 days from renewal.",Data AddOn 5GB suits your usage - tap to activate.,APPROVED,offline
97453927109,Data_AddOn_5GB,NBO,0.2218,SMS,Customer logged a recent complaint.,Hi! Data AddOn 5GB suits your usage. Reply YES. Ooredoo,APPROVED,offline
97457979451,Retention_Save_25pct,Retention,0.2257,Email,"Customer exceeded the data cap in 2 of the last 3 months, is 31 days from renewal.","Dear Customer,

Customer exceeded the data cap in 2 of the last 3 months, is 31 days from renewal.

Based on your recent usage, our Retention Save 25pct keeps you covered and your renewal is in 31 days - switch with no penalty.

Ooredoo",APPROVED,offline
97459519981,Data_AddOn_5GB,NBO,0.2256,SMS,"Customer exceeded the data cap in 1 of the last 3 months, logged a recent complaint.",Hi! Data AddOn 5GB suits your usage. Reply YES. Ooredoo,APPROVED,offline
97458778484,Data_AddOn_5GB,NBO,0.1341,SMS,Customer exceeded the data cap in 2 of the last 3 months.,Hi! Data AddOn 5GB suits your usage. Reply YES. Ooredoo,APPROVED,offline
97459503902,Retention_Save_25pct,Retention,0.2254,Email,"Customer is 9 days from renewal, logged a recent complaint.","Dear Customer,

Customer is 9 days from renewal, logged a recent complaint.

Based on your recent usage, our Retention Save 25pct keeps you covered and your renewal is in 9 days - switch with no penalty.

Ooredoo",APPROVED,offline
97457214624,Data_AddOn_5GB,NBO,0.2186,SMS,Customer exceeded the data cap in 1 of the last 3 months.,Hi! Data AddOn 5GB suits your usage. Reply YES. Ooredoo,APPROVED,offline
97455842611,Data_AddOn_5GB,NBO,0.1976,Push,"Customer exceeded the data cap in 3 of the last 3 months, is 39 days from renewal.",Data AddOn 5GB suits your usage - tap to activate.,APPROVED,offline
97457357182,Data_AddOn_5GB,NBO,0.1459,SMS,Customer exceeded the data cap in 3 of the last 3 months.,Hi! Data AddOn 5GB suits your usage. Reply YES. Ooredoo,APPROVED,offline
97455335868,Data_AddOn_5GB,NBO,0.2398,Email,"Customer is a heavy data user (89% of cap), is 5 days from renewal.","Dear Customer,

Customer is a heavy data user (89% of cap), is 5 days from renewal.

Data AddOn 5GB suits your usage.

Ooredoo",APPROVED,offline
97453215167,Data_AddOn_5GB,NBO,0.1992,SMS,Customer is 58 days from renewal.,Hi! Data AddOn 5GB suits your usage. Reply YES. Ooredoo,APPROVED,offline
97454886402,Data_AddOn_5GB,NBO,0.3229,SMS,"Customer exceeded the data cap in 1 of the last 3 months, is a heavy data user (86% of cap), logged a recent complaint.",Hi! Data AddOn 5GB suits your usage. Reply YES. Ooredoo,APPROVED,offline
97457545535,Data_AddOn_5GB,NBO,0.1426,SMS,Customer exceeded the data cap in 1 of the last 3 months.,Hi! Data AddOn 5GB suits your usage. Reply YES. Ooredoo,APPROVED,offline
97457842385,10GB_Aggressive_HVC,Retention,0.1592,SMS,Customer exceeded the data cap in 1 of the last 3 months.,"Hi! Based on your recent usage, our 10GB Aggressive HVC keeps you covered. Reply YES. Ooredoo",APPROVED,offline
97451688105,Retention_Save_25pct,Retention,0.3624,SMS,"Customer exceeded the data cap in 2 of the last 3 months, shows elevated churn risk.","Hi! Based on your recent usage, our Retention Save 25pct keeps you covered. Reply YES. Ooredoo",APPROVED,offline
97452989173,Data_AddOn_5GB,NBO,0.3008,Call,"Customer exceeded the data cap in 1 of the last 3 months, is 28 days from renewal.","AGENT: Customer exceeded the data cap in 1 of the last 3 months, is 28 days from renewal. Recommend: Data AddOn 5GB suits your usage.",APPROVED,offline
97454080761,Data_AddOn_5GB,NBO,0.2672,SMS,Customer exceeded the data cap in 2 of the last 3 months.,Hi! Data AddOn 5GB suits your usage. Reply YES. Ooredoo,APPROVED,offline
97452414466,Roaming_Daily_Pass,CrossSell,0.1744,SMS,Customer exceeded the data cap in 3 of the last 3 months.,Hi! Add Roaming Daily Pass to get more from your plan. Reply YES. Ooredoo,APPROVED,offline
97451445101,Data_AddOn_5GB,NBO,0.2104,Push,Customer is 46 days from renewal.,Data AddOn 5GB suits your usage - tap to activate.,APPROVED,offline
97459106609,10GB_Aggressive_HVC,Retention,0.3795,SMS,"Customer exceeded the data cap in 2 of the last 3 months, shows elevated churn risk.","Hi! Based on your recent usage, our 10GB Aggressive HVC keeps you covered. Reply YES. Ooredoo",APPROVED,offline
97458413023,Data_AddOn_5GB,NBO,0.1364,SMS,"Customer exceeded the data cap in 3 of the last 3 months, is 37 days from renewal.",Hi! Data AddOn 5GB suits your usage. Reply YES. Ooredoo,APPROVED,offline
97458613269,Data_AddOn_5GB,NBO,0.2147,SMS,Customer exceeded the data cap in 2 of the last 3 months.,Hi! Data AddOn 5GB suits your usage. Reply YES. Ooredoo,APPROVED,offline
97452105534,10GB_Aggressive_HVC,Retention,0.3233,SMS,"Customer exceeded the data cap in 3 of the last 3 months, is 29 days from renewal, shows elevated churn risk.","Hi! Based on your recent usage, our 10GB Aggressive HVC keeps you covered and your renewal is in 29 days - switch with no penalty. Reply YES. Ooredoo",SOFTENED,offline
97455353127,Data_AddOn_5GB,NBO,0.2732,Call,Customer is an active Mass customer.,AGENT: Customer is an active Mass customer. Recommend: Data AddOn 5GB suits your usage.,APPROVED,offline
97458315360,Data_AddOn_5GB,NBO,0.21,SMS,"Customer exceeded the data cap in 2 of the last 3 months, is 28 days from renewal.",Hi! Data AddOn 5GB suits your usage. Reply YES. Ooredoo,APPROVED,offline
97459073461,10GB_Aggressive_HVC,Retention,0.1368,Call,Customer is an active Business customer.,"AGENT: Customer is an active Business customer. Recommend: Based on your recent usage, our 10GB Aggressive HVC keeps you covered.",APPROVED,offline
97451498863,Data_AddOn_5GB,NBO,0.1538,Push,"Customer exceeded the data cap in 3 of the last 3 months, is 22 days from renewal.",Data AddOn 5GB suits your usage - tap to activate.,APPROVED,offline
97459756262,Data_AddOn_5GB,NBO,0.2129,Call,Customer exceeded the data cap in 1 of the last 3 months.,AGENT: Customer exceeded the data cap in 1 of the last 3 months. Recommend: Data AddOn 5GB suits your usage.,APPROVED,offline
97453676188,Data_AddOn_5GB,NBO,0.2113,Push,"Customer exceeded the data cap in 3 of the last 3 months, is 42 days from renewal.",Data AddOn 5GB suits your usage - tap to activate.,APPROVED,offline
97454295990,10GB_Aggressive_HVC,Retention,0.1757,SMS,Customer exceeded the data cap in 1 of the last 3 months.,"Hi! Based on your recent usage, our 10GB Aggressive HVC keeps you covered. Reply YES. Ooredoo",APPROVED,offline
97458782937,10GB_Aggressive_HVC,Retention,0.3641,SMS,"Customer exceeded the data cap in 2 of the last 3 months, shows elevated churn risk.","Hi! Based on your recent usage, our 10GB Aggressive HVC keeps you covered. Reply YES. Ooredoo",SOFTENED,offline
97457526818,Data_AddOn_5GB,NBO,0.1979,Push,Customer exceeded the data cap in 1 of the last 3 months.,Data AddOn 5GB suits your usage - tap to activate.,APPROVED,offline
97456491590,Data_AddOn_5GB,NBO,0.1217,Email,Customer is an active HVC customer.,"Dear Customer,

Customer is an active HVC customer.

Data AddOn 5GB suits your usage.

Ooredoo",APPROVED,offline
97457512440,Data_AddOn_5GB,NBO,0.2073,SMS,"Customer exceeded the data cap in 2 of the last 3 months, is 46 days from renewal.",Hi! Data AddOn 5GB suits your usage. Reply YES. Ooredoo,APPROVED,offline
97457099628,Data_AddOn_5GB,NBO,0.2695,Email,Customer is an active Mass customer.,"Dear Customer,

Customer is an active Mass customer.

Data AddOn 5GB suits your usage.

Ooredoo",APPROVED,offline
97457555968,Retention_Save_25pct,Retention,0.2099,Email,Customer is 51 days from renewal.,"Dear Customer,

Customer is 51 days from renewal.

Based on your recent usage, our Retention Save 25pct keeps you covered and your renewal is in 51 days - switch with no penalty.

Ooredoo",APPROVED,offline
97453699015,Data_AddOn_5GB,NBO,0.2751,SMS,Customer exceeded the data cap in 1 of the last 3 months.,Hi! Data AddOn 5GB suits your usage. Reply YES. Ooredoo,APPROVED,offline
97459837590,Data_AddOn_5GB,NBO,0.1388,SMS,Customer exceeded the data cap in 1 of the last 3 months.,Hi! Data AddOn 5GB suits your usage. Reply YES. Ooredoo,APPROVED,offline
97452172622,Data_AddOn_5GB,NBO,0.2262,Push,Customer exceeded the data cap in 1 of the last 3 months.,Data AddOn 5GB suits your usage - tap to activate.,APPROVED,offline
97453503771,Roaming_Daily_Pass,CrossSell,0.1906,Push,"Customer exceeded the data cap in 3 of the last 3 months, is 59 days from renewal.",Add Roaming Daily Pass to get more from your plan - tap to activate.,APPROVED,offline
97454177825,Data_AddOn_5GB,NBO,0.2473,SMS,"Customer exceeded the data cap in 3 of the last 3 months, logged a recent complaint.",Hi! Data AddOn 5GB suits your usage. Reply YES. Ooredoo,APPROVED,offline
97451996161,Retention_Save_25pct,Retention,0.1884,SMS,Customer is 27 days from renewal.,"Hi! Based on your recent usage, our Retention Save 25pct keeps you covered and your renewal is in 27 days - switch with no penalty. Reply YES. Ooredoo",APPROVED,offline
97455183839,Data_AddOn_5GB,NBO,0.2167,Email,"Customer exceeded the data cap in 1 of the last 3 months, is 7 days from renewal.","Dear Customer,

Customer exceeded the data cap in 1 of the last 3 months, is 7 days from renewal.

Data AddOn 5GB suits your usage.

Ooredoo",APPROVED,offline
97451666326,Data_AddOn_5GB,NBO,0.2193,Push,Customer exceeded the data cap in 2 of the last 3 months.,Data AddOn 5GB suits your usage - tap to activate.,APPROVED,offline
97451649150,Data_AddOn_5GB,NBO,0.2158,Call,Customer is an active Mass customer.,AGENT: Customer is an active Mass customer. Recommend: Data AddOn 5GB suits your usage.,APPROVED,offline
97454375957,Data_AddOn_5GB,NBO,0.2238,Push,Customer exceeded the data cap in 3 of the last 3 months.,Data AddOn 5GB suits your usage - tap to activate.,APPROVED,offline
97451118834,Data_AddOn_5GB,NBO,0.1332,SMS,Customer exceeded the data cap in 3 of the last 3 months.,Hi! Data AddOn 5GB suits your usage. Reply YES. Ooredoo,APPROVED,offline
97454239576,200mins_Upsell,Upsell,0.3195,Push,"Customer exceeded the data cap in 1 of the last 3 months, is a heavy data user (86% of cap), logged a recent complaint.",You're using 86% of your data - 200mins Upsell gives you more headroom - tap to activate.,APPROVED,offline
97456893309,Data_AddOn_5GB,NBO,0.239,Email,"Customer exceeded the data cap in 3 of the last 3 months, is 47 days from renewal.","Dear Customer,

Customer exceeded the data cap in 3 of the last 3 months, is 47 days from renewal.

Data AddOn 5GB suits your usage.

Ooredoo",APPROVED,offline
97456948540,Data_AddOn_5GB,NBO,0.2122,Call,"Customer exceeded the data cap in 1 of the last 3 months, is 32 days from renewal.","AGENT: Customer exceeded the data cap in 1 of the last 3 months, is 32 days from renewal. Recommend: Data AddOn 5GB suits your usage.",APPROVED,offline
97455249913,Data_AddOn_5GB,NBO,0.2168,Push,"Customer exceeded the data cap in 3 of the last 3 months, is 18 days from renewal.",Data AddOn 5GB suits your usage - tap to activate.,APPROVED,offline
97455422201,Data_AddOn_5GB,NBO,0.1072,Email,Customer exceeded the data cap in 3 of the last 3 months.,"Dear Customer,

Customer exceeded the data cap in 3 of the last 3 months.

Data AddOn 5GB suits your usage.

Ooredoo",APPROVED,offline
97452079600,Data_AddOn_5GB,NBO,0.2184,SMS,Customer is an active Mass customer.,Hi! Data AddOn 5GB suits your usage. Reply YES. Ooredoo,APPROVED,offline
97454503157,Retention_Save_25pct,Retention,0.0685,Push,"Customer exceeded the data cap in 1 of the last 3 months, is 1 days from renewal.","Based on your recent usage, our Retention Save 25pct keeps you covered and your renewal is in 1 days - switch with no pe",APPROVED,offline
97459272874,Data_AddOn_5GB,NBO,0.1276,Call,Customer exceeded the data cap in 2 of the last 3 months.,AGENT: Customer exceeded the data cap in 2 of the last 3 months. Recommend: Data AddOn 5GB suits your usage.,APPROVED,offline
97459849851,Data_AddOn_5GB,NBO,0.1873,Email,Customer exceeded the data cap in 3 of the last 3 months.,"Dear Customer,

Customer exceeded the data cap in 3 of the last 3 months.

Data AddOn 5GB suits your usage.

Ooredoo",APPROVED,offline
97452985588,Data_AddOn_5GB,NBO,0.1453,Push,"Customer exceeded the data cap in 2 of the last 3 months, is 27 days from renewal.",Data AddOn 5GB suits your usage - tap to activate.,APPROVED,offline
97459640059,Data_AddOn_5GB,NBO,0.2197,Push,Customer exceeded the data cap in 1 of the last 3 months.,Data AddOn 5GB suits your usage - tap to activate.,APPROVED,offline
97455197355,Retention_Save_25pct,Retention,0.2073,Email,Customer exceeded the data cap in 1 of the last 3 months.,"Dear Customer,

Customer exceeded the data cap in 1 of the last 3 months.

Based on your recent usage, our Retention Save 25pct keeps you covered.

Ooredoo",APPROVED,offline
97452752683,Data_AddOn_5GB,NBO,0.1994,Email,Customer exceeded the data cap in 1 of the last 3 months.,"Dear Customer,

Customer exceeded the data cap in 1 of the last 3 months.

Data AddOn 5GB suits your usage.

Ooredoo",APPROVED,offline
97458716868,Data_AddOn_5GB,NBO,0.2844,SMS,Customer is an active Mass customer.,Hi! Data AddOn 5GB suits your usage. Reply YES. Ooredoo,APPROVED,offline
97452004646,Data_AddOn_5GB,NBO,0.1272,Email,Customer is an active HVC customer.,"Dear Customer,

Customer is an active HVC customer.

Data AddOn 5GB suits your usage.

Ooredoo",APPROVED,offline
97454867500,Data_AddOn_5GB,NBO,0.2002,Push,Customer is an active Mass customer.,Data AddOn 5GB suits your usage - tap to activate.,APPROVED,offline
97451449395,Data_AddOn_5GB,NBO,0.2196,SMS,Customer exceeded the data cap in 3 of the last 3 months.,Hi! Data AddOn 5GB suits your usage. Reply YES. Ooredoo,APPROVED,offline
97456143901,Roaming_Daily_Pass,CrossSell,0.1021,Email,Customer exceeded the data cap in 3 of the last 3 months.,"Dear Customer,

Customer exceeded the data cap in 3 of the last 3 months.

Add Roaming Daily Pass to get more from your plan.

Ooredoo",APPROVED,offline
97457754350,Data_AddOn_5GB,NBO,0.1586,Email,Customer exceeded the data cap in 1 of the last 3 months.,"Dear Customer,

Customer exceeded the data cap in 1 of the last 3 months.

Data AddOn 5GB suits your usage.

Ooredoo",APPROVED,offline
97452260386,Retention_Save_25pct,Retention,0.1415,Email,"Customer exceeded the data cap in 1 of the last 3 months, is 13 days from renewal.","Dear Customer,

Customer exceeded the data cap in 1 of the last 3 months, is 13 days from renewal.

Based on your recent usage, our Retention Save 25pct keeps you covered and your renewal is in 13 days - switch with no penalty.

Ooredoo",APPROVED,offline
97454054390,Data_AddOn_5GB,NBO,0.1314,Call,Customer exceeded the data cap in 2 of the last 3 months.,AGENT: Customer exceeded the data cap in 2 of the last 3 months. Recommend: Data AddOn 5GB suits your usage.,APPROVED,offline
97458019431,Data_AddOn_5GB,NBO,0.2245,Call,"Customer exceeded the data cap in 1 of the last 3 months, is 51 days from renewal, logged a recent complaint.","AGENT: Customer exceeded the data cap in 1 of the last 3 months, is 51 days from renewal, logged a recent complaint. Recommend: Data AddOn 5GB suits your usage.",APPROVED,offline
97454379569,Retention_Save_25pct,Retention,0.2224,Push,"Customer exceeded the data cap in 2 of the last 3 months, is 21 days from renewal.","Based on your recent usage, our Retention Save 25pct keeps you covered and your renewal is in 21 days - switch with no p",APPROVED,offline
97453900603,Data_AddOn_5GB,NBO,0.1232,Call,Customer exceeded the data cap in 3 of the last 3 months.,AGENT: Customer exceeded the data cap in 3 of the last 3 months. Recommend: Data AddOn 5GB suits your usage.,APPROVED,offline
97459611474,Data_AddOn_5GB,NBO,0.1873,Email,Customer exceeded the data cap in 1 of the last 3 months.,"Dear Customer,

Customer exceeded the data cap in 1 of the last 3 months.

Data AddOn 5GB suits your usage.

Ooredoo",APPROVED,offline
97452646711,200mins_Upsell,Upsell,0.3069,Push,Customer is a heavy data user (94% of cap).,You're using 94% of your data - 200mins Upsell gives you more headroom - tap to activate.,APPROVED,offline
97456587774,Retention_Save_25pct,Retention,0.1501,Push,Customer is an active Youth customer.,"Based on your recent usage, our Retention Save 25pct keeps you covered - tap to activate.",APPROVED,offline
97457319707,Data_AddOn_5GB,NBO,0.2139,SMS,Customer exceeded the data cap in 3 of the last 3 months.,Hi! Data AddOn 5GB suits your usage. Reply YES. Ooredoo,APPROVED,offline
97458967801,10GB_Aggressive_HVC,Retention,0.2305,SMS,"Customer exceeded the data cap in 2 of the last 3 months, is a heavy data user (87% of cap), is 6 days from renewal.","Hi! Based on your recent usage, our 10GB Aggressive HVC keeps you covered and your renewal is in 6 days - switch with no penalty. Reply YES. Ooredoo",APPROVED,offline
97452423286,Data_AddOn_5GB,NBO,0.2563,Push,Customer exceeded the data cap in 1 of the last 3 months.,Data AddOn 5GB suits your usage - tap to activate.,APPROVED,offline
97454695961,Data_AddOn_5GB,NBO,0.2113,SMS,Customer exceeded the data cap in 1 of the last 3 months.,Hi! Data AddOn 5GB suits your usage. Reply YES. Ooredoo,APPROVED,offline
97459217316,10GB_Aggressive_HVC,Retention,0.3274,Call,"Customer exceeded the data cap in 2 of the last 3 months, shows elevated churn risk, logged a recent complaint.","AGENT: Customer exceeded the data cap in 2 of the last 3 months, shows elevated churn risk, logged a recent complaint. Recommend: Based on your recent usage, our 10GB Aggressive HVC keeps you covered.",APPROVED,offline
97454177945,Data_AddOn_5GB,NBO,0.2918,SMS,Customer exceeded the data cap in 3 of the last 3 months.,Hi! Data AddOn 5GB suits your usage. Reply YES. Ooredoo,APPROVED,offline
97458348340,Retention_Save_25pct,Retention,0.2248,Push,"Customer exceeded the data cap in 1 of the last 3 months, is 24 days from renewal.","Based on your recent usage, our Retention Save 25pct keeps you covered and your renewal is in 24 days - switch with no p",APPROVED,offline
97451183062,Data_AddOn_5GB,NBO,0.2066,SMS,Customer exceeded the data cap in 2 of the last 3 months.,Hi! Data AddOn 5GB suits your usage. Reply YES. Ooredoo,APPROVED,offline
97453841992,Retention_Save_25pct,Retention,0.1386,SMS,"Customer exceeded the data cap in 1 of the last 3 months, is 3 days from renewal.","Hi! Based on your recent usage, our Retention Save 25pct keeps you covered and your renewal is in 3 days - switch with no penalty. Reply YES. Ooredoo",APPROVED,offline
97455294539,Data_AddOn_5GB,NBO,0.173,SMS,Customer exceeded the data cap in 3 of the last 3 months.,Hi! Data AddOn 5GB suits your usage. Reply YES. Ooredoo,APPROVED,offline
97457095929,Data_AddOn_5GB,NBO,0.2192,Call,"Customer exceeded the data cap in 1 of the last 3 months, is 24 days from renewal.","AGENT: Customer exceeded the data cap in 1 of the last 3 months, is 24 days from renewal. Recommend: Data AddOn 5GB suits your usage.",APPROVED,offline
97455944505,Data_AddOn_5GB,NBO,0.1394,SMS,Customer exceeded the data cap in 2 of the last 3 months.,Hi! Data AddOn 5GB suits your usage. Reply YES. Ooredoo,APPROVED,offline
97451803328,Data_AddOn_5GB,NBO,0.2104,Push,Customer exceeded the data cap in 2 of the last 3 months.,Data AddOn 5GB suits your usage - tap to activate.,APPROVED,offline
97455062958,Data_AddOn_5GB,NBO,0.15,Push,Customer exceeded the data cap in 2 of the last 3 months.,Data AddOn 5GB suits your usage - tap to activate.,APPROVED,offline
97452043233,Data_AddOn_5GB,NBO,0.1836,Email,Customer is 50 days from renewal.,"Dear Customer,

Customer is 50 days from renewal.

Data AddOn 5GB suits your usage.

Ooredoo",APPROVED,offline
97457468703,Data_AddOn_5GB,NBO,0.2183,Push,Customer is an active Mass customer.,Data AddOn 5GB suits your usage - tap to activate.,APPROVED,offline
97451529525,Data_AddOn_5GB,NBO,0.2288,Call,"Customer exceeded the data cap in 1 of the last 3 months, is 51 days from renewal.","AGENT: Customer exceeded the data cap in 1 of the last 3 months, is 51 days from renewal. Recommend: Data AddOn 5GB suits your usage.",APPROVED,offline
97451176615,10GB_Aggressive_HVC,Retention,0.1151,Email,Customer exceeded the data cap in 1 of the last 3 months.,"Dear Customer,

Customer exceeded the data cap in 1 of the last 3 months.

Based on your recent usage, our 10GB Aggressive HVC keeps you covered.

Ooredoo",APPROVED,offline
97455381932,10GB_Aggressive_HVC,Retention,0.3529,SMS,"Customer exceeded the data cap in 2 of the last 3 months, shows elevated churn risk.","Hi! Based on your recent usage, our 10GB Aggressive HVC keeps you covered. Reply YES. Ooredoo",SOFTENED,offline
97457665088,Data_AddOn_5GB,NBO,0.2192,Push,"Customer exceeded the data cap in 1 of the last 3 months, is a heavy data user (86% of cap), is 39 days from renewal.",Data AddOn 5GB suits your usage - tap to activate.,APPROVED,offline
97458474447,10GB_Aggressive_HVC,Retention,0.3708,Email,"Customer exceeded the data cap in 1 of the last 3 months, shows elevated churn risk.","Dear Customer,

Customer exceeded the data cap in 1 of the last 3 months, shows elevated churn risk.

Based on your recent usage, our 10GB Aggressive HVC keeps you covered.

Ooredoo",APPROVED,offline
97455601020,Data_AddOn_5GB,NBO,0.1774,SMS,Customer exceeded the data cap in 2 of the last 3 months.,Hi! Data AddOn 5GB suits your usage. Reply YES. Ooredoo,APPROVED,offline
97454699391,Data_AddOn_5GB,NBO,0.2076,Push,"Customer is 25 days from renewal, logged a recent complaint.",Data AddOn 5GB suits your usage - tap to activate.,APPROVED,offline
97459929860,Retention_Save_25pct,Retention,0.3251,SMS,Customer shows elevated churn risk.,"Hi! Based on your recent usage, our Retention Save 25pct keeps you covered. Reply YES. Ooredoo",APPROVED,offline
97458006454,Data_AddOn_5GB,NBO,0.1251,Call,Customer exceeded the data cap in 1 of the last 3 months.,AGENT: Customer exceeded the data cap in 1 of the last 3 months. Recommend: Data AddOn 5GB suits your usage.,APPROVED,offline
97454612610,Data_AddOn_5GB,NBO,0.1163,Push,Customer is an active HVC customer.,Data AddOn 5GB suits your usage - tap to activate.,APPROVED,offline
97458031883,Data_AddOn_5GB,NBO,0.2057,SMS,Customer exceeded the data cap in 2 of the last 3 months.,Hi! Data AddOn 5GB suits your usage. Reply YES. Ooredoo,APPROVED,offline
97453164367,Data_AddOn_5GB,NBO,0.2057,Call,Customer is an active Mass customer.,AGENT: Customer is an active Mass customer. Recommend: Data AddOn 5GB suits your usage.,APPROVED,offline
97451144356,Data_AddOn_5GB,NBO,0.2075,Push,Customer is an active Mass customer.,Data AddOn 5GB suits your usage - tap to activate.,APPROVED,offline
97459744220,Data_AddOn_5GB,NBO,0.2213,Push,Customer is 57 days from renewal.,Data AddOn 5GB suits your usage - tap to activate.,APPROVED,offline
97459398043,Data_AddOn_5GB,NBO,0.2134,Call,Customer exceeded the data cap in 1 of the last 3 months.,AGENT: Customer exceeded the data cap in 1 of the last 3 months. Recommend: Data AddOn 5GB suits your usage.,APPROVED,offline
97452748014,200mins_Upsell,Upsell,0.2302,SMS,"Customer is a heavy data user (88% of cap), is 18 days from renewal, logged a recent complaint.",Hi! You're using 88% of your data - 200mins Upsell gives you more headroom. Reply YES. Ooredoo,APPROVED,offline
97458156720,Data_AddOn_5GB,NBO,0.1204,Email,Customer exceeded the data cap in 1 of the last 3 months.,"Dear Customer,

Customer exceeded the data cap in 1 of the last 3 months.

Data AddOn 5GB suits your usage.

Ooredoo",APPROVED,offline
97453288627,Data_AddOn_5GB,NBO,0.2199,Push,Customer is an active Mass customer.,Data AddOn 5GB suits your usage - tap to activate.,APPROVED,offline
97457517963,Data_AddOn_5GB,NBO,0.1202,SMS,Customer exceeded the data cap in 3 of the last 3 months.,Hi! Data AddOn 5GB suits your usage. Reply YES. Ooredoo,APPROVED,offline
97457597519,Data_AddOn_5GB,NBO,0.1866,Email,Customer exceeded the data cap in 1 of the last 3 months.,"Dear Customer,

Customer exceeded the data cap in 1 of the last 3 months.

Data AddOn 5GB suits your usage.

Ooredoo",APPROVED,offline
97451764121,10GB_Aggressive_HVC,Retention,0.1969,SMS,"Customer exceeded the data cap in 2 of the last 3 months, is 23 days from renewal, logged a recent complaint.","Hi! Based on your recent usage, our 10GB Aggressive HVC keeps you covered and your renewal is in 23 days - switch with no penalty. Reply YES. Ooredoo",APPROVED,offline
97458068121,Data_AddOn_5GB,NBO,0.2755,SMS,Customer exceeded the data cap in 2 of the last 3 months.,Hi! Data AddOn 5GB suits your usage. Reply YES. Ooredoo,APPROVED,offline
97454502630,10GB_Aggressive_HVC,Retention,0.2363,SMS,"Customer exceeded the data cap in 1 of the last 3 months, shows elevated churn risk.","Hi! Based on your recent usage, our 10GB Aggressive HVC keeps you covered. Reply YES. Ooredoo",APPROVED,offline
97456698848,10GB_Aggressive_HVC,Retention,0.1274,Email,Customer exceeded the data cap in 1 of the last 3 months.,"Dear Customer,

Customer exceeded the data cap in 1 of the last 3 months.

Based on your recent usage, our 10GB Aggressive HVC keeps you covered.

Ooredoo",APPROVED,offline
97452107677,Data_AddOn_5GB,NBO,0.2216,Push,Customer is a heavy data user (85% of cap).,Data AddOn 5GB suits your usage - tap to activate.,APPROVED,offline
97456738852,Data_AddOn_5GB,NBO,0.1192,SMS,Customer logged a recent complaint.,Hi! Data AddOn 5GB suits your usage. Reply YES. Ooredoo,APPROVED,offline
97451288790,200mins_Upsell,Upsell,0.4017,Push,"Customer exceeded the data cap in 2 of the last 3 months, is a heavy data user (94% of cap).",You're using 94% of your data - 200mins Upsell gives you more headroom - tap to activate.,APPROVED,offline
97456084921,Data_AddOn_5GB,NBO,0.1917,Email,Customer exceeded the data cap in 3 of the last 3 months.,"Dear Customer,

Customer exceeded the data cap in 3 of the last 3 months.

Data AddOn 5GB suits your usage.

Ooredoo",APPROVED,offline
97454693305,10GB_Aggressive_HVC,Retention,0.1656,SMS,"Customer exceeded the data cap in 3 of the last 3 months, is 7 days from renewal.","Hi! Based on your recent usage, our 10GB Aggressive HVC keeps you covered and your renewal is in 7 days - switch with no penalty. Reply YES. Ooredoo",APPROVED,offline
97455466271,Data_AddOn_5GB,NBO,0.2084,Push,Customer exceeded the data cap in 1 of the last 3 months.,Data AddOn 5GB suits your usage - tap to activate.,APPROVED,offline
97455385536,Retention_Save_25pct,Retention,0.2156,SMS,Customer is 28 days from renewal.,"Hi! Based on your recent usage, our Retention Save 25pct keeps you covered and your renewal is in 28 days - switch with no penalty. Reply YES. Ooredoo",APPROVED,offline
97452352695,Data_AddOn_5GB,NBO,0.1928,Push,Customer exceeded the data cap in 3 of the last 3 months.,Data AddOn 5GB suits your usage - tap to activate.,APPROVED,offline
97452589228,5G_Unlimited_Upgrade,Upsell,0.1801,Call,"Customer exceeded the data cap in 1 of the last 3 months, is a heavy data user (81% of cap).","AGENT: Customer exceeded the data cap in 1 of the last 3 months, is a heavy data user (81% of cap). Recommend: You're using 81% of your data - 5G Unlimited Upgrade gives you more headroom.",APPROVED,offline
97452100567,Data_AddOn_5GB,NBO,0.1509,Push,"Customer exceeded the data cap in 2 of the last 3 months, is 48 days from renewal.",Data AddOn 5GB suits your usage - tap to activate.,APPROVED,offline
97458706358,5G_Unlimited_Upgrade,Upsell,0.1428,Push,Customer logged a recent complaint.,You're using 73% of your data - 5G Unlimited Upgrade gives you more headroom - tap to activate.,APPROVED,offline
97451049115,Data_AddOn_5GB,NBO,0.1835,Email,Customer exceeded the data cap in 3 of the last 3 months.,"Dear Customer,

Customer exceeded the data cap in 3 of the last 3 months.

Data AddOn 5GB suits your usage.

Ooredoo",APPROVED,offline
97451721747,Retention_Save_25pct,Retention,0.2198,SMS,"Customer exceeded the data cap in 2 of the last 3 months, is 9 days from renewal.","Hi! Based on your recent usage, our Retention Save 25pct keeps you covered and your renewal is in 9 days - switch with no penalty. Reply YES. Ooredoo",APPROVED,offline
97456392023,10GB_Aggressive_HVC,Retention,0.3851,Call,"Customer exceeded the data cap in 1 of the last 3 months, shows elevated churn risk, logged a recent complaint.","AGENT: Customer exceeded the data cap in 1 of the last 3 months, shows elevated churn risk, logged a recent complaint. Recommend: Based on your recent usage, our 10GB Aggressive HVC keeps you covered.",SOFTENED,offline
97456957515,Data_AddOn_5GB,NBO,0.2021,SMS,Customer is 48 days from renewal.,Hi! Data AddOn 5GB suits your usage. Reply YES. Ooredoo,APPROVED,offline
97457232753,Data_AddOn_5GB,NBO,0.2167,Call,Customer exceeded the data cap in 2 of the last 3 months.,AGENT: Customer exceeded the data cap in 2 of the last 3 months. Recommend: Data AddOn 5GB suits your usage.,APPROVED,offline
97456246880,Data_AddOn_5GB,NBO,0.2708,SMS,Customer exceeded the data cap in 3 of the last 3 months.,Hi! Data AddOn 5GB suits your usage. Reply YES. Ooredoo,APPROVED,offline
97452404330,Retention_Save_25pct,Retention,0.1841,Email,"Customer exceeded the data cap in 2 of the last 3 months, is 31 days from renewal.","Dear Customer,

Customer exceeded the data cap in 2 of the last 3 months, is 31 days from renewal.

Based on your recent usage, our Retention Save 25pct keeps you covered and your renewal is in 31 days - switch with no penalty.

Ooredoo",APPROVED,offline
97451251492,5G_Unlimited_Upgrade,Upsell,0.2607,Call,"Customer exceeded the data cap in 1 of the last 3 months, is a heavy data user (81% of cap), is 24 days from renewal.","AGENT: Customer exceeded the data cap in 1 of the last 3 months, is a heavy data user (81% of cap), is 24 days from renewal. Recommend: You're using 81% of your data - 5G Unlimited Upgrade gives you more headroom.",APPROVED,offline
97455035851,Retention_Save_25pct,Retention,0.1839,Push,Customer exceeded the data cap in 3 of the last 3 months.,"Based on your recent usage, our Retention Save 25pct keeps you covered - tap to activate.",APPROVED,offline
97451491072,Data_AddOn_5GB,NBO,0.1245,SMS,Customer exceeded the data cap in 3 of the last 3 months.,Hi! Data AddOn 5GB suits your usage. Reply YES. Ooredoo,APPROVED,offline
97452086880,Data_AddOn_5GB,NBO,0.2129,SMS,Customer exceeded the data cap in 3 of the last 3 months.,Hi! Data AddOn 5GB suits your usage. Reply YES. Ooredoo,APPROVED,offline
97453055723,Data_AddOn_5GB,NBO,0.1238,Email,Customer is an active Youth customer.,"Dear Customer,

Customer is an active Youth customer.

Data AddOn 5GB suits your usage.

Ooredoo",APPROVED,offline
97453248988,Data_AddOn_5GB,NBO,0.2139,SMS,Customer exceeded the data cap in 1 of the last 3 months.,Hi! Data AddOn 5GB suits your usage. Reply YES. Ooredoo,APPROVED,offline
97453976242,Data_AddOn_5GB,NBO,0.2125,SMS,Customer exceeded the data cap in 3 of the last 3 months.,Hi! Data AddOn 5GB suits your usage. Reply YES. Ooredoo,APPROVED,offline
97455580081,Data_AddOn_5GB,NBO,0.2255,Push,"Customer exceeded the data cap in 1 of the last 3 months, logged a recent complaint.",Data AddOn 5GB suits your usage - tap to activate.,APPROVED,offline
97453648790,200mins_Upsell,Upsell,0.2134,Push,"Customer exceeded the data cap in 2 of the last 3 months, is a heavy data user (97% of cap).",You're using 97% of your data - 200mins Upsell gives you more headroom - tap to activate.,APPROVED,offline
97454763024,Data_AddOn_5GB,NBO,0.2184,Call,Customer logged a recent complaint.,AGENT: Customer logged a recent complaint. Recommend: Data AddOn 5GB suits your usage.,APPROVED,offline
97455833177,Data_AddOn_5GB,NBO,0.2654,Push,Customer exceeded the data cap in 3 of the last 3 months.,Data AddOn 5GB suits your usage - tap to activate.,APPROVED,offline
97459272841,Data_AddOn_5GB,NBO,0.199,SMS,"Customer exceeded the data cap in 2 of the last 3 months, logged a recent complaint.",Hi! Data AddOn 5GB suits your usage. Reply YES. Ooredoo,APPROVED,offline
97454353597,Data_AddOn_5GB,NBO,0.28,SMS,"Customer exceeded the data cap in 3 of the last 3 months, is 27 days from renewal, logged a recent complaint.",Hi! Data AddOn 5GB suits your usage. Reply YES. Ooredoo,APPROVED,offline
97459454561,Data_AddOn_5GB,NBO,0.1298,Push,Customer exceeded the data cap in 3 of the last 3 months.,Data AddOn 5GB suits your usage - tap to activate.,APPROVED,offline
97453597480,Retention_Save_25pct,Retention,0.244,SMS,Customer is 13 days from renewal.,"Hi! Based on your recent usage, our Retention Save 25pct keeps you covered and your renewal is in 13 days - switch with no penalty. Reply YES. Ooredoo",APPROVED,offline
97455197571,Data_AddOn_5GB,NBO,0.1465,Push,Customer is an active HVC customer.,Data AddOn 5GB suits your usage - tap to activate.,APPROVED,offline
97457374201,Data_AddOn_5GB,NBO,0.1932,Call,Customer exceeded the data cap in 2 of the last 3 months.,AGENT: Customer exceeded the data cap in 2 of the last 3 months. Recommend: Data AddOn 5GB suits your usage.,APPROVED,offline
97457118900,Data_AddOn_5GB,NBO,0.1793,Email,Customer exceeded the data cap in 2 of the last 3 months.,"Dear Customer,

Customer exceeded the data cap in 2 of the last 3 months.

Data AddOn 5GB suits your usage.

Ooredoo",APPROVED,offline
97453922097,Data_AddOn_5GB,NBO,0.1443,SMS,Customer exceeded the data cap in 1 of the last 3 months.,Hi! Data AddOn 5GB suits your usage. Reply YES. Ooredoo,APPROVED,offline
97451157164,Data_AddOn_5GB,NBO,0.1867,Email,Customer exceeded the data cap in 3 of the last 3 months.,"Dear Customer,

Customer exceeded the data cap in 3 of the last 3 months.

Data AddOn 5GB suits your usage.

Ooredoo",APPROVED,offline
97451531831,Retention_Save_25pct,Retention,0.226,Call,"Customer exceeded the data cap in 2 of the last 3 months, is 57 days from renewal, logged a recent complaint.","AGENT: Customer exceeded the data cap in 2 of the last 3 months, is 57 days from renewal, logged a recent complaint. Recommend: Based on your recent usage, our Retention Save 25pct keeps you covered and your renewal is in 57 days - switch with no penalty.",APPROVED,offline
97453989475,Retention_Save_25pct,Retention,0.3724,SMS,"Customer exceeded the data cap in 2 of the last 3 months, shows elevated churn risk, logged a recent complaint.","Hi! Based on your recent usage, our Retention Save 25pct keeps you covered. Reply YES. Ooredoo",APPROVED,offline
97454369720,Retention_Save_25pct,Retention,0.2149,SMS,"Customer exceeded the data cap in 3 of the last 3 months, is 51 days from renewal.","Hi! Based on your recent usage, our Retention Save 25pct keeps you covered and your renewal is in 51 days - switch with no penalty. Reply YES. Ooredoo",APPROVED,offline
97455711075,Data_AddOn_5GB,NBO,0.2199,Email,"Customer exceeded the data cap in 2 of the last 3 months, is 13 days from renewal.","Dear Customer,

Customer exceeded the data cap in 2 of the last 3 months, is 13 days from renewal.

Data AddOn 5GB suits your usage.

Ooredoo",APPROVED,offline
97458122313,Data_AddOn_5GB,NBO,0.2387,Push,"Customer exceeded the data cap in 1 of the last 3 months, is a heavy data user (83% of cap), is 15 days from renewal.",Data AddOn 5GB suits your usage - tap to activate.,APPROVED,offline
97457854500,10GB_Aggressive_HVC,Retention,0.2424,SMS,"Customer exceeded the data cap in 1 of the last 3 months, is 3 days from renewal.","Hi! Based on your recent usage, our 10GB Aggressive HVC keeps you covered and your renewal is in 3 days - switch with no penalty. Reply YES. Ooredoo",APPROVED,offline
97453640328,Data_AddOn_5GB,NBO,0.1372,SMS,"Customer exceeded the data cap in 1 of the last 3 months, logged a recent complaint.",Hi! Data AddOn 5GB suits your usage. Reply YES. Ooredoo,APPROVED,offline
97458326434,Data_AddOn_5GB,NBO,0.0611,Push,"Customer exceeded the data cap in 3 of the last 3 months, is 1 days from renewal.",Data AddOn 5GB suits your usage - tap to activate.,APPROVED,offline
97456063778,Retention_Save_25pct,Retention,0.281,SMS,Customer is 52 days from renewal.,"Hi! Based on your recent usage, our Retention Save 25pct keeps you covered and your renewal is in 52 days - switch with no penalty. Reply YES. Ooredoo",APPROVED,offline
97454970001,Data_AddOn_5GB,NBO,0.2171,SMS,"Customer exceeded the data cap in 3 of the last 3 months, logged a recent complaint.",Hi! Data AddOn 5GB suits your usage. Reply YES. Ooredoo,APPROVED,offline
97451070640,5G_Unlimited_Upgrade,Upsell,0.1718,Push,Customer exceeded the data cap in 2 of the last 3 months.,You're using 63% of your data - 5G Unlimited Upgrade gives you more headroom - tap to activate.,APPROVED,offline
97455122263,Data_AddOn_5GB,NBO,0.2141,SMS,"Customer exceeded the data cap in 3 of the last 3 months, logged a recent complaint.",Hi! Data AddOn 5GB suits your usage. Reply YES. Ooredoo,APPROVED,offline
97455594877,Data_AddOn_5GB,NBO,0.1342,Push,Customer exceeded the data cap in 2 of the last 3 months.,Data AddOn 5GB suits your usage - tap to activate.,APPROVED,offline
97452355531,Data_AddOn_5GB,NBO,0.2116,Push,Customer exceeded the data cap in 2 of the last 3 months.,Data AddOn 5GB suits your usage - tap to activate.,APPROVED,offline
97451675510,10GB_Aggressive_HVC,Retention,0.3574,Call,"Customer exceeded the data cap in 2 of the last 3 months, shows elevated churn risk, logged a recent complaint.","AGENT: Customer exceeded the data cap in 2 of the last 3 months, shows elevated churn risk, logged a recent complaint. Recommend: Based on your recent usage, our 10GB Aggressive HVC keeps you covered.",APPROVED,offline
97454741196,Data_AddOn_5GB,NBO,0.2099,Call,Customer exceeded the data cap in 2 of the last 3 months.,AGENT: Customer exceeded the data cap in 2 of the last 3 months. Recommend: Data AddOn 5GB suits your usage.,APPROVED,offline
97457990102,Data_AddOn_5GB,NBO,0.2261,SMS,Customer exceeded the data cap in 3 of the last 3 months.,Hi! Data AddOn 5GB suits your usage. Reply YES. Ooredoo,APPROVED,offline
97453734296,Data_AddOn_5GB,NBO,0.2052,SMS,Customer exceeded the data cap in 2 of the last 3 months.,Hi! Data AddOn 5GB suits your usage. Reply YES. Ooredoo,APPROVED,offline
97457706024,Retention_Save_25pct,Retention,0.1843,SMS,"Customer exceeded the data cap in 3 of the last 3 months, is 5 days from renewal.","Hi! Based on your recent usage, our Retention Save 25pct keeps you covered and your renewal is in 5 days - switch with no penalty. Reply YES. Ooredoo",APPROVED,offline
97451898320,10GB_Aggressive_HVC,Retention,0.3441,SMS,"Customer exceeded the data cap in 3 of the last 3 months, shows elevated churn risk, logged a recent complaint.","Hi! Based on your recent usage, our 10GB Aggressive HVC keeps you covered. Reply YES. Ooredoo",SOFTENED,offline
97456781565,Data_AddOn_5GB,NBO,0.2239,SMS,Customer exceeded the data cap in 3 of the last 3 months.,Hi! Data AddOn 5GB suits your usage. Reply YES. Ooredoo,APPROVED,offline
97453007635,Retention_Save_25pct,Retention,0.1683,Push,"Customer is 4 days from renewal, logged a recent complaint.","Based on your recent usage, our Retention Save 25pct keeps you covered and your renewal is in 4 days - switch with no pe",APPROVED,offline
97454264908,Data_AddOn_5GB,NBO,0.2928,SMS,Customer is an active Mass customer.,Hi! Data AddOn 5GB suits your usage. Reply YES. Ooredoo,APPROVED,offline
97455260538,Data_AddOn_5GB,NBO,0.2932,Push,"Customer exceeded the data cap in 1 of the last 3 months, is a heavy data user (90% of cap), is 17 days from renewal, logged a recent complaint.",Data AddOn 5GB suits your usage - tap to activate.,APPROVED,offline
97457486460,Retention_Save_25pct,Retention,0.1981,Call,"Customer exceeded the data cap in 3 of the last 3 months, is 12 days from renewal, logged a recent complaint.","AGENT: Customer exceeded the data cap in 3 of the last 3 months, is 12 days from renewal, logged a recent complaint. Recommend: Based on your recent usage, our Retention Save 25pct keeps you covered and your renewal is in 12 days - switch with no penalty.",APPROVED,offline
97457197323,Data_AddOn_5GB,NBO,0.2202,Email,"Customer exceeded the data cap in 1 of the last 3 months, shows elevated churn risk.","Dear Customer,

Customer exceeded the data cap in 1 of the last 3 months, shows elevated churn risk.

Data AddOn 5GB suits your usage.

Ooredoo",APPROVED,offline
97454621581,10GB_Aggressive_HVC,Retention,0.2523,Call,Customer is 4 days from renewal.,"AGENT: Customer is 4 days from renewal. Recommend: Based on your recent usage, our 10GB Aggressive HVC keeps you covered and your renewal is in 4 days - switch with no penalty.",APPROVED,offline
97455246238,Data_AddOn_5GB,NBO,0.1676,SMS,"Customer exceeded the data cap in 2 of the last 3 months, logged a recent complaint.",Hi! Data AddOn 5GB suits your usage. Reply YES. Ooredoo,APPROVED,offline
97456963135,Data_AddOn_5GB,NBO,0.2112,SMS,Customer exceeded the data cap in 1 of the last 3 months.,Hi! Data AddOn 5GB suits your usage. Reply YES. Ooredoo,APPROVED,offline
97459814131,Data_AddOn_5GB,NBO,0.1285,SMS,Customer exceeded the data cap in 3 of the last 3 months.,Hi! Data AddOn 5GB suits your usage. Reply YES. Ooredoo,APPROVED,offline
97454599865,10GB_Aggressive_HVC,Retention,0.3557,Call,Customer shows elevated churn risk.,"AGENT: Customer shows elevated churn risk. Recommend: Based on your recent usage, our 10GB Aggressive HVC keeps you covered.",SOFTENED,offline
97456382287,10GB_Aggressive_HVC,Retention,0.111,SMS,"Customer exceeded the data cap in 2 of the last 3 months, is a heavy data user (89% of cap), is 1 days from renewal.","Hi! Based on your recent usage, our 10GB Aggressive HVC keeps you covered and your renewal is in 1 days - switch with no penalty. Reply YES. Ooredoo",APPROVED,offline
97458990340,Data_AddOn_5GB,NBO,0.1296,Push,"Customer exceeded the data cap in 2 of the last 3 months, logged a recent complaint.",Data AddOn 5GB suits your usage - tap to activate.,APPROVED,offline
97452039458,10GB_Aggressive_HVC,Retention,0.1384,Push,Customer exceeded the data cap in 1 of the last 3 months.,"Based on your recent usage, our 10GB Aggressive HVC keeps you covered - tap to activate.",APPROVED,offline
97454772811,5G_Unlimited_Upgrade,Upsell,0.2969,SMS,"Customer exceeded the data cap in 1 of the last 3 months, is a heavy data user (87% of cap), is 11 days from renewal.",Hi! You're using 87% of your data - 5G Unlimited Upgrade gives you more headroom. Reply YES. Ooredoo,APPROVED,offline
97453317336,Data_AddOn_5GB,NBO,0.2004,Call,Customer logged a recent complaint.,AGENT: Customer logged a recent complaint. Recommend: Data AddOn 5GB suits your usage.,APPROVED,offline
97453763642,10GB_Aggressive_HVC,Retention,0.4926,SMS,Customer shows elevated churn risk.,"Hi! Based on your recent usage, our 10GB Aggressive HVC keeps you covered. Reply YES. Ooredoo",APPROVED,offline
97458689684,Data_AddOn_5GB,NBO,0.1401,Push,Customer is an active HVC customer.,Data AddOn 5GB suits your usage - tap to activate.,APPROVED,offline
97454788340,Data_AddOn_5GB,NBO,0.2113,SMS,Customer exceeded the data cap in 3 of the last 3 months.,Hi! Data AddOn 5GB suits your usage. Reply YES. Ooredoo,APPROVED,offline
97451197775,Data_AddOn_5GB,NBO,0.2182,Push,"Customer exceeded the data cap in 1 of the last 3 months, is a heavy data user (81% of cap), is 44 days from renewal, logged a recent complaint.",Data AddOn 5GB suits your usage - tap to activate.,APPROVED,offline
97453386488,Data_AddOn_5GB,NBO,0.266,Call,Customer is an active Mass customer.,AGENT: Customer is an active Mass customer. Recommend: Data AddOn 5GB suits your usage.,APPROVED,offline
97451787494,Roaming_Daily_Pass,CrossSell,0.1438,Email,Customer exceeded the data cap in 1 of the last 3 months.,"Dear Customer,

Customer exceeded the data cap in 1 of the last 3 months.

Add Roaming Daily Pass to get more from your plan.

Ooredoo",APPROVED,offline
97456851244,Data_AddOn_5GB,NBO,0.208,SMS,Customer logged a recent complaint.,Hi! Data AddOn 5GB suits your usage. Reply YES. Ooredoo,APPROVED,offline
97456332660,200mins_Upsell,Upsell,0.2419,Call,"Customer is a heavy data user (82% of cap), is 49 days from renewal.","AGENT: Customer is a heavy data user (82% of cap), is 49 days from renewal. Recommend: You're using 82% of your data - 200mins Upsell gives you more headroom.",APPROVED,offline
97457837433,10GB_Aggressive_HVC,Retention,0.1521,Email,Customer exceeded the data cap in 1 of the last 3 months.,"Dear Customer,

Customer exceeded the data cap in 1 of the last 3 months.

Based on your recent usage, our 10GB Aggressive HVC keeps you covered.

Ooredoo",APPROVED,offline
97456083769,Data_AddOn_5GB,NBO,0.1403,SMS,Customer is an active HVC customer.,Hi! Data AddOn 5GB suits your usage. Reply YES. Ooredoo,APPROVED,offline
97451533636,Data_AddOn_5GB,NBO,0.2088,SMS,Customer is 29 days from renewal.,Hi! Data AddOn 5GB suits your usage. Reply YES. Ooredoo,APPROVED,offline
97455232406,10GB_Aggressive_HVC,Retention,0.3816,Push,"Customer exceeded the data cap in 1 of the last 3 months, shows elevated churn risk, logged a recent complaint.","Based on your recent usage, our 10GB Aggressive HVC keeps you covered - tap to activate.",SOFTENED,offline
97453276360,Retention_Save_25pct,Retention,0.2063,Push,"Customer exceeded the data cap in 1 of the last 3 months, is 14 days from renewal.","Based on your recent usage, our Retention Save 25pct keeps you covered and your renewal is in 14 days - switch with no p",APPROVED,offline
97455408249,Data_AddOn_5GB,NBO,0.1497,SMS,Customer is an active HVC customer.,Hi! Data AddOn 5GB suits your usage. Reply YES. Ooredoo,APPROVED,offline
97455426219,Data_AddOn_5GB,NBO,0.1885,Email,Customer exceeded the data cap in 2 of the last 3 months.,"Dear Customer,

Customer exceeded the data cap in 2 of the last 3 months.

Data AddOn 5GB suits your usage.

Ooredoo",APPROVED,offline
97459914438,Data_AddOn_5GB,NBO,0.2306,Push,"Customer exceeded the data cap in 3 of the last 3 months, is 20 days from renewal.",Data AddOn 5GB suits your usage - tap to activate.,APPROVED,offline
97452332397,Data_AddOn_5GB,NBO,0.1732,Email,"Customer exceeded the data cap in 1 of the last 3 months, logged a recent complaint.","Dear Customer,

Customer exceeded the data cap in 1 of the last 3 months, logged a recent complaint.

Data AddOn 5GB suits your usage.

Ooredoo",APPROVED,offline
97458517836,Retention_Save_25pct,Retention,0.328,SMS,"Customer exceeded the data cap in 1 of the last 3 months, shows elevated churn risk, logged a recent complaint.","Hi! Based on your recent usage, our Retention Save 25pct keeps you covered. Reply YES. Ooredoo",APPROVED,offline
97457646705,Data_AddOn_5GB,NBO,0.2121,SMS,"Customer exceeded the data cap in 2 of the last 3 months, logged a recent complaint.",Hi! Data AddOn 5GB suits your usage. Reply YES. Ooredoo,APPROVED,offline
97456462810,Data_AddOn_5GB,NBO,0.1386,Push,"Customer exceeded the data cap in 2 of the last 3 months, logged a recent complaint.",Data AddOn 5GB suits your usage - tap to activate.,APPROVED,offline
97459905921,Data_AddOn_5GB,NBO,0.1392,Push,Customer is an active HVC customer.,Data AddOn 5GB suits your usage - tap to activate.,APPROVED,offline
97457903836,Data_AddOn_5GB,NBO,0.2566,Email,"Customer exceeded the data cap in 2 of the last 3 months, is a heavy data user (88% of cap).","Dear Customer,

Customer exceeded the data cap in 2 of the last 3 months, is a heavy data user (88% of cap).

Data AddOn 5GB suits your usage.

Ooredoo",APPROVED,offline
97457243669,Retention_Save_25pct,Retention,0.2083,Call,"Customer exceeded the data cap in 1 of the last 3 months, is 16 days from renewal.","AGENT: Customer exceeded the data cap in 1 of the last 3 months, is 16 days from renewal. Recommend: Based on your recent usage, our Retention Save 25pct keeps you covered and your renewal is in 16 days - switch with no penalty.",APPROVED,offline
97452286643,Data_AddOn_5GB,NBO,0.3223,Call,"Customer exceeded the data cap in 3 of the last 3 months, is a heavy data user (92% of cap), is 35 days from renewal, logged a recent complaint.","AGENT: Customer exceeded the data cap in 3 of the last 3 months, is a heavy data user (92% of cap), is 35 days from renewal, logged a recent complaint. Recommend: Data AddOn 5GB suits your usage.",APPROVED,offline
97459315390,Data_AddOn_5GB,NBO,0.277,SMS,"Customer exceeded the data cap in 3 of the last 3 months, is 45 days from renewal.",Hi! Data AddOn 5GB suits your usage. Reply YES. Ooredoo,APPROVED,offline
97457200646,Data_AddOn_5GB,NBO,0.1373,SMS,Customer exceeded the data cap in 1 of the last 3 months.,Hi! Data AddOn 5GB suits your usage. Reply YES. Ooredoo,APPROVED,offline
97457983896,Data_AddOn_5GB,NBO,0.2152,Email,"Customer exceeded the data cap in 3 of the last 3 months, is 17 days from renewal, logged a recent complaint.","Dear Customer,

Customer exceeded the data cap in 3 of the last 3 months, is 17 days from renewal, logged a recent complaint.

Data AddOn 5GB suits your usage.

Ooredoo",APPROVED,offline
97459783148,Data_AddOn_5GB,NBO,0.1848,Email,Customer is 3 days from renewal.,"Dear Customer,

Customer is 3 days from renewal.

Data AddOn 5GB suits your usage.

Ooredoo",APPROVED,offline
97456409861,Data_AddOn_5GB,NBO,0.3286,SMS,"Customer exceeded the data cap in 2 of the last 3 months, is a heavy data user (84% of cap).",Hi! Data AddOn 5GB suits your usage. Reply YES. Ooredoo,APPROVED,offline
97455939003,Data_AddOn_5GB,NBO,0.1317,SMS,Customer exceeded the data cap in 3 of the last 3 months.,Hi! Data AddOn 5GB suits your usage. Reply YES. Ooredoo,APPROVED,offline
97457311326,Retention_Save_25pct,Retention,0.1433,Call,Customer is an active Business customer.,"AGENT: Customer is an active Business customer. Recommend: Based on your recent usage, our Retention Save 25pct keeps you covered.",APPROVED,offline
97456146386,Data_AddOn_5GB,NBO,0.2063,Email,"Customer exceeded the data cap in 2 of the last 3 months, is a heavy data user (83% of cap), logged a recent complaint.","Dear Customer,

Customer exceeded the data cap in 2 of the last 3 months, is a heavy data user (83% of cap), logged a recent complaint.

Data AddOn 5GB suits your usage.

Ooredoo",APPROVED,offline
97459415398,Data_AddOn_5GB,NBO,0.1581,SMS,"Customer exceeded the data cap in 1 of the last 3 months, is 22 days from renewal.",Hi! Data AddOn 5GB suits your usage. Reply YES. Ooredoo,APPROVED,offline
97451448345,Retention_Save_25pct,Retention,0.1914,Push,"Customer exceeded the data cap in 1 of the last 3 months, is 49 days from renewal.","Based on your recent usage, our Retention Save 25pct keeps you covered and your renewal is in 49 days - switch with no p",APPROVED,offline
97458827494,Retention_Save_25pct,Retention,0.178,SMS,Customer exceeded the data cap in 1 of the last 3 months.,"Hi! Based on your recent usage, our Retention Save 25pct keeps you covered. Reply YES. Ooredoo",APPROVED,offline
97454685501,Retention_Save_25pct,Retention,0.1421,Push,Customer is 59 days from renewal.,"Based on your recent usage, our Retention Save 25pct keeps you covered and your renewal is in 59 days - switch with no p",APPROVED,offline
97452879490,Data_AddOn_5GB,NBO,0.1208,Call,Customer exceeded the data cap in 2 of the last 3 months.,AGENT: Customer exceeded the data cap in 2 of the last 3 months. Recommend: Data AddOn 5GB suits your usage.,APPROVED,offline
97455984445,Data_AddOn_5GB,NBO,0.2772,SMS,Customer exceeded the data cap in 3 of the last 3 months.,Hi! Data AddOn 5GB suits your usage. Reply YES. Ooredoo,APPROVED,offline
97457939705,Data_AddOn_5GB,NBO,0.2038,Push,Customer exceeded the data cap in 3 of the last 3 months.,Data AddOn 5GB suits your usage - tap to activate.,APPROVED,offline
97458002587,Data_AddOn_5GB,NBO,0.2583,Email,Customer is an active Mass customer.,"Dear Customer,

Customer is an active Mass customer.

Data AddOn 5GB suits your usage.

Ooredoo",APPROVED,offline
97457742471,Data_AddOn_5GB,NBO,0.1253,Call,Customer exceeded the data cap in 1 of the last 3 months.,AGENT: Customer exceeded the data cap in 1 of the last 3 months. Recommend: Data AddOn 5GB suits your usage.,APPROVED,offline
97452454908,Data_AddOn_5GB,NBO,0.2683,Call,Customer exceeded the data cap in 1 of the last 3 months.,AGENT: Customer exceeded the data cap in 1 of the last 3 months. Recommend: Data AddOn 5GB suits your usage.,APPROVED,offline
97454319144,Data_AddOn_5GB,NBO,0.1807,Email,"Customer exceeded the data cap in 3 of the last 3 months, logged a recent complaint.","Dear Customer,

Customer exceeded the data cap in 3 of the last 3 months, logged a recent complaint.

Data AddOn 5GB suits your usage.

Ooredoo",APPROVED,offline
97459693670,Data_AddOn_5GB,NBO,0.2347,Push,"Customer exceeded the data cap in 2 of the last 3 months, is 24 days from renewal.",Data AddOn 5GB suits your usage - tap to activate.,APPROVED,offline
97456806466,Data_AddOn_5GB,NBO,0.1926,Push,Customer is an active Youth customer.,Data AddOn 5GB suits your usage - tap to activate.,APPROVED,offline
97456744588,Data_AddOn_5GB,NBO,0.2044,SMS,Customer exceeded the data cap in 3 of the last 3 months.,Hi! Data AddOn 5GB suits your usage. Reply YES. Ooredoo,APPROVED,offline
97456304509,Retention_Save_25pct,Retention,0.394,Push,"Customer shows elevated churn risk, logged a recent complaint.","Based on your recent usage, our Retention Save 25pct keeps you covered - tap to activate.",APPROVED,offline
97458668216,Data_AddOn_5GB,NBO,0.1793,SMS,Customer exceeded the data cap in 2 of the last 3 months.,Hi! Data AddOn 5GB suits your usage. Reply YES. Ooredoo,APPROVED,offline
97455949499,Data_AddOn_5GB,NBO,0.2042,Push,Customer exceeded the data cap in 2 of the last 3 months.,Data AddOn 5GB suits your usage - tap to activate.,APPROVED,offline
97453387312,Data_AddOn_5GB,NBO,0.1792,Email,"Customer exceeded the data cap in 1 of the last 3 months, is a heavy data user (93% of cap), logged a recent complaint.","Dear Customer,

Customer exceeded the data cap in 1 of the last 3 months, is a heavy data user (93% of cap), logged a recent complaint.

Data AddOn 5GB suits your usage.

Ooredoo",APPROVED,offline
97454693976,Data_AddOn_5GB,NBO,0.2636,Push,Customer is an active Mass customer.,Data AddOn 5GB suits your usage - tap to activate.,APPROVED,offline
97457062903,Data_AddOn_5GB,NBO,0.1375,SMS,Customer exceeded the data cap in 1 of the last 3 months.,Hi! Data AddOn 5GB suits your usage. Reply YES. Ooredoo,APPROVED,offline
97455408224,Retention_Save_25pct,Retention,0.2381,Email,"Customer is 52 days from renewal, logged a recent complaint.","Dear Customer,

Customer is 52 days from renewal, logged a recent complaint.

Based on your recent usage, our Retention Save 25pct keeps you covered and your renewal is in 52 days - switch with no penalty.

Ooredoo",APPROVED,offline
97455035493,Retention_Save_25pct,Retention,0.1473,SMS,Customer exceeded the data cap in 1 of the last 3 months.,"Hi! Based on your recent usage, our Retention Save 25pct keeps you covered. Reply YES. Ooredoo",APPROVED,offline
97456703737,10GB_Aggressive_HVC,Retention,0.3352,Push,"Customer exceeded the data cap in 2 of the last 3 months, shows elevated churn risk.","Based on your recent usage, our 10GB Aggressive HVC keeps you covered - tap to activate.",APPROVED,offline
97452871403,Data_AddOn_5GB,NBO,0.2288,Call,"Customer exceeded the data cap in 2 of the last 3 months, is 17 days from renewal, logged a recent complaint.","AGENT: Customer exceeded the data cap in 2 of the last 3 months, is 17 days from renewal, logged a recent complaint. Recommend: Data AddOn 5GB suits your usage.",APPROVED,offline
97456747372,Retention_Save_25pct,Retention,0.3036,SMS,"Customer exceeded the data cap in 1 of the last 3 months, shows elevated churn risk.","Hi! Based on your recent usage, our Retention Save 25pct keeps you covered. Reply YES. Ooredoo",APPROVED,offline
97455848287,10GB_Aggressive_HVC,Retention,0.3643,Push,"Customer exceeded the data cap in 2 of the last 3 months, shows elevated churn risk.","Based on your recent usage, our 10GB Aggressive HVC keeps you covered - tap to activate.",APPROVED,offline
97456658796,Retention_Save_25pct,Retention,0.1707,SMS,"Customer exceeded the data cap in 1 of the last 3 months, is 31 days from renewal.","Hi! Based on your recent usage, our Retention Save 25pct keeps you covered and your renewal is in 31 days - switch with no penalty. Reply YES. Ooredoo",APPROVED,offline
97451821052,Data_AddOn_5GB,NBO,0.2057,SMS,Customer is 32 days from renewal.,Hi! Data AddOn 5GB suits your usage. Reply YES. Ooredoo,APPROVED,offline
97453225300,Data_AddOn_5GB,NBO,0.2188,Email,Customer is 30 days from renewal.,"Dear Customer,

Customer is 30 days from renewal.

Data AddOn 5GB suits your usage.

Ooredoo",APPROVED,offline
97452855567,Retention_Save_25pct,Retention,0.1873,SMS,Customer is 28 days from renewal.,"Hi! Based on your recent usage, our Retention Save 25pct keeps you covered and your renewal is in 28 days - switch with no penalty. Reply YES. Ooredoo",APPROVED,offline
97452534837,Data_AddOn_5GB,NBO,0.2633,Email,Customer exceeded the data cap in 1 of the last 3 months.,"Dear Customer,

Customer exceeded the data cap in 1 of the last 3 months.

Data AddOn 5GB suits your usage.

Ooredoo",APPROVED,offline
97454338442,Retention_Save_25pct,Retention,0.1351,SMS,Customer is an active Business customer.,"Hi! Based on your recent usage, our Retention Save 25pct keeps you covered. Reply YES. Ooredoo",APPROVED,offline
97455926203,Data_AddOn_5GB,NBO,0.1998,Push,"Customer exceeded the data cap in 3 of the last 3 months, is 3 days from renewal.",Data AddOn 5GB suits your usage - tap to activate.,APPROVED,offline
97451423570,Data_AddOn_5GB,NBO,0.2062,Call,Customer exceeded the data cap in 2 of the last 3 months.,AGENT: Customer exceeded the data cap in 2 of the last 3 months. Recommend: Data AddOn 5GB suits your usage.,APPROVED,offline
97453373139,Data_AddOn_5GB,NBO,0.2453,Email,Customer is an active Mass customer.,"Dear Customer,

Customer is an active Mass customer.

Data AddOn 5GB suits your usage.

Ooredoo",APPROVED,offline
97456221816,Data_AddOn_5GB,NBO,0.1745,Push,"Customer exceeded the data cap in 3 of the last 3 months, is 2 days from renewal.",Data AddOn 5GB suits your usage - tap to activate.,APPROVED,offline
97453114792,Data_AddOn_5GB,NBO,0.1356,SMS,Customer exceeded the data cap in 1 of the last 3 months.,Hi! Data AddOn 5GB suits your usage. Reply YES. Ooredoo,APPROVED,offline
97459441136,Data_AddOn_5GB,NBO,0.1342,SMS,Customer exceeded the data cap in 2 of the last 3 months.,Hi! Data AddOn 5GB suits your usage. Reply YES. Ooredoo,APPROVED,offline
97452873421,Data_AddOn_5GB,NBO,0.2076,SMS,Customer is an active Mass customer.,Hi! Data AddOn 5GB suits your usage. Reply YES. Ooredoo,APPROVED,offline
97457550670,10GB_Aggressive_HVC,Retention,0.369,Push,"Customer exceeded the data cap in 3 of the last 3 months, shows elevated churn risk.","Based on your recent usage, our 10GB Aggressive HVC keeps you covered - tap to activate.",APPROVED,offline
97457081950,10GB_Aggressive_HVC,Retention,0.1602,Push,Customer exceeded the data cap in 3 of the last 3 months.,"Based on your recent usage, our 10GB Aggressive HVC keeps you covered - tap to activate.",APPROVED,offline
97457925877,Data_AddOn_5GB,NBO,0.2055,SMS,"Customer exceeded the data cap in 3 of the last 3 months, is 54 days from renewal.",Hi! Data AddOn 5GB suits your usage. Reply YES. Ooredoo,APPROVED,offline
97456967106,Data_AddOn_5GB,NBO,0.105,Email,"Customer exceeded the data cap in 2 of the last 3 months, logged a recent complaint.","Dear Customer,

Customer exceeded the data cap in 2 of the last 3 months, logged a recent complaint.

Data AddOn 5GB suits your usage.

Ooredoo",APPROVED,offline
97456118922,Data_AddOn_5GB,NBO,0.2177,SMS,Customer is 55 days from renewal.,Hi! Data AddOn 5GB suits your usage. Reply YES. Ooredoo,APPROVED,offline
97458177545,Data_AddOn_5GB,NBO,0.1235,Email,Customer exceeded the data cap in 1 of the last 3 months.,"Dear Customer,

Customer exceeded the data cap in 1 of the last 3 months.

Data AddOn 5GB suits your usage.

Ooredoo",APPROVED,offline
97456122783,Data_AddOn_5GB,NBO,0.2807,SMS,Customer exceeded the data cap in 2 of the last 3 months.,Hi! Data AddOn 5GB suits your usage. Reply YES. Ooredoo,APPROVED,offline
97456528983,Data_AddOn_5GB,NBO,0.2338,SMS,"Customer exceeded the data cap in 3 of the last 3 months, is 11 days from renewal.",Hi! Data AddOn 5GB suits your usage. Reply YES. Ooredoo,APPROVED,offline
97451160775,Data_AddOn_5GB,NBO,0.1299,SMS,Customer exceeded the data cap in 1 of the last 3 months.,Hi! Data AddOn 5GB suits your usage. Reply YES. Ooredoo,APPROVED,offline
97458349369,Data_AddOn_5GB,NBO,0.2181,Push,Customer exceeded the data cap in 1 of the last 3 months.,Data AddOn 5GB suits your usage - tap to activate.,APPROVED,offline
97453667867,Data_AddOn_5GB,NBO,0.1081,Email,Customer exceeded the data cap in 2 of the last 3 months.,"Dear Customer,

Customer exceeded the data cap in 2 of the last 3 months.

Data AddOn 5GB suits your usage.

Ooredoo",APPROVED,offline
97457655623,Data_AddOn_5GB,NBO,0.21,SMS,Customer is an active Mass customer.,Hi! Data AddOn 5GB suits your usage. Reply YES. Ooredoo,APPROVED,offline
97458686841,Data_AddOn_5GB,NBO,0.1406,SMS,Customer exceeded the data cap in 3 of the last 3 months.,Hi! Data AddOn 5GB suits your usage. Reply YES. Ooredoo,APPROVED,offline
97457978737,Data_AddOn_5GB,NBO,0.1404,SMS,Customer exceeded the data cap in 1 of the last 3 months.,Hi! Data AddOn 5GB suits your usage. Reply YES. Ooredoo,APPROVED,offline
97452344027,Data_AddOn_5GB,NBO,0.2275,Call,Customer exceeded the data cap in 2 of the last 3 months.,AGENT: Customer exceeded the data cap in 2 of the last 3 months. Recommend: Data AddOn 5GB suits your usage.,APPROVED,offline
97455166500,Data_AddOn_5GB,NBO,0.2056,SMS,Customer exceeded the data cap in 2 of the last 3 months.,Hi! Data AddOn 5GB suits your usage. Reply YES. Ooredoo,APPROVED,offline
97458467048,Data_AddOn_5GB,NBO,0.2134,SMS,Customer exceeded the data cap in 1 of the last 3 months.,Hi! Data AddOn 5GB suits your usage. Reply YES. Ooredoo,APPROVED,offline
97458884479,Data_AddOn_5GB,NBO,0.1377,Push,Customer exceeded the data cap in 2 of the last 3 months.,Data AddOn 5GB suits your usage - tap to activate.,APPROVED,offline
97451497562,Data_AddOn_5GB,NBO,0.2596,SMS,Customer exceeded the data cap in 3 of the last 3 months.,Hi! Data AddOn 5GB suits your usage. Reply YES. Ooredoo,APPROVED,offline
97455578238,Retention_Save_25pct,Retention,0.2083,Call,"Customer exceeded the data cap in 3 of the last 3 months, is 57 days from renewal.","AGENT: Customer exceeded the data cap in 3 of the last 3 months, is 57 days from renewal. Recommend: Based on your recent usage, our Retention Save 25pct keeps you covered and your renewal is in 57 days - switch with no penalty.",APPROVED,offline
97455037776,10GB_Aggressive_HVC,Retention,0.3495,Push,"Customer shows elevated churn risk, logged a recent complaint.","Based on your recent usage, our 10GB Aggressive HVC keeps you covered - tap to activate.",SOFTENED,offline
97455010912,Retention_Save_25pct,Retention,0.1807,Push,Customer is 10 days from renewal.,"Based on your recent usage, our Retention Save 25pct keeps you covered and your renewal is in 10 days - switch with no p",APPROVED,offline
97455511732,Data_AddOn_5GB,NBO,0.1999,Call,"Customer exceeded the data cap in 2 of the last 3 months, is 12 days from renewal.","AGENT: Customer exceeded the data cap in 2 of the last 3 months, is 12 days from renewal. Recommend: Data AddOn 5GB suits your usage.",APPROVED,offline
97456562067,Retention_Save_25pct,Retention,0.2836,SMS,Customer is 50 days from renewal.,"Hi! Based on your recent usage, our Retention Save 25pct keeps you covered and your renewal is in 50 days - switch with no penalty. Reply YES. Ooredoo",APPROVED,offline
97456237196,Retention_Save_25pct,Retention,0.5767,Push,"Customer is 56 days from renewal, shows elevated churn risk, logged a recent complaint.","Based on your recent usage, our Retention Save 25pct keeps you covered and your renewal is in 56 days - switch with no p",APPROVED,offline
97455885211,Data_AddOn_5GB,NBO,0.2504,Push,Customer exceeded the data cap in 2 of the last 3 months.,Data AddOn 5GB suits your usage - tap to activate.,APPROVED,offline
97457126319,Data_AddOn_5GB,NBO,0.2108,Push,"Customer exceeded the data cap in 3 of the last 3 months, is 27 days from renewal.",Data AddOn 5GB suits your usage - tap to activate.,APPROVED,offline
97452600396,Data_AddOn_5GB,NBO,0.2038,Push,Customer exceeded the data cap in 1 of the last 3 months.,Data AddOn 5GB suits your usage - tap to activate.,APPROVED,offline
97454311149,Data_AddOn_5GB,NBO,0.2459,Call,"Customer exceeded the data cap in 3 of the last 3 months, is a heavy data user (80% of cap), logged a recent complaint.","AGENT: Customer exceeded the data cap in 3 of the last 3 months, is a heavy data user (80% of cap), logged a recent complaint. Recommend: Data AddOn 5GB suits your usage.",APPROVED,offline
97459511010,Data_AddOn_5GB,NBO,0.2489,Push,"Customer exceeded the data cap in 1 of the last 3 months, is 23 days from renewal.",Data AddOn 5GB suits your usage - tap to activate.,APPROVED,offline
97453496081,Data_AddOn_5GB,NBO,0.1449,Call,Customer is an active Mass customer.,AGENT: Customer is an active Mass customer. Recommend: Data AddOn 5GB suits your usage.,APPROVED,offline
97451575278,Data_AddOn_5GB,NBO,0.2092,Email,"Customer exceeded the data cap in 3 of the last 3 months, is a heavy data user (89% of cap).","Dear Customer,

Customer exceeded the data cap in 3 of the last 3 months, is a heavy data user (89% of cap).

Data AddOn 5GB suits your usage.

Ooredoo",APPROVED,offline
97456187480,Data_AddOn_5GB,NBO,0.207,SMS,Customer is 54 days from renewal.,Hi! Data AddOn 5GB suits your usage. Reply YES. Ooredoo,APPROVED,offline
97452178049,5G_Unlimited_Upgrade,Upsell,0.1297,Email,Customer exceeded the data cap in 3 of the last 3 months.,"Dear Customer,

Customer exceeded the data cap in 3 of the last 3 months.

You're using 74% of your data - 5G Unlimited Upgrade gives you more headroom.

Ooredoo",APPROVED,offline
97454080201,Data_AddOn_5GB,NBO,0.2083,SMS,Customer exceeded the data cap in 2 of the last 3 months.,Hi! Data AddOn 5GB suits your usage. Reply YES. Ooredoo,APPROVED,offline
97458136029,200mins_Upsell,Upsell,0.307,SMS,"Customer exceeded the data cap in 1 of the last 3 months, is a heavy data user (92% of cap).",Hi! You're using 92% of your data - 200mins Upsell gives you more headroom. Reply YES. Ooredoo,APPROVED,offline
97454464442,Data_AddOn_5GB,NBO,0.1897,Push,Customer exceeded the data cap in 2 of the last 3 months.,Data AddOn 5GB suits your usage - tap to activate.,APPROVED,offline
97454314692,Retention_Save_25pct,Retention,0.551,Call,"Customer exceeded the data cap in 2 of the last 3 months, is a heavy data user (80% of cap), shows elevated churn risk, logged a recent complaint.","AGENT: Customer exceeded the data cap in 2 of the last 3 months, is a heavy data user (80% of cap), shows elevated churn risk, logged a recent complaint. Recommend: Based on your recent usage, our Retention Save 25pct keeps you covered.",SOFTENED,offline
97455719607,Data_AddOn_5GB,NBO,0.1357,Push,"Customer exceeded the data cap in 3 of the last 3 months, logged a recent complaint.",Data AddOn 5GB suits your usage - tap to activate.,APPROVED,offline
97457285088,Data_AddOn_5GB,NBO,0.2135,SMS,Customer logged a recent complaint.,Hi! Data AddOn 5GB suits your usage. Reply YES. Ooredoo,APPROVED,offline
97452110389,Data_AddOn_5GB,NBO,0.1408,SMS,Customer is an active HVC customer.,Hi! Data AddOn 5GB suits your usage. Reply YES. Ooredoo,APPROVED,offline
97459416320,Retention_Save_25pct,Retention,0.1375,SMS,"Customer exceeded the data cap in 3 of the last 3 months, logged a recent complaint.","Hi! Based on your recent usage, our Retention Save 25pct keeps you covered. Reply YES. Ooredoo",APPROVED,offline
97454912942,Data_AddOn_5GB,NBO,0.1391,SMS,Customer exceeded the data cap in 3 of the last 3 months.,Hi! Data AddOn 5GB suits your usage. Reply YES. Ooredoo,APPROVED,offline
97459501424,Data_AddOn_5GB,NBO,0.2057,SMS,Customer is an active Mass customer.,Hi! Data AddOn 5GB suits your usage. Reply YES. Ooredoo,APPROVED,offline
97458468810,Data_AddOn_5GB,NBO,0.146,Push,"Customer exceeded the data cap in 2 of the last 3 months, is 51 days from renewal, logged a recent complaint.",Data AddOn 5GB suits your usage - tap to activate.,APPROVED,offline
97452635156,Retention_Save_25pct,Retention,0.1471,Email,Customer exceeded the data cap in 1 of the last 3 months.,"Dear Customer,

Customer exceeded the data cap in 1 of the last 3 months.

Based on your recent usage, our Retention Save 25pct keeps you covered.

Ooredoo",APPROVED,offline
97459523838,Data_AddOn_5GB,NBO,0.1294,SMS,Customer exceeded the data cap in 2 of the last 3 months.,Hi! Data AddOn 5GB suits your usage. Reply YES. Ooredoo,APPROVED,offline
97456001045,Data_AddOn_5GB,NBO,0.1428,Call,Customer exceeded the data cap in 2 of the last 3 months.,AGENT: Customer exceeded the data cap in 2 of the last 3 months. Recommend: Data AddOn 5GB suits your usage.,APPROVED,offline
97455463418,Data_AddOn_5GB,NBO,0.1416,SMS,Customer exceeded the data cap in 2 of the last 3 months.,Hi! Data AddOn 5GB suits your usage. Reply YES. Ooredoo,APPROVED,offline
97455345760,Retention_Save_25pct,Retention,0.1191,Email,Customer is an active Business customer.,"Dear Customer,

Customer is an active Business customer.

Based on your recent usage, our Retention Save 25pct keeps you covered.

Ooredoo",APPROVED,offline
97458153768,5G_Unlimited_Upgrade,Upsell,0.1344,Call,Customer exceeded the data cap in 3 of the last 3 months.,AGENT: Customer exceeded the data cap in 3 of the last 3 months. Recommend: You're using 71% of your data - 5G Unlimited Upgrade gives you more headroom.,APPROVED,offline
97454251298,Data_AddOn_5GB,NBO,0.2037,SMS,Customer is 59 days from renewal.,Hi! Data AddOn 5GB suits your usage. Reply YES. Ooredoo,APPROVED,offline
97455465150,10GB_Aggressive_HVC,Retention,0.1913,Push,"Customer exceeded the data cap in 3 of the last 3 months, is 50 days from renewal.","Based on your recent usage, our 10GB Aggressive HVC keeps you covered and your renewal is in 50 days - switch with no pe",APPROVED,offline
97459389012,Data_AddOn_5GB,NBO,0.1928,SMS,"Customer exceeded the data cap in 1 of the last 3 months, is 52 days from renewal.",Hi! Data AddOn 5GB suits your usage. Reply YES. Ooredoo,APPROVED,offline
97458249903,Data_AddOn_5GB,NBO,0.1376,SMS,"Customer exceeded the data cap in 3 of the last 3 months, is 32 days from renewal.",Hi! Data AddOn 5GB suits your usage. Reply YES. Ooredoo,APPROVED,offline
97455897590,Data_AddOn_5GB,NBO,0.2203,Push,Customer exceeded the data cap in 1 of the last 3 months.,Data AddOn 5GB suits your usage - tap to activate.,APPROVED,offline
97457189573,Data_AddOn_5GB,NBO,0.3044,Push,Customer is an active Mass customer.,Data AddOn 5GB suits your usage - tap to activate.,APPROVED,offline
97452323483,Data_AddOn_5GB,NBO,0.2796,Push,Customer exceeded the data cap in 2 of the last 3 months.,Data AddOn 5GB suits your usage - tap to activate.,APPROVED,offline
97452722320,Data_AddOn_5GB,NBO,0.1577,Email,"Customer exceeded the data cap in 2 of the last 3 months, is 44 days from renewal.","Dear Customer,

Customer exceeded the data cap in 2 of the last 3 months, is 44 days from renewal.

Data AddOn 5GB suits your usage.

Ooredoo",APPROVED,offline
97453332517,Data_AddOn_5GB,NBO,0.2119,Call,Customer exceeded the data cap in 3 of the last 3 months.,AGENT: Customer exceeded the data cap in 3 of the last 3 months. Recommend: Data AddOn 5GB suits your usage.,APPROVED,offline
97454196340,Data_AddOn_5GB,NBO,0.1354,Call,Customer exceeded the data cap in 3 of the last 3 months.,AGENT: Customer exceeded the data cap in 3 of the last 3 months. Recommend: Data AddOn 5GB suits your usage.,APPROVED,offline
97459551881,5G_Unlimited_Upgrade,Upsell,0.2169,SMS,"Customer exceeded the data cap in 1 of the last 3 months, is 24 days from renewal, logged a recent complaint.",Hi! You're using 77% of your data - 5G Unlimited Upgrade gives you more headroom. Reply YES. Ooredoo,APPROVED,offline
97456387408,Data_AddOn_5GB,NBO,0.2039,Push,Customer exceeded the data cap in 2 of the last 3 months.,Data AddOn 5GB suits your usage - tap to activate.,APPROVED,offline
97456692493,Data_AddOn_5GB,NBO,0.2085,Call,Customer exceeded the data cap in 3 of the last 3 months.,AGENT: Customer exceeded the data cap in 3 of the last 3 months. Recommend: Data AddOn 5GB suits your usage.,APPROVED,offline
97459247752,Data_AddOn_5GB,NBO,0.2192,Call,Customer exceeded the data cap in 3 of the last 3 months.,AGENT: Customer exceeded the data cap in 3 of the last 3 months. Recommend: Data AddOn 5GB suits your usage.,APPROVED,offline
97452087341,Data_AddOn_5GB,NBO,0.1299,Email,"Customer exceeded the data cap in 3 of the last 3 months, is 57 days from renewal.","Dear Customer,

Customer exceeded the data cap in 3 of the last 3 months, is 57 days from renewal.

Data AddOn 5GB suits your usage.

Ooredoo",APPROVED,offline
97457195200,200mins_Upsell,Upsell,0.1839,Call,"Customer exceeded the data cap in 1 of the last 3 months, is a heavy data user (89% of cap).","AGENT: Customer exceeded the data cap in 1 of the last 3 months, is a heavy data user (89% of cap). Recommend: You're using 89% of your data - 200mins Upsell gives you more headroom.",APPROVED,offline
97454977266,Data_AddOn_5GB,NBO,0.2028,Push,Customer is an active Mass customer.,Data AddOn 5GB suits your usage - tap to activate.,APPROVED,offline
97456558956,Data_AddOn_5GB,NBO,0.1849,SMS,Customer exceeded the data cap in 1 of the last 3 months.,Hi! Data AddOn 5GB suits your usage. Reply YES. Ooredoo,APPROVED,offline
97454031756,Data_AddOn_5GB,NBO,0.2974,SMS,Customer exceeded the data cap in 3 of the last 3 months.,Hi! Data AddOn 5GB suits your usage. Reply YES. Ooredoo,APPROVED,offline
97451843523,Data_AddOn_5GB,NBO,0.1414,Push,Customer exceeded the data cap in 2 of the last 3 months.,Data AddOn 5GB suits your usage - tap to activate.,APPROVED,offline
97459934845,5G_Unlimited_Upgrade,Upsell,0.1639,SMS,"Customer exceeded the data cap in 2 of the last 3 months, is a heavy data user (85% of cap), is 54 days from renewal.",Hi! You're using 85% of your data - 5G Unlimited Upgrade gives you more headroom. Reply YES. Ooredoo,APPROVED,offline
97455040479,Retention_Save_25pct,Retention,0.3731,Call,"Customer exceeded the data cap in 3 of the last 3 months, is 24 days from renewal, shows elevated churn risk.","AGENT: Customer exceeded the data cap in 3 of the last 3 months, is 24 days from renewal, shows elevated churn risk. Recommend: Based on your recent usage, our Retention Save 25pct keeps you covered and your renewal is in 24 days - switch with no penalty.",APPROVED,offline
97451092193,Data_AddOn_5GB,NBO,0.2185,SMS,"Customer exceeded the data cap in 2 of the last 3 months, is 56 days from renewal.",Hi! Data AddOn 5GB suits your usage. Reply YES. Ooredoo,APPROVED,offline
97452186887,Data_AddOn_5GB,NBO,0.212,SMS,Customer exceeded the data cap in 1 of the last 3 months.,Hi! Data AddOn 5GB suits your usage. Reply YES. Ooredoo,APPROVED,offline
97459896761,5G_Unlimited_Upgrade,Upsell,0.1322,Push,"Customer exceeded the data cap in 3 of the last 3 months, is 29 days from renewal.",You're using 76% of your data - 5G Unlimited Upgrade gives you more headroom - tap to activate.,APPROVED,offline
97454334817,Data_AddOn_5GB,NBO,0.2048,SMS,Customer logged a recent complaint.,Hi! Data AddOn 5GB suits your usage. Reply YES. Ooredoo,APPROVED,offline
97453715514,10GB_Aggressive_HVC,Retention,0.2376,Push,"Customer exceeded the data cap in 1 of the last 3 months, is a heavy data user (86% of cap), is 40 days from renewal, shows elevated churn risk.","Based on your recent usage, our 10GB Aggressive HVC keeps you covered and your renewal is in 40 days - switch with no pe",APPROVED,offline
97453658571,Data_AddOn_5GB,NBO,0.3088,Call,Customer exceeded the data cap in 3 of the last 3 months.,AGENT: Customer exceeded the data cap in 3 of the last 3 months. Recommend: Data AddOn 5GB suits your usage.,APPROVED,offline
97455834357,Retention_Save_25pct,Retention,0.221,Email,"Customer exceeded the data cap in 1 of the last 3 months, is 55 days from renewal.","Dear Customer,

Customer exceeded the data cap in 1 of the last 3 months, is 55 days from renewal.

Based on your recent usage, our Retention Save 25pct keeps you covered and your renewal is in 55 days - switch with no penalty.

Ooredoo",APPROVED,offline
97458102173,Data_AddOn_5GB,NBO,0.1417,SMS,Customer exceeded the data cap in 1 of the last 3 months.,Hi! Data AddOn 5GB suits your usage. Reply YES. Ooredoo,APPROVED,offline
97455892472,Data_AddOn_5GB,NBO,0.2364,SMS,"Customer exceeded the data cap in 3 of the last 3 months, is a heavy data user (84% of cap), is 15 days from renewal.",Hi! Data AddOn 5GB suits your usage. Reply YES. Ooredoo,APPROVED,offline
97451481680,10GB_Aggressive_HVC,Retention,0.093,Call,Customer exceeded the data cap in 1 of the last 3 months.,"AGENT: Customer exceeded the data cap in 1 of the last 3 months. Recommend: Based on your recent usage, our 10GB Aggressive HVC keeps you covered.",APPROVED,offline
97456165679,Data_AddOn_5GB,NBO,0.2446,Call,"Customer exceeded the data cap in 2 of the last 3 months, is 27 days from renewal.","AGENT: Customer exceeded the data cap in 2 of the last 3 months, is 27 days from renewal. Recommend: Data AddOn 5GB suits your usage.",APPROVED,offline
97457180142,Data_AddOn_5GB,NBO,0.2247,Email,"Customer exceeded the data cap in 2 of the last 3 months, is a heavy data user (91% of cap), is 34 days from renewal, logged a recent complaint.","Dear Customer,

Customer exceeded the data cap in 2 of the last 3 months, is a heavy data user (91% of cap), is 34 days from renewal, logged a recent complaint.

Data AddOn 5GB suits your usage.

Ooredoo",APPROVED,offline
97456287118,10GB_Aggressive_HVC,Retention,0.5107,Push,"Customer shows elevated churn risk, logged a recent complaint.","Based on your recent usage, our 10GB Aggressive HVC keeps you covered - tap to activate.",APPROVED,offline
97455100673,Retention_Save_25pct,Retention,0.2635,Push,"Customer exceeded the data cap in 2 of the last 3 months, is 45 days from renewal, logged a recent complaint.","Based on your recent usage, our Retention Save 25pct keeps you covered and your renewal is in 45 days - switch with no p",APPROVED,offline
97452534026,200mins_Upsell,Upsell,0.2227,Call,"Customer exceeded the data cap in 2 of the last 3 months, is a heavy data user (96% of cap).","AGENT: Customer exceeded the data cap in 2 of the last 3 months, is a heavy data user (96% of cap). Recommend: You're using 96% of your data - 200mins Upsell gives you more headroom.",APPROVED,offline
97459704434,Data_AddOn_5GB,NBO,0.206,SMS,"Customer exceeded the data cap in 1 of the last 3 months, is 40 days from renewal.",Hi! Data AddOn 5GB suits your usage. Reply YES. Ooredoo,APPROVED,offline
97454467366,Retention_Save_25pct,Retention,0.2253,SMS,"Customer exceeded the data cap in 1 of the last 3 months, is 26 days from renewal, logged a recent complaint.","Hi! Based on your recent usage, our Retention Save 25pct keeps you covered and your renewal is in 26 days - switch with no penalty. Reply YES. Ooredoo",APPROVED,offline
97451327359,Data_AddOn_5GB,NBO,0.2731,SMS,Customer exceeded the data cap in 3 of the last 3 months.,Hi! Data AddOn 5GB suits your usage. Reply YES. Ooredoo,APPROVED,offline
97451317537,Retention_Save_25pct,Retention,0.3106,SMS,"Customer exceeded the data cap in 2 of the last 3 months, shows elevated churn risk.","Hi! Based on your recent usage, our Retention Save 25pct keeps you covered. Reply YES. Ooredoo",APPROVED,offline
97457953757,Retention_Save_25pct,Retention,0.2463,Push,"Customer exceeded the data cap in 1 of the last 3 months, shows elevated churn risk.","Based on your recent usage, our Retention Save 25pct keeps you covered - tap to activate.",APPROVED,offline
97451550222,Retention_Save_25pct,Retention,0.1929,Push,Customer exceeded the data cap in 2 of the last 3 months.,"Based on your recent usage, our Retention Save 25pct keeps you covered - tap to activate.",APPROVED,offline
97455975026,Data_AddOn_5GB,NBO,0.2283,Call,"Customer exceeded the data cap in 1 of the last 3 months, is 44 days from renewal.","AGENT: Customer exceeded the data cap in 1 of the last 3 months, is 44 days from renewal. Recommend: Data AddOn 5GB suits your usage.",APPROVED,offline
97458795134,Data_AddOn_5GB,NBO,0.2131,Push,Customer exceeded the data cap in 1 of the last 3 months.,Data AddOn 5GB suits your usage - tap to activate.,APPROVED,offline
97453573619,Data_AddOn_5GB,NBO,0.1461,Push,Customer exceeded the data cap in 2 of the last 3 months.,Data AddOn 5GB suits your usage - tap to activate.,APPROVED,offline
97453453752,Data_AddOn_5GB,NBO,0.2239,Call,"Customer exceeded the data cap in 1 of the last 3 months, is 45 days from renewal.","AGENT: Customer exceeded the data cap in 1 of the last 3 months, is 45 days from renewal. Recommend: Data AddOn 5GB suits your usage.",APPROVED,offline
97458265760,Data_AddOn_5GB,NBO,0.1261,Email,Customer exceeded the data cap in 3 of the last 3 months.,"Dear Customer,

Customer exceeded the data cap in 3 of the last 3 months.

Data AddOn 5GB suits your usage.

Ooredoo",APPROVED,offline
97452353038,Data_AddOn_5GB,NBO,0.2065,Call,"Customer exceeded the data cap in 1 of the last 3 months, logged a recent complaint.","AGENT: Customer exceeded the data cap in 1 of the last 3 months, logged a recent complaint. Recommend: Data AddOn 5GB suits your usage.",APPROVED,offline
97459639483,Data_AddOn_5GB,NBO,0.1349,Call,Customer is an active HVC customer.,AGENT: Customer is an active HVC customer. Recommend: Data AddOn 5GB suits your usage.,APPROVED,offline
97455657693,Data_AddOn_5GB,NBO,0.212,SMS,Customer is 52 days from renewal.,Hi! Data AddOn 5GB suits your usage. Reply YES. Ooredoo,APPROVED,offline
97455264694,Data_AddOn_5GB,NBO,0.1907,Email,"Customer exceeded the data cap in 3 of the last 3 months, logged a recent complaint.","Dear Customer,

Customer exceeded the data cap in 3 of the last 3 months, logged a recent complaint.

Data AddOn 5GB suits your usage.

Ooredoo",APPROVED,offline
97451707689,10GB_Aggressive_HVC,Retention,0.317,SMS,"Customer exceeded the data cap in 2 of the last 3 months, is 30 days from renewal, shows elevated churn risk, logged a recent complaint.","Hi! Based on your recent usage, our 10GB Aggressive HVC keeps you covered and your renewal is in 30 days - switch with no penalty. Reply YES. Ooredoo",APPROVED,offline
97452296516,Data_AddOn_5GB,NBO,0.2364,SMS,Customer exceeded the data cap in 1 of the last 3 months.,Hi! Data AddOn 5GB suits your usage. Reply YES. Ooredoo,APPROVED,offline
97454463351,Data_AddOn_5GB,NBO,0.212,Call,Customer exceeded the data cap in 2 of the last 3 months.,AGENT: Customer exceeded the data cap in 2 of the last 3 months. Recommend: Data AddOn 5GB suits your usage.,APPROVED,offline
97452854971,Data_AddOn_5GB,NBO,0.147,SMS,Customer exceeded the data cap in 3 of the last 3 months.,Hi! Data AddOn 5GB suits your usage. Reply YES. Ooredoo,APPROVED,offline
97452849396,Data_AddOn_5GB,NBO,0.266,SMS,"Customer exceeded the data cap in 1 of the last 3 months, logged a recent complaint.",Hi! Data AddOn 5GB suits your usage. Reply YES. Ooredoo,APPROVED,offline
97453691276,Data_AddOn_5GB,NBO,0.2617,SMS,"Customer exceeded the data cap in 2 of the last 3 months, is 14 days from renewal.",Hi! Data AddOn 5GB suits your usage. Reply YES. Ooredoo,APPROVED,offline
97453526954,10GB_Aggressive_HVC,Retention,0.2228,Push,"Customer exceeded the data cap in 2 of the last 3 months, is 4 days from renewal, logged a recent complaint.","Based on your recent usage, our 10GB Aggressive HVC keeps you covered and your renewal is in 4 days - switch with no pen",APPROVED,offline
97457549546,Data_AddOn_5GB,NBO,0.1951,SMS,"Customer exceeded the data cap in 1 of the last 3 months, is 41 days from renewal.",Hi! Data AddOn 5GB suits your usage. Reply YES. Ooredoo,APPROVED,offline
97459007407,Retention_Save_25pct,Retention,0.2439,SMS,Customer shows elevated churn risk.,"Hi! Based on your recent usage, our Retention Save 25pct keeps you covered. Reply YES. Ooredoo",APPROVED,offline
97458385034,Data_AddOn_5GB,NBO,0.2327,SMS,Customer exceeded the data cap in 2 of the last 3 months.,Hi! Data AddOn 5GB suits your usage. Reply YES. Ooredoo,APPROVED,offline
97458063410,Data_AddOn_5GB,NBO,0.3136,SMS,"Customer exceeded the data cap in 3 of the last 3 months, is a heavy data user (85% of cap).",Hi! Data AddOn 5GB suits your usage. Reply YES. Ooredoo,APPROVED,offline
97459001482,Retention_Save_25pct,Retention,0.2099,Call,"Customer exceeded the data cap in 1 of the last 3 months, is 8 days from renewal.","AGENT: Customer exceeded the data cap in 1 of the last 3 months, is 8 days from renewal. Recommend: Based on your recent usage, our Retention Save 25pct keeps you covered and your renewal is in 8 days - switch with no penalty.",APPROVED,offline
97452072647,10GB_Aggressive_HVC,Retention,0.1701,SMS,Customer exceeded the data cap in 1 of the last 3 months.,"Hi! Based on your recent usage, our 10GB Aggressive HVC keeps you covered. Reply YES. Ooredoo",APPROVED,offline
97452631107,Data_AddOn_5GB,NBO,0.2004,Push,Customer is an active Mass customer.,Data AddOn 5GB suits your usage - tap to activate.,APPROVED,offline
97456106563,Retention_Save_25pct,Retention,0.2155,Call,"Customer exceeded the data cap in 2 of the last 3 months, is 25 days from renewal.","AGENT: Customer exceeded the data cap in 2 of the last 3 months, is 25 days from renewal. Recommend: Based on your recent usage, our Retention Save 25pct keeps you covered and your renewal is in 25 days - switch with no penalty.",APPROVED,offline
97459234679,Data_AddOn_5GB,NBO,0.129,Call,"Customer exceeded the data cap in 2 of the last 3 months, logged a recent complaint.","AGENT: Customer exceeded the data cap in 2 of the last 3 months, logged a recent complaint. Recommend: Data AddOn 5GB suits your usage.",APPROVED,offline
97457463768,Data_AddOn_5GB,NBO,0.4372,Push,"Customer exceeded the data cap in 2 of the last 3 months, is a heavy data user (91% of cap).",Data AddOn 5GB suits your usage - tap to activate.,APPROVED,offline
97456606594,Data_AddOn_5GB,NBO,0.2113,Call,Customer exceeded the data cap in 1 of the last 3 months.,AGENT: Customer exceeded the data cap in 1 of the last 3 months. Recommend: Data AddOn 5GB suits your usage.,APPROVED,offline
97452950367,Data_AddOn_5GB,NBO,0.2052,Call,"Customer exceeded the data cap in 3 of the last 3 months, is 42 days from renewal.","AGENT: Customer exceeded the data cap in 3 of the last 3 months, is 42 days from renewal. Recommend: Data AddOn 5GB suits your usage.",APPROVED,offline
97452910705,Data_AddOn_5GB,NBO,0.1528,Push,"Customer exceeded the data cap in 2 of the last 3 months, is 17 days from renewal.",Data AddOn 5GB suits your usage - tap to activate.,APPROVED,offline
97452601596,Retention_Save_25pct,Retention,0.1982,Push,Customer exceeded the data cap in 2 of the last 3 months.,"Based on your recent usage, our Retention Save 25pct keeps you covered - tap to activate.",APPROVED,offline
97454791481,5G_Unlimited_Upgrade,Upsell,0.1391,Email,"Customer exceeded the data cap in 3 of the last 3 months, is 19 days from renewal.","Dear Customer,

Customer exceeded the data cap in 3 of the last 3 months, is 19 days from renewal.

You're using 75% of your data - 5G Unlimited Upgrade gives you more headroom.

Ooredoo",APPROVED,offline
97456123122,Data_AddOn_5GB,NBO,0.2188,SMS,Customer exceeded the data cap in 1 of the last 3 months.,Hi! Data AddOn 5GB suits your usage. Reply YES. Ooredoo,APPROVED,offline
97458757202,200mins_Upsell,Upsell,0.2604,Email,"Customer exceeded the data cap in 2 of the last 3 months, is a heavy data user (82% of cap).","Dear Customer,

Customer exceeded the data cap in 2 of the last 3 months, is a heavy data user (82% of cap).

You're using 82% of your data - 200mins Upsell gives you more headroom.

Ooredoo",APPROVED,offline
97457348564,Retention_Save_25pct,Retention,0.1703,Call,Customer exceeded the data cap in 1 of the last 3 months.,"AGENT: Customer exceeded the data cap in 1 of the last 3 months. Recommend: Based on your recent usage, our Retention Save 25pct keeps you covered.",APPROVED,offline
97455150276,Data_AddOn_5GB,NBO,0.2193,SMS,"Customer exceeded the data cap in 1 of the last 3 months, logged a recent complaint.",Hi! Data AddOn 5GB suits your usage. Reply YES. Ooredoo,APPROVED,offline
97456723601,Data_AddOn_5GB,NBO,0.2114,SMS,Customer exceeded the data cap in 2 of the last 3 months.,Hi! Data AddOn 5GB suits your usage. Reply YES. Ooredoo,APPROVED,offline
97456354075,Data_AddOn_5GB,NBO,0.2126,Push,Customer exceeded the data cap in 1 of the last 3 months.,Data AddOn 5GB suits your usage - tap to activate.,APPROVED,offline
97456279548,Data_AddOn_5GB,NBO,0.1517,Call,Customer exceeded the data cap in 2 of the last 3 months.,AGENT: Customer exceeded the data cap in 2 of the last 3 months. Recommend: Data AddOn 5GB suits your usage.,APPROVED,offline
97453382357,Data_AddOn_5GB,NBO,0.2206,SMS,"Customer exceeded the data cap in 3 of the last 3 months, is 43 days from renewal.",Hi! Data AddOn 5GB suits your usage. Reply YES. Ooredoo,APPROVED,offline
97458904069,Data_AddOn_5GB,NBO,0.212,SMS,Customer exceeded the data cap in 2 of the last 3 months.,Hi! Data AddOn 5GB suits your usage. Reply YES. Ooredoo,APPROVED,offline
97453245131,Retention_Save_25pct,Retention,0.1653,SMS,Customer exceeded the data cap in 1 of the last 3 months.,"Hi! Based on your recent usage, our Retention Save 25pct keeps you covered. Reply YES. Ooredoo",APPROVED,offline
97455246049,Retention_Save_25pct,Retention,0.531,SMS,"Customer is 51 days from renewal, shows elevated churn risk.","Hi! Based on your recent usage, our Retention Save 25pct keeps you covered and your renewal is in 51 days - switch with no penalty. Reply YES. Ooredoo",APPROVED,offline
97459480473,Data_AddOn_5GB,NBO,0.3344,Call,"Customer exceeded the data cap in 2 of the last 3 months, shows elevated churn risk, logged a recent complaint.","AGENT: Customer exceeded the data cap in 2 of the last 3 months, shows elevated churn risk, logged a recent complaint. Recommend: Data AddOn 5GB suits your usage.",APPROVED,offline
97456455770,Data_AddOn_5GB,NBO,0.1436,Push,Customer logged a recent complaint.,Data AddOn 5GB suits your usage - tap to activate.,APPROVED,offline
97452072200,Data_AddOn_5GB,NBO,0.2169,SMS,Customer exceeded the data cap in 2 of the last 3 months.,Hi! Data AddOn 5GB suits your usage. Reply YES. Ooredoo,APPROVED,offline
97453906158,10GB_Aggressive_HVC,Retention,0.3141,SMS,Customer shows elevated churn risk.,"Hi! Based on your recent usage, our 10GB Aggressive HVC keeps you covered. Reply YES. Ooredoo",SOFTENED,offline
97452222869,Data_AddOn_5GB,NBO,0.1296,Email,Customer exceeded the data cap in 3 of the last 3 months.,"Dear Customer,

Customer exceeded the data cap in 3 of the last 3 months.

Data AddOn 5GB suits your usage.

Ooredoo",APPROVED,offline
97454125354,Retention_Save_25pct,Retention,0.321,SMS,"Customer exceeded the data cap in 3 of the last 3 months, is 41 days from renewal, shows elevated churn risk.","Hi! Based on your recent usage, our Retention Save 25pct keeps you covered and your renewal is in 41 days - switch with no penalty. Reply YES. Ooredoo",APPROVED,offline
97455782883,Data_AddOn_5GB,NBO,0.2685,SMS,Customer is an active Mass customer.,Hi! Data AddOn 5GB suits your usage. Reply YES. Ooredoo,APPROVED,offline
97457501632,200mins_Upsell,Upsell,0.269,Push,"Customer exceeded the data cap in 3 of the last 3 months, is a heavy data user (94% of cap).",You're using 94% of your data - 200mins Upsell gives you more headroom - tap to activate.,APPROVED,offline
97454982588,10GB_Aggressive_HVC,Retention,0.1162,SMS,"Customer exceeded the data cap in 2 of the last 3 months, is 1 days from renewal.","Hi! Based on your recent usage, our 10GB Aggressive HVC keeps you covered and your renewal is in 1 days - switch with no penalty. Reply YES. Ooredoo",APPROVED,offline
97459083123,Data_AddOn_5GB,NBO,0.1532,Push,"Customer exceeded the data cap in 3 of the last 3 months, is 49 days from renewal.",Data AddOn 5GB suits your usage - tap to activate.,APPROVED,offline
97457160686,Data_AddOn_5GB,NBO,0.2114,SMS,Customer exceeded the data cap in 3 of the last 3 months.,Hi! Data AddOn 5GB suits your usage. Reply YES. Ooredoo,APPROVED,offline
97451635605,Data_AddOn_5GB,NBO,0.2198,SMS,"Customer exceeded the data cap in 1 of the last 3 months, is a heavy data user (88% of cap), is 51 days from renewal.",Hi! Data AddOn 5GB suits your usage. Reply YES. Ooredoo,APPROVED,offline
97458479821,Data_AddOn_5GB,NBO,0.1478,Push,Customer exceeded the data cap in 3 of the last 3 months.,Data AddOn 5GB suits your usage - tap to activate.,APPROVED,offline
97455583897,Retention_Save_25pct,Retention,0.1359,Email,"Customer exceeded the data cap in 1 of the last 3 months, logged a recent complaint.","Dear Customer,

Customer exceeded the data cap in 1 of the last 3 months, logged a recent complaint.

Based on your recent usage, our Retention Save 25pct keeps you covered.

Ooredoo",APPROVED,offline
97458413718,Data_AddOn_5GB,NBO,0.2129,Call,Customer exceeded the data cap in 3 of the last 3 months.,AGENT: Customer exceeded the data cap in 3 of the last 3 months. Recommend: Data AddOn 5GB suits your usage.,APPROVED,offline
97451067661,Data_AddOn_5GB,NBO,0.1492,SMS,"Customer exceeded the data cap in 1 of the last 3 months, is 21 days from renewal.",Hi! Data AddOn 5GB suits your usage. Reply YES. Ooredoo,APPROVED,offline
97457859991,Data_AddOn_5GB,NBO,0.2115,Call,Customer exceeded the data cap in 2 of the last 3 months.,AGENT: Customer exceeded the data cap in 2 of the last 3 months. Recommend: Data AddOn 5GB suits your usage.,APPROVED,offline
97458585153,Data_AddOn_5GB,NBO,0.2149,SMS,Customer exceeded the data cap in 1 of the last 3 months.,Hi! Data AddOn 5GB suits your usage. Reply YES. Ooredoo,APPROVED,offline
97456914988,Data_AddOn_5GB,NBO,0.1891,Email,"Customer exceeded the data cap in 1 of the last 3 months, is a heavy data user (84% of cap), is 44 days from renewal.","Dear Customer,

Customer exceeded the data cap in 1 of the last 3 months, is a heavy data user (84% of cap), is 44 days from renewal.

Data AddOn 5GB suits your usage.

Ooredoo",APPROVED,offline
97457558221,Data_AddOn_5GB,NBO,0.2201,SMS,Customer is an active Mass customer.,Hi! Data AddOn 5GB suits your usage. Reply YES. Ooredoo,APPROVED,offline
97452307506,Data_AddOn_5GB,NBO,0.283,SMS,"Customer exceeded the data cap in 1 of the last 3 months, is 17 days from renewal.",Hi! Data AddOn 5GB suits your usage. Reply YES. Ooredoo,APPROVED,offline
97453901614,Retention_Save_25pct,Retention,0.147,Call,Customer exceeded the data cap in 1 of the last 3 months.,"AGENT: Customer exceeded the data cap in 1 of the last 3 months. Recommend: Based on your recent usage, our Retention Save 25pct keeps you covered.",APPROVED,offline
97453966422,Data_AddOn_5GB,NBO,0.2004,SMS,Customer is an active Mass customer.,Hi! Data AddOn 5GB suits your usage. Reply YES. Ooredoo,APPROVED,offline
97454708654,Retention_Save_25pct,Retention,0.2181,Push,"Customer exceeded the data cap in 1 of the last 3 months, is 27 days from renewal.","Based on your recent usage, our Retention Save 25pct keeps you covered and your renewal is in 27 days - switch with no p",APPROVED,offline
97458315436,Retention_Save_25pct,Retention,0.2011,Call,"Customer exceeded the data cap in 3 of the last 3 months, is 58 days from renewal.","AGENT: Customer exceeded the data cap in 3 of the last 3 months, is 58 days from renewal. Recommend: Based on your recent usage, our Retention Save 25pct keeps you covered and your renewal is in 58 days - switch with no penalty.",APPROVED,offline
97451118033,Data_AddOn_5GB,NBO,0.2151,SMS,Customer exceeded the data cap in 2 of the last 3 months.,Hi! Data AddOn 5GB suits your usage. Reply YES. Ooredoo,APPROVED,offline
97456872354,200mins_Upsell,Upsell,0.2279,Push,"Customer exceeded the data cap in 1 of the last 3 months, is a heavy data user (97% of cap), logged a recent complaint.",You're using 97% of your data - 200mins Upsell gives you more headroom - tap to activate.,APPROVED,offline
97452215502,Retention_Save_25pct,Retention,0.2267,SMS,"Customer exceeded the data cap in 3 of the last 3 months, is 12 days from renewal.","Hi! Based on your recent usage, our Retention Save 25pct keeps you covered and your renewal is in 12 days - switch with no penalty. Reply YES. Ooredoo",APPROVED,offline
97453319049,Data_AddOn_5GB,NBO,0.1298,SMS,Customer is an active Youth customer.,Hi! Data AddOn 5GB suits your usage. Reply YES. Ooredoo,APPROVED,offline
97457292518,Data_AddOn_5GB,NBO,0.2217,SMS,Customer is 21 days from renewal.,Hi! Data AddOn 5GB suits your usage. Reply YES. Ooredoo,APPROVED,offline
97458587768,Data_AddOn_5GB,NBO,0.1972,SMS,Customer exceeded the data cap in 3 of the last 3 months.,Hi! Data AddOn 5GB suits your usage. Reply YES. Ooredoo,APPROVED,offline
97454720464,Data_AddOn_5GB,NBO,0.1986,Push,Customer exceeded the data cap in 2 of the last 3 months.,Data AddOn 5GB suits your usage - tap to activate.,APPROVED,offline
97453192614,Retention_Save_25pct,Retention,0.2453,Call,"Customer exceeded the data cap in 1 of the last 3 months, is 53 days from renewal.","AGENT: Customer exceeded the data cap in 1 of the last 3 months, is 53 days from renewal. Recommend: Based on your recent usage, our Retention Save 25pct keeps you covered and your renewal is in 53 days - switch with no penalty.",APPROVED,offline
97451770173,Data_AddOn_5GB,NBO,0.2762,Push,"Customer exceeded the data cap in 2 of the last 3 months, is 36 days from renewal.",Data AddOn 5GB suits your usage - tap to activate.,APPROVED,offline
97456642264,Data_AddOn_5GB,NBO,0.1349,Email,"Customer exceeded the data cap in 2 of the last 3 months, is 30 days from renewal.","Dear Customer,

Customer exceeded the data cap in 2 of the last 3 months, is 30 days from renewal.

Data AddOn 5GB suits your usage.

Ooredoo",APPROVED,offline
97451467010,Data_AddOn_5GB,NBO,0.1528,SMS,"Customer exceeded the data cap in 1 of the last 3 months, is 41 days from renewal, logged a recent complaint.",Hi! Data AddOn 5GB suits your usage. Reply YES. Ooredoo,APPROVED,offline
97452655016,Data_AddOn_5GB,NBO,0.2043,Email,"Customer exceeded the data cap in 3 of the last 3 months, is a heavy data user (85% of cap), is 56 days from renewal, logged a recent complaint.","Dear Customer,

Customer exceeded the data cap in 3 of the last 3 months, is a heavy data user (85% of cap), is 56 days from renewal, logged a recent complaint.

Data AddOn 5GB suits your usage.

Ooredoo",APPROVED,offline
97455221038,Data_AddOn_5GB,NBO,0.1353,Push,Customer logged a recent complaint.,Data AddOn 5GB suits your usage - tap to activate.,APPROVED,offline
97459376430,Data_AddOn_5GB,NBO,0.2219,Call,Customer exceeded the data cap in 3 of the last 3 months.,AGENT: Customer exceeded the data cap in 3 of the last 3 months. Recommend: Data AddOn 5GB suits your usage.,APPROVED,offline
97454880993,Data_AddOn_5GB,NBO,0.2111,SMS,Customer exceeded the data cap in 2 of the last 3 months.,Hi! Data AddOn 5GB suits your usage. Reply YES. Ooredoo,APPROVED,offline
97453568103,Data_AddOn_5GB,NBO,0.2104,Call,Customer exceeded the data cap in 3 of the last 3 months.,AGENT: Customer exceeded the data cap in 3 of the last 3 months. Recommend: Data AddOn 5GB suits your usage.,APPROVED,offline
97459469872,Data_AddOn_5GB,NBO,0.2622,Push,Customer is an active Mass customer.,Data AddOn 5GB suits your usage - tap to activate.,APPROVED,offline
97459411883,Retention_Save_25pct,Retention,0.3302,SMS,"Customer is 58 days from renewal, shows elevated churn risk, logged a recent complaint.","Hi! Based on your recent usage, our Retention Save 25pct keeps you covered and your renewal is in 58 days - switch with no penalty. Reply YES. Ooredoo",APPROVED,offline
97457482532,5G_Unlimited_Upgrade,Upsell,0.1711,Call,Customer exceeded the data cap in 3 of the last 3 months.,AGENT: Customer exceeded the data cap in 3 of the last 3 months. Recommend: You're using 65% of your data - 5G Unlimited Upgrade gives you more headroom.,APPROVED,offline
97456196467,10GB_Aggressive_HVC,Retention,0.1591,Push,Customer exceeded the data cap in 1 of the last 3 months.,"Based on your recent usage, our 10GB Aggressive HVC keeps you covered - tap to activate.",APPROVED,offline
97456952793,Data_AddOn_5GB,NBO,0.207,Call,"Customer exceeded the data cap in 2 of the last 3 months, logged a recent complaint.","AGENT: Customer exceeded the data cap in 2 of the last 3 months, logged a recent complaint. Recommend: Data AddOn 5GB suits your usage.",APPROVED,offline
97459961343,Retention_Save_25pct,Retention,0.2677,Call,"Customer exceeded the data cap in 3 of the last 3 months, is 58 days from renewal, logged a recent complaint.","AGENT: Customer exceeded the data cap in 3 of the last 3 months, is 58 days from renewal, logged a recent complaint. Recommend: Based on your recent usage, our Retention Save 25pct keeps you covered and your renewal is in 58 days - switch with no penalty.",APPROVED,offline
97453000609,Retention_Save_25pct,Retention,0.2325,Push,"Customer is 25 days from renewal, logged a recent complaint.","Based on your recent usage, our Retention Save 25pct keeps you covered and your renewal is in 25 days - switch with no p",APPROVED,offline
97453697143,Data_AddOn_5GB,NBO,0.1195,SMS,Customer exceeded the data cap in 2 of the last 3 months.,Hi! Data AddOn 5GB suits your usage. Reply YES. Ooredoo,APPROVED,offline
97452314532,Data_AddOn_5GB,NBO,0.1444,SMS,Customer is 47 days from renewal.,Hi! Data AddOn 5GB suits your usage. Reply YES. Ooredoo,APPROVED,offline
97451421240,Data_AddOn_5GB,NBO,0.1459,SMS,Customer is an active Youth customer.,Hi! Data AddOn 5GB suits your usage. Reply YES. Ooredoo,APPROVED,offline
97451944789,Data_AddOn_5GB,NBO,0.2446,SMS,Customer is 58 days from renewal.,Hi! Data AddOn 5GB suits your usage. Reply YES. Ooredoo,APPROVED,offline
97453213573,Data_AddOn_5GB,NBO,0.1611,SMS,"Customer exceeded the data cap in 2 of the last 3 months, logged a recent complaint.",Hi! Data AddOn 5GB suits your usage. Reply YES. Ooredoo,APPROVED,offline
97459914501,Data_AddOn_5GB,NBO,0.2103,SMS,Customer exceeded the data cap in 3 of the last 3 months.,Hi! Data AddOn 5GB suits your usage. Reply YES. Ooredoo,APPROVED,offline
97453255363,Roaming_Daily_Pass,CrossSell,0.1916,Push,Customer exceeded the data cap in 2 of the last 3 months.,Add Roaming Daily Pass to get more from your plan - tap to activate.,APPROVED,offline
97459375741,Retention_Save_25pct,Retention,0.136,SMS,"Customer exceeded the data cap in 1 of the last 3 months, logged a recent complaint.","Hi! Based on your recent usage, our Retention Save 25pct keeps you covered. Reply YES. Ooredoo",APPROVED,offline
97456056861,5G_Unlimited_Upgrade,Upsell,0.197,Push,"Customer exceeded the data cap in 3 of the last 3 months, is a heavy data user (85% of cap), is 15 days from renewal.",You're using 85% of your data - 5G Unlimited Upgrade gives you more headroom - tap to activate.,APPROVED,offline
97457436446,Data_AddOn_5GB,NBO,0.2186,Push,"Customer exceeded the data cap in 1 of the last 3 months, is 16 days from renewal, logged a recent complaint.",Data AddOn 5GB suits your usage - tap to activate.,APPROVED,offline
97455148887,Retention_Save_25pct,Retention,0.1922,Email,Customer is 54 days from renewal.,"Dear Customer,

Customer is 54 days from renewal.

Based on your recent usage, our Retention Save 25pct keeps you covered and your renewal is in 54 days - switch with no penalty.

Ooredoo",APPROVED,offline
97454668866,Data_AddOn_5GB,NBO,0.296,SMS,"Customer exceeded the data cap in 3 of the last 3 months, is 46 days from renewal.",Hi! Data AddOn 5GB suits your usage. Reply YES. Ooredoo,APPROVED,offline
97455612338,Data_AddOn_5GB,NBO,0.1218,Email,Customer is an active HVC customer.,"Dear Customer,

Customer is an active HVC customer.

Data AddOn 5GB suits your usage.

Ooredoo",APPROVED,offline
97452033255,10GB_Aggressive_HVC,Retention,0.5059,SMS,"Customer exceeded the data cap in 3 of the last 3 months, shows elevated churn risk.","Hi! Based on your recent usage, our 10GB Aggressive HVC keeps you covered. Reply YES. Ooredoo",APPROVED,offline
97458082212,10GB_Aggressive_HVC,Retention,0.1691,SMS,Customer exceeded the data cap in 2 of the last 3 months.,"Hi! Based on your recent usage, our 10GB Aggressive HVC keeps you covered. Reply YES. Ooredoo",APPROVED,offline
97459202787,Data_AddOn_5GB,NBO,0.2133,SMS,Customer exceeded the data cap in 3 of the last 3 months.,Hi! Data AddOn 5GB suits your usage. Reply YES. Ooredoo,APPROVED,offline
97455989847,Retention_Save_25pct,Retention,0.2283,Email,"Customer exceeded the data cap in 2 of the last 3 months, is 51 days from renewal.","Dear Customer,

Customer exceeded the data cap in 2 of the last 3 months, is 51 days from renewal.

Based on your recent usage, our Retention Save 25pct keeps you covered and your renewal is in 51 days - switch with no penalty.

Ooredoo",APPROVED,offline
97459929285,Data_AddOn_5GB,NBO,0.1024,Push,Customer is an active HVC customer.,Data AddOn 5GB suits your usage - tap to activate.,APPROVED,offline
97458643603,Retention_Save_25pct,Retention,0.2048,Push,Customer is 16 days from renewal.,"Based on your recent usage, our Retention Save 25pct keeps you covered and your renewal is in 16 days - switch with no p",APPROVED,offline
97454094235,Data_AddOn_5GB,NBO,0.3208,Call,Customer is a heavy data user (91% of cap).,AGENT: Customer is a heavy data user (91% of cap). Recommend: Data AddOn 5GB suits your usage.,APPROVED,offline
97456986126,10GB_Aggressive_HVC,Retention,0.3886,Call,"Customer exceeded the data cap in 3 of the last 3 months, shows elevated churn risk, logged a recent complaint.","AGENT: Customer exceeded the data cap in 3 of the last 3 months, shows elevated churn risk, logged a recent complaint. Recommend: Based on your recent usage, our 10GB Aggressive HVC keeps you covered.",SOFTENED,offline
97453859653,5G_Unlimited_Upgrade,Upsell,0.1422,Push,Customer exceeded the data cap in 3 of the last 3 months.,You're using 72% of your data - 5G Unlimited Upgrade gives you more headroom - tap to activate.,APPROVED,offline
97451387952,Data_AddOn_5GB,NBO,0.2111,SMS,Customer exceeded the data cap in 2 of the last 3 months.,Hi! Data AddOn 5GB suits your usage. Reply YES. Ooredoo,APPROVED,offline
97452030117,5G_Unlimited_Upgrade,Upsell,0.1226,Push,Customer exceeded the data cap in 3 of the last 3 months.,You're using 70% of your data - 5G Unlimited Upgrade gives you more headroom - tap to activate.,APPROVED,offline
97453896818,Data_AddOn_5GB,NBO,0.1875,Email,"Customer exceeded the data cap in 2 of the last 3 months, logged a recent complaint.","Dear Customer,

Customer exceeded the data cap in 2 of the last 3 months, logged a recent complaint.

Data AddOn 5GB suits your usage.

Ooredoo",APPROVED,offline
97453357821,Data_AddOn_5GB,NBO,0.2035,SMS,Customer exceeded the data cap in 2 of the last 3 months.,Hi! Data AddOn 5GB suits your usage. Reply YES. Ooredoo,APPROVED,offline
97459913742,Data_AddOn_5GB,NBO,0.2681,Push,Customer is an active Mass customer.,Data AddOn 5GB suits your usage - tap to activate.,APPROVED,offline
97456584263,10GB_Aggressive_HVC,Retention,0.3543,Email,"Customer exceeded the data cap in 2 of the last 3 months, shows elevated churn risk.","Dear Customer,

Customer exceeded the data cap in 2 of the last 3 months, shows elevated churn risk.

Based on your recent usage, our 10GB Aggressive HVC keeps you covered.

Ooredoo",SOFTENED,offline
97451244761,5G_Unlimited_Upgrade,Upsell,0.1865,Push,"Customer is a heavy data user (84% of cap), is 53 days from renewal.",You're using 84% of your data - 5G Unlimited Upgrade gives you more headroom - tap to activate.,APPROVED,offline
97459386180,Data_AddOn_5GB,NBO,0.1181,SMS,Customer exceeded the data cap in 2 of the last 3 months.,Hi! Data AddOn 5GB suits your usage. Reply YES. Ooredoo,APPROVED,offline
97451064323,200mins_Upsell,Upsell,0.3099,Push,"Customer exceeded the data cap in 2 of the last 3 months, is a heavy data user (93% of cap).",You're using 93% of your data - 200mins Upsell gives you more headroom - tap to activate.,APPROVED,offline
97452237715,Data_AddOn_5GB,NBO,0.2076,SMS,"Customer exceeded the data cap in 1 of the last 3 months, is 55 days from renewal.",Hi! Data AddOn 5GB suits your usage. Reply YES. Ooredoo,APPROVED,offline
97459040979,Data_AddOn_5GB,NBO,0.3517,Push,"Customer exceeded the data cap in 3 of the last 3 months, is 2 days from renewal, logged a recent complaint.",Data AddOn 5GB suits your usage - tap to activate.,APPROVED,offline
97451954480,Data_AddOn_5GB,NBO,0.2443,SMS,Customer is an active Mass customer.,Hi! Data AddOn 5GB suits your usage. Reply YES. Ooredoo,APPROVED,offline
97457681134,Data_AddOn_5GB,NBO,0.2169,Push,"Customer exceeded the data cap in 1 of the last 3 months, is 46 days from renewal, logged a recent complaint.",Data AddOn 5GB suits your usage - tap to activate.,APPROVED,offline
97451854016,1GB_plus_100mins,NBO,0.16,Email,Customer exceeded the data cap in 1 of the last 3 months.,"Dear Customer,

Customer exceeded the data cap in 1 of the last 3 months.

1GB plus 100mins suits your usage.

Ooredoo",APPROVED,offline
97456347417,Retention_Save_25pct,Retention,0.2212,SMS,"Customer exceeded the data cap in 2 of the last 3 months, is 26 days from renewal.","Hi! Based on your recent usage, our Retention Save 25pct keeps you covered and your renewal is in 26 days - switch with no penalty. Reply YES. Ooredoo",APPROVED,offline
97456809701,Retention_Save_25pct,Retention,0.2216,Call,Customer exceeded the data cap in 2 of the last 3 months.,"AGENT: Customer exceeded the data cap in 2 of the last 3 months. Recommend: Based on your recent usage, our Retention Save 25pct keeps you covered.",APPROVED,offline
97459671370,Data_AddOn_5GB,NBO,0.2847,SMS,Customer is an active Mass customer.,Hi! Data AddOn 5GB suits your usage. Reply YES. Ooredoo,APPROVED,offline
97453883427,10GB_Aggressive_HVC,Retention,0.3245,Email,"Customer exceeded the data cap in 3 of the last 3 months, shows elevated churn risk, logged a recent complaint.","Dear Customer,

Customer exceeded the data cap in 3 of the last 3 months, shows elevated churn risk, logged a recent complaint.

Based on your recent usage, our 10GB Aggressive HVC keeps you covered.

Ooredoo",SOFTENED,offline
97452416012,Data_AddOn_5GB,NBO,0.1851,Push,Customer exceeded the data cap in 2 of the last 3 months.,Data AddOn 5GB suits your usage - tap to activate.,APPROVED,offline
97456752810,Data_AddOn_5GB,NBO,0.1324,Push,Customer exceeded the data cap in 2 of the last 3 months.,Data AddOn 5GB suits your usage - tap to activate.,APPROVED,offline
97451571650,Data_AddOn_5GB,NBO,0.1341,Email,Customer is an active Youth customer.,"Dear Customer,

Customer is an active Youth customer.

Data AddOn 5GB suits your usage.

Ooredoo",APPROVED,offline
97455476576,10GB_Aggressive_HVC,Retention,0.2448,Push,Customer is 48 days from renewal.,"Based on your recent usage, our 10GB Aggressive HVC keeps you covered and your renewal is in 48 days - switch with no pe",APPROVED,offline
97459774533,Data_AddOn_5GB,NBO,0.2073,Push,Customer exceeded the data cap in 3 of the last 3 months.,Data AddOn 5GB suits your usage - tap to activate.,APPROVED,offline
97453863793,Data_AddOn_5GB,NBO,0.1277,Email,Customer exceeded the data cap in 2 of the last 3 months.,"Dear Customer,

Customer exceeded the data cap in 2 of the last 3 months.

Data AddOn 5GB suits your usage.

Ooredoo",APPROVED,offline
97455909047,10GB_Aggressive_HVC,Retention,0.2833,Email,"Customer exceeded the data cap in 3 of the last 3 months, shows elevated churn risk.","Dear Customer,

Customer exceeded the data cap in 3 of the last 3 months, shows elevated churn risk.

Based on your recent usage, our 10GB Aggressive HVC keeps you covered.

Ooredoo",APPROVED,offline
97457881289,Data_AddOn_5GB,NBO,0.1139,SMS,Customer exceeded the data cap in 3 of the last 3 months.,Hi! Data AddOn 5GB suits your usage. Reply YES. Ooredoo,APPROVED,offline
97458422212,Data_AddOn_5GB,NBO,0.1417,SMS,Customer exceeded the data cap in 3 of the last 3 months.,Hi! Data AddOn 5GB suits your usage. Reply YES. Ooredoo,APPROVED,offline
97454757974,Data_AddOn_5GB,NBO,0.3588,SMS,Customer is an active Mass customer.,Hi! Data AddOn 5GB suits your usage. Reply YES. Ooredoo,APPROVED,offline
97459791689,Data_AddOn_5GB,NBO,0.1336,SMS,Customer exceeded the data cap in 2 of the last 3 months.,Hi! Data AddOn 5GB suits your usage. Reply YES. Ooredoo,APPROVED,offline
97458211179,Data_AddOn_5GB,NBO,0.1376,SMS,Customer exceeded the data cap in 1 of the last 3 months.,Hi! Data AddOn 5GB suits your usage. Reply YES. Ooredoo,APPROVED,offline
97459767500,Data_AddOn_5GB,NBO,0.2381,Email,"Customer exceeded the data cap in 3 of the last 3 months, is 42 days from renewal, logged a recent complaint.","Dear Customer,

Customer exceeded the data cap in 3 of the last 3 months, is 42 days from renewal, logged a recent complaint.

Data AddOn 5GB suits your usage.

Ooredoo",APPROVED,offline
97455199591,10GB_Aggressive_HVC,Retention,0.325,Call,"Customer exceeded the data cap in 3 of the last 3 months, is 50 days from renewal, shows elevated churn risk.","AGENT: Customer exceeded the data cap in 3 of the last 3 months, is 50 days from renewal, shows elevated churn risk. Recommend: Based on your recent usage, our 10GB Aggressive HVC keeps you covered and your renewal is in 50 days - switch with no penalty.",APPROVED,offline
97456500545,Retention_Save_25pct,Retention,0.1747,Email,Customer is an active Business customer.,"Dear Customer,

Customer is an active Business customer.

Based on your recent usage, our Retention Save 25pct keeps you covered.

Ooredoo",APPROVED,offline
97459291923,Data_AddOn_5GB,NBO,0.2869,SMS,Customer logged a recent complaint.,Hi! Data AddOn 5GB suits your usage. Reply YES. Ooredoo,APPROVED,offline
97454154240,Retention_Save_25pct,Retention,0.1467,SMS,Customer exceeded the data cap in 1 of the last 3 months.,"Hi! Based on your recent usage, our Retention Save 25pct keeps you covered. Reply YES. Ooredoo",APPROVED,offline
97458796324,Data_AddOn_5GB,NBO,0.2426,SMS,"Customer exceeded the data cap in 2 of the last 3 months, is a heavy data user (83% of cap), is 6 days from renewal.",Hi! Data AddOn 5GB suits your usage. Reply YES. Ooredoo,APPROVED,offline
97459112074,Data_AddOn_5GB,NBO,0.2202,Call,Customer exceeded the data cap in 3 of the last 3 months.,AGENT: Customer exceeded the data cap in 3 of the last 3 months. Recommend: Data AddOn 5GB suits your usage.,APPROVED,offline
97453190222,Data_AddOn_5GB,NBO,0.227,Call,"Customer exceeded the data cap in 3 of the last 3 months, is 54 days from renewal.","AGENT: Customer exceeded the data cap in 3 of the last 3 months, is 54 days from renewal. Recommend: Data AddOn 5GB suits your usage.",APPROVED,offline
97453719269,10GB_Aggressive_HVC,Retention,0.2771,SMS,"Customer exceeded the data cap in 2 of the last 3 months, shows elevated churn risk.","Hi! Based on your recent usage, our 10GB Aggressive HVC keeps you covered. Reply YES. Ooredoo",APPROVED,offline
97458235574,Data_AddOn_5GB,NBO,0.0876,Call,"Customer is 1 days from renewal, logged a recent complaint.","AGENT: Customer is 1 days from renewal, logged a recent complaint. Recommend: Data AddOn 5GB suits your usage.",APPROVED,offline
97456672354,Retention_Save_25pct,Retention,0.159,SMS,Customer is 32 days from renewal.,"Hi! Based on your recent usage, our Retention Save 25pct keeps you covered and your renewal is in 32 days - switch with no penalty. Reply YES. Ooredoo",APPROVED,offline
97456205597,Data_AddOn_5GB,NBO,0.2166,Push,"Customer exceeded the data cap in 1 of the last 3 months, logged a recent complaint.",Data AddOn 5GB suits your usage - tap to activate.,APPROVED,offline
97456284958,Data_AddOn_5GB,NBO,0.1563,Call,"Customer exceeded the data cap in 3 of the last 3 months, is 12 days from renewal.","AGENT: Customer exceeded the data cap in 3 of the last 3 months, is 12 days from renewal. Recommend: Data AddOn 5GB suits your usage.",APPROVED,offline
97451786667,Data_AddOn_5GB,NBO,0.1436,SMS,"Customer exceeded the data cap in 3 of the last 3 months, is 5 days from renewal, logged a recent complaint.",Hi! Data AddOn 5GB suits your usage. Reply YES. Ooredoo,APPROVED,offline
97452712503,Retention_Save_25pct,Retention,0.1306,SMS,Customer exceeded the data cap in 2 of the last 3 months.,"Hi! Based on your recent usage, our Retention Save 25pct keeps you covered. Reply YES. Ooredoo",APPROVED,offline
97454609736,Data_AddOn_5GB,NBO,0.19,SMS,Customer is an active Mass customer.,Hi! Data AddOn 5GB suits your usage. Reply YES. Ooredoo,APPROVED,offline
97459060833,Retention_Save_25pct,Retention,0.2176,Push,"Customer exceeded the data cap in 3 of the last 3 months, is 10 days from renewal.","Based on your recent usage, our Retention Save 25pct keeps you covered and your renewal is in 10 days - switch with no p",APPROVED,offline
97457638155,1GB_plus_100mins,NBO,0.2951,Email,"Customer exceeded the data cap in 1 of the last 3 months, logged a recent complaint.","Dear Customer,

Customer exceeded the data cap in 1 of the last 3 months, logged a recent complaint.

1GB plus 100mins suits your usage.

Ooredoo",APPROVED,offline
97452384418,5G_Unlimited_Upgrade,Upsell,0.1928,SMS,"Customer is a heavy data user (86% of cap), logged a recent complaint.",Hi! You're using 86% of your data - 5G Unlimited Upgrade gives you more headroom. Reply YES. Ooredoo,APPROVED,offline
97451386594,Data_AddOn_5GB,NBO,0.1449,Call,Customer exceeded the data cap in 1 of the last 3 months.,AGENT: Customer exceeded the data cap in 1 of the last 3 months. Recommend: Data AddOn 5GB suits your usage.,APPROVED,offline
97453869760,Data_AddOn_5GB,NBO,0.2118,Push,Customer exceeded the data cap in 3 of the last 3 months.,Data AddOn 5GB suits your usage - tap to activate.,APPROVED,offline
97452092501,Data_AddOn_5GB,NBO,0.1459,Push,Customer exceeded the data cap in 1 of the last 3 months.,Data AddOn 5GB suits your usage - tap to activate.,APPROVED,offline
97456238331,Data_AddOn_5GB,NBO,0.2955,Push,"Customer exceeded the data cap in 3 of the last 3 months, is 18 days from renewal.",Data AddOn 5GB suits your usage - tap to activate.,APPROVED,offline
97459525631,Data_AddOn_5GB,NBO,0.1788,Email,"Customer exceeded the data cap in 2 of the last 3 months, logged a recent complaint.","Dear Customer,

Customer exceeded the data cap in 2 of the last 3 months, logged a recent complaint.

Data AddOn 5GB suits your usage.

Ooredoo",APPROVED,offline
97452135964,Data_AddOn_5GB,NBO,0.2393,Email,"Customer exceeded the data cap in 1 of the last 3 months, is 37 days from renewal.","Dear Customer,

Customer exceeded the data cap in 1 of the last 3 months, is 37 days from renewal.

Data AddOn 5GB suits your usage.

Ooredoo",APPROVED,offline
97453155748,Data_AddOn_5GB,NBO,0.1399,SMS,Customer exceeded the data cap in 2 of the last 3 months.,Hi! Data AddOn 5GB suits your usage. Reply YES. Ooredoo,APPROVED,offline
97454925282,Data_AddOn_5GB,NBO,0.213,SMS,"Customer exceeded the data cap in 3 of the last 3 months, is 30 days from renewal.",Hi! Data AddOn 5GB suits your usage. Reply YES. Ooredoo,APPROVED,offline
97451873172,Data_AddOn_5GB,NBO,0.1158,Push,Customer exceeded the data cap in 1 of the last 3 months.,Data AddOn 5GB suits your usage - tap to activate.,APPROVED,offline
97459910852,Data_AddOn_5GB,NBO,0.121,Email,Customer logged a recent complaint.,"Dear Customer,

Customer logged a recent complaint.

Data AddOn 5GB suits your usage.

Ooredoo",APPROVED,offline
97456655378,Data_AddOn_5GB,NBO,0.2702,SMS,Customer exceeded the data cap in 2 of the last 3 months.,Hi! Data AddOn 5GB suits your usage. Reply YES. Ooredoo,APPROVED,offline
97455873594,Data_AddOn_5GB,NBO,0.1293,Call,"Customer exceeded the data cap in 3 of the last 3 months, logged a recent complaint.","AGENT: Customer exceeded the data cap in 3 of the last 3 months, logged a recent complaint. Recommend: Data AddOn 5GB suits your usage.",APPROVED,offline
97455063309,Data_AddOn_5GB,NBO,0.1962,Email,"Customer exceeded the data cap in 3 of the last 3 months, logged a recent complaint.","Dear Customer,

Customer exceeded the data cap in 3 of the last 3 months, logged a recent complaint.

Data AddOn 5GB suits your usage.

Ooredoo",APPROVED,offline
97457941245,Data_AddOn_5GB,NBO,0.1257,Push,Customer is an active Youth customer.,Data AddOn 5GB suits your usage - tap to activate.,APPROVED,offline
97458817304,Data_AddOn_5GB,NBO,0.2799,Call,Customer is an active Mass customer.,AGENT: Customer is an active Mass customer. Recommend: Data AddOn 5GB suits your usage.,APPROVED,offline
97451829735,Data_AddOn_5GB,NBO,0.1816,Email,Customer is an active Mass customer.,"Dear Customer,

Customer is an active Mass customer.

Data AddOn 5GB suits your usage.

Ooredoo",APPROVED,offline
97458021862,200mins_Upsell,Upsell,0.1165,Email,Customer exceeded the data cap in 1 of the last 3 months.,"Dear Customer,

Customer exceeded the data cap in 1 of the last 3 months.

You're using 80% of your data - 200mins Upsell gives you more headroom.

Ooredoo",APPROVED,offline
97459351245,Data_AddOn_5GB,NBO,0.2889,Push,Customer exceeded the data cap in 1 of the last 3 months.,Data AddOn 5GB suits your usage - tap to activate.,APPROVED,offline
97456282591,Retention_Save_25pct,Retention,0.0897,SMS,Customer is 1 days from renewal.,"Hi! Based on your recent usage, our Retention Save 25pct keeps you covered and your renewal is in 1 days - switch with no penalty. Reply YES. Ooredoo",APPROVED,offline
97458483058,Retention_Save_25pct,Retention,0.1389,Email,"Customer exceeded the data cap in 1 of the last 3 months, logged a recent complaint.","Dear Customer,

Customer exceeded the data cap in 1 of the last 3 months, logged a recent complaint.

Based on your recent usage, our Retention Save 25pct keeps you covered.

Ooredoo",APPROVED,offline
97453562469,Data_AddOn_5GB,NBO,0.2074,SMS,"Customer exceeded the data cap in 1 of the last 3 months, is 48 days from renewal.",Hi! Data AddOn 5GB suits your usage. Reply YES. Ooredoo,APPROVED,offline
97454086176,Data_AddOn_5GB,NBO,0.1489,Push,Customer logged a recent complaint.,Data AddOn 5GB suits your usage - tap to activate.,APPROVED,offline
97457509590,10GB_Aggressive_HVC,Retention,0.3796,SMS,"Customer exceeded the data cap in 3 of the last 3 months, shows elevated churn risk, logged a recent complaint.","Hi! Based on your recent usage, our 10GB Aggressive HVC keeps you covered. Reply YES. Ooredoo",SOFTENED,offline
97456345854,Data_AddOn_5GB,NBO,0.2493,Call,"Customer exceeded the data cap in 1 of the last 3 months, logged a recent complaint.","AGENT: Customer exceeded the data cap in 1 of the last 3 months, logged a recent complaint. Recommend: Data AddOn 5GB suits your usage.",APPROVED,offline
97458490200,Data_AddOn_5GB,NBO,0.2182,Push,Customer exceeded the data cap in 1 of the last 3 months.,Data AddOn 5GB suits your usage - tap to activate.,APPROVED,offline
97455883680,Data_AddOn_5GB,NBO,0.1403,Email,Customer exceeded the data cap in 3 of the last 3 months.,"Dear Customer,

Customer exceeded the data cap in 3 of the last 3 months.

Data AddOn 5GB suits your usage.

Ooredoo",APPROVED,offline
97454681262,1GB_plus_100mins,NBO,0.1672,Call,Customer is an active Youth customer.,AGENT: Customer is an active Youth customer. Recommend: 1GB plus 100mins suits your usage.,APPROVED,offline
97455633078,Retention_Save_25pct,Retention,0.1321,SMS,"Customer exceeded the data cap in 1 of the last 3 months, is 36 days from renewal.","Hi! Based on your recent usage, our Retention Save 25pct keeps you covered and your renewal is in 36 days - switch with no penalty. Reply YES. Ooredoo",APPROVED,offline
97453609089,Retention_Save_25pct,Retention,0.353,Push,"Customer exceeded the data cap in 2 of the last 3 months, shows elevated churn risk, logged a recent complaint.","Based on your recent usage, our Retention Save 25pct keeps you covered - tap to activate.",APPROVED,offline
97453508749,Data_AddOn_5GB,NBO,0.1395,SMS,"Customer exceeded the data cap in 2 of the last 3 months, is 9 days from renewal.",Hi! Data AddOn 5GB suits your usage. Reply YES. Ooredoo,APPROVED,offline
97451914228,Data_AddOn_5GB,NBO,0.1233,Push,"Customer exceeded the data cap in 3 of the last 3 months, is a heavy data user (94% of cap), logged a recent complaint.",Data AddOn 5GB suits your usage - tap to activate.,APPROVED,offline
97451953959,Data_AddOn_5GB,NBO,0.2249,Call,Customer is 37 days from renewal.,AGENT: Customer is 37 days from renewal. Recommend: Data AddOn 5GB suits your usage.,APPROVED,offline
97458905477,Retention_Save_25pct,Retention,0.4052,Email,"Customer exceeded the data cap in 1 of the last 3 months, is 5 days from renewal, shows elevated churn risk.","Dear Customer,

Customer exceeded the data cap in 1 of the last 3 months, is 5 days from renewal, shows elevated churn risk.

Based on your recent usage, our Retention Save 25pct keeps you covered and your renewal is in 5 days - switch with no penalty.

Ooredoo",SOFTENED,offline
97454369538,Data_AddOn_5GB,NBO,0.1428,Push,Customer exceeded the data cap in 1 of the last 3 months.,Data AddOn 5GB suits your usage - tap to activate.,APPROVED,offline
97451345266,Data_AddOn_5GB,NBO,0.2057,SMS,Customer is an active Mass customer.,Hi! Data AddOn 5GB suits your usage. Reply YES. Ooredoo,APPROVED,offline
97455537358,Data_AddOn_5GB,NBO,0.2486,SMS,Customer exceeded the data cap in 2 of the last 3 months.,Hi! Data AddOn 5GB suits your usage. Reply YES. Ooredoo,APPROVED,offline
97457867100,Data_AddOn_5GB,NBO,0.1462,Push,Customer exceeded the data cap in 1 of the last 3 months.,Data AddOn 5GB suits your usage - tap to activate.,APPROVED,offline
97456275034,200mins_Upsell,Upsell,0.2372,Push,Customer is a heavy data user (82% of cap).,You're using 82% of your data - 200mins Upsell gives you more headroom - tap to activate.,APPROVED,offline
97458553974,Roaming_Daily_Pass,CrossSell,0.1218,Push,Customer exceeded the data cap in 1 of the last 3 months.,Add Roaming Daily Pass to get more from your plan - tap to activate.,APPROVED,offline
97457097091,Data_AddOn_5GB,NBO,0.212,Push,"Customer exceeded the data cap in 3 of the last 3 months, logged a recent complaint.",Data AddOn 5GB suits your usage - tap to activate.,APPROVED,offline
97454177993,Data_AddOn_5GB,NBO,0.2037,SMS,"Customer exceeded the data cap in 2 of the last 3 months, logged a recent complaint.",Hi! Data AddOn 5GB suits your usage. Reply YES. Ooredoo,APPROVED,offline
97458705092,Retention_Save_25pct,Retention,0.1893,SMS,"Customer exceeded the data cap in 2 of the last 3 months, is 48 days from renewal, logged a recent complaint.","Hi! Based on your recent usage, our Retention Save 25pct keeps you covered and your renewal is in 48 days - switch with no penalty. Reply YES. Ooredoo",APPROVED,offline
97458583354,Retention_Save_25pct,Retention,0.2491,Push,"Customer exceeded the data cap in 1 of the last 3 months, is 53 days from renewal.","Based on your recent usage, our Retention Save 25pct keeps you covered and your renewal is in 53 days - switch with no p",APPROVED,offline
97454131209,200mins_Upsell,Upsell,0.3097,Push,Customer is a heavy data user (92% of cap).,You're using 92% of your data - 200mins Upsell gives you more headroom - tap to activate.,APPROVED,offline
97456813365,Data_AddOn_5GB,NBO,0.1874,Push,Customer exceeded the data cap in 2 of the last 3 months.,Data AddOn 5GB suits your usage - tap to activate.,APPROVED,offline
97455057893,Data_AddOn_5GB,NBO,0.2049,Call,Customer exceeded the data cap in 2 of the last 3 months.,AGENT: Customer exceeded the data cap in 2 of the last 3 months. Recommend: Data AddOn 5GB suits your usage.,APPROVED,offline
97456691276,Data_AddOn_5GB,NBO,0.2181,Push,Customer is 13 days from renewal.,Data AddOn 5GB suits your usage - tap to activate.,APPROVED,offline
97456397662,Data_AddOn_5GB,NBO,0.1267,Call,Customer exceeded the data cap in 2 of the last 3 months.,AGENT: Customer exceeded the data cap in 2 of the last 3 months. Recommend: Data AddOn 5GB suits your usage.,APPROVED,offline
97452805468,Data_AddOn_5GB,NBO,0.1322,SMS,Customer exceeded the data cap in 2 of the last 3 months.,Hi! Data AddOn 5GB suits your usage. Reply YES. Ooredoo,APPROVED,offline
97454427975,Data_AddOn_5GB,NBO,0.2123,SMS,Customer is an active Mass customer.,Hi! Data AddOn 5GB suits your usage. Reply YES. Ooredoo,APPROVED,offline
97457356228,Roaming_Daily_Pass,CrossSell,0.1967,Push,Customer exceeded the data cap in 3 of the last 3 months.,Add Roaming Daily Pass to get more from your plan - tap to activate.,APPROVED,offline
97459514716,Data_AddOn_5GB,NBO,0.2172,Push,Customer is an active Mass customer.,Data AddOn 5GB suits your usage - tap to activate.,APPROVED,offline
97456525633,Data_AddOn_5GB,NBO,0.0818,Call,Customer is an active Youth customer.,AGENT: Customer is an active Youth customer. Recommend: Data AddOn 5GB suits your usage.,APPROVED,offline
97453080154,Data_AddOn_5GB,NBO,0.2103,Call,Customer exceeded the data cap in 1 of the last 3 months.,AGENT: Customer exceeded the data cap in 1 of the last 3 months. Recommend: Data AddOn 5GB suits your usage.,APPROVED,offline
97453244702,Data_AddOn_5GB,NBO,0.2599,Email,Customer exceeded the data cap in 1 of the last 3 months.,"Dear Customer,

Customer exceeded the data cap in 1 of the last 3 months.

Data AddOn 5GB suits your usage.

Ooredoo",APPROVED,offline
97454377778,Retention_Save_25pct,Retention,0.0894,Email,Customer exceeded the data cap in 3 of the last 3 months.,"Dear Customer,

Customer exceeded the data cap in 3 of the last 3 months.

Based on your recent usage, our Retention Save 25pct keeps you covered.

Ooredoo",APPROVED,offline
97456735193,Data_AddOn_5GB,NBO,0.1235,Email,Customer exceeded the data cap in 2 of the last 3 months.,"Dear Customer,

Customer exceeded the data cap in 2 of the last 3 months.

Data AddOn 5GB suits your usage.

Ooredoo",APPROVED,offline
97458726890,Data_AddOn_5GB,NBO,0.2951,SMS,"Customer exceeded the data cap in 2 of the last 3 months, logged a recent complaint.",Hi! Data AddOn 5GB suits your usage. Reply YES. Ooredoo,APPROVED,offline
97456897498,Data_AddOn_5GB,NBO,0.1432,SMS,Customer exceeded the data cap in 2 of the last 3 months.,Hi! Data AddOn 5GB suits your usage. Reply YES. Ooredoo,APPROVED,offline
97459357956,Data_AddOn_5GB,NBO,0.2148,Email,"Customer exceeded the data cap in 3 of the last 3 months, is a heavy data user (85% of cap), is 13 days from renewal.","Dear Customer,

Customer exceeded the data cap in 3 of the last 3 months, is a heavy data user (85% of cap), is 13 days from renewal.

Data AddOn 5GB suits your usage.

Ooredoo",APPROVED,offline
97459204298,Data_AddOn_5GB,NBO,0.2713,Push,Customer exceeded the data cap in 1 of the last 3 months.,Data AddOn 5GB suits your usage - tap to activate.,APPROVED,offline
97459776957,10GB_Aggressive_HVC,Retention,0.4162,Call,"Customer exceeded the data cap in 2 of the last 3 months, shows elevated churn risk, logged a recent complaint.","AGENT: Customer exceeded the data cap in 2 of the last 3 months, shows elevated churn risk, logged a recent complaint. Recommend: Based on your recent usage, our 10GB Aggressive HVC keeps you covered.",APPROVED,offline
97456843493,10GB_Aggressive_HVC,Retention,0.2252,Push,"Customer exceeded the data cap in 2 of the last 3 months, is 5 days from renewal, logged a recent complaint.","Based on your recent usage, our 10GB Aggressive HVC keeps you covered and your renewal is in 5 days - switch with no pen",APPROVED,offline
97454386501,Retention_Save_25pct,Retention,0.3605,Call,"Customer exceeded the data cap in 1 of the last 3 months, shows elevated churn risk, logged a recent complaint.","AGENT: Customer exceeded the data cap in 1 of the last 3 months, shows elevated churn risk, logged a recent complaint. Recommend: Based on your recent usage, our Retention Save 25pct keeps you covered.",APPROVED,offline
97458395350,Data_AddOn_5GB,NBO,0.2153,SMS,Customer logged a recent complaint.,Hi! Data AddOn 5GB suits your usage. Reply YES. Ooredoo,APPROVED,offline
97455588334,Data_AddOn_5GB,NBO,0.1184,Email,Customer exceeded the data cap in 1 of the last 3 months.,"Dear Customer,

Customer exceeded the data cap in 1 of the last 3 months.

Data AddOn 5GB suits your usage.

Ooredoo",APPROVED,offline
97459464685,Retention_Save_25pct,Retention,0.1709,SMS,Customer exceeded the data cap in 2 of the last 3 months.,"Hi! Based on your recent usage, our Retention Save 25pct keeps you covered. Reply YES. Ooredoo",APPROVED,offline
97458168362,Data_AddOn_5GB,NBO,0.2261,Push,Customer is a heavy data user (85% of cap).,Data AddOn 5GB suits your usage - tap to activate.,APPROVED,offline
97455327819,Data_AddOn_5GB,NBO,0.1921,Push,Customer exceeded the data cap in 1 of the last 3 months.,Data AddOn 5GB suits your usage - tap to activate.,APPROVED,offline
97458284953,10GB_Aggressive_HVC,Retention,0.1874,Push,Customer is 45 days from renewal.,"Based on your recent usage, our 10GB Aggressive HVC keeps you covered and your renewal is in 45 days - switch with no pe",APPROVED,offline
97452255564,200mins_Upsell,Upsell,0.3423,SMS,"Customer is a heavy data user (91% of cap), is 48 days from renewal.",Hi! You're using 91% of your data - 200mins Upsell gives you more headroom. Reply YES. Ooredoo,APPROVED,offline
97459514493,200mins_Upsell,Upsell,0.3708,SMS,"Customer exceeded the data cap in 3 of the last 3 months, is a heavy data user (92% of cap).",Hi! You're using 92% of your data - 200mins Upsell gives you more headroom. Reply YES. Ooredoo,APPROVED,offline
97459930264,Data_AddOn_5GB,NBO,0.3054,SMS,Customer exceeded the data cap in 1 of the last 3 months.,Hi! Data AddOn 5GB suits your usage. Reply YES. Ooredoo,APPROVED,offline
97455424507,Data_AddOn_5GB,NBO,0.2287,Push,"Customer exceeded the data cap in 2 of the last 3 months, is 22 days from renewal.",Data AddOn 5GB suits your usage - tap to activate.,APPROVED,offline
97453792427,Data_AddOn_5GB,NBO,0.1449,Call,Customer exceeded the data cap in 3 of the last 3 months.,AGENT: Customer exceeded the data cap in 3 of the last 3 months. Recommend: Data AddOn 5GB suits your usage.,APPROVED,offline
97454357679,10GB_Aggressive_HVC,Retention,0.3787,SMS,"Customer shows elevated churn risk, logged a recent complaint.","Hi! Based on your recent usage, our 10GB Aggressive HVC keeps you covered. Reply YES. Ooredoo",APPROVED,offline
97456748035,Data_AddOn_5GB,NBO,0.189,Email,Customer exceeded the data cap in 3 of the last 3 months.,"Dear Customer,

Customer exceeded the data cap in 3 of the last 3 months.

Data AddOn 5GB suits your usage.

Ooredoo",APPROVED,offline
97455390020,1GB_plus_100mins,NBO,0.2747,Call,"Customer exceeded the data cap in 2 of the last 3 months, logged a recent complaint.","AGENT: Customer exceeded the data cap in 2 of the last 3 months, logged a recent complaint. Recommend: 1GB plus 100mins suits your usage.",APPROVED,offline
97453681719,Data_AddOn_5GB,NBO,0.1836,Email,Customer exceeded the data cap in 3 of the last 3 months.,"Dear Customer,

Customer exceeded the data cap in 3 of the last 3 months.

Data AddOn 5GB suits your usage.

Ooredoo",APPROVED,offline
97451890695,Data_AddOn_5GB,NBO,0.1115,Email,Customer exceeded the data cap in 2 of the last 3 months.,"Dear Customer,

Customer exceeded the data cap in 2 of the last 3 months.

Data AddOn 5GB suits your usage.

Ooredoo",APPROVED,offline
97451838761,Data_AddOn_5GB,NBO,0.2822,SMS,Customer shows elevated churn risk.,Hi! Data AddOn 5GB suits your usage. Reply YES. Ooredoo,APPROVED,offline
97458367664,Retention_Save_25pct,Retention,0.2149,Email,"Customer exceeded the data cap in 1 of the last 3 months, is 15 days from renewal.","Dear Customer,

Customer exceeded the data cap in 1 of the last 3 months, is 15 days from renewal.

Based on your recent usage, our Retention Save 25pct keeps you covered and your renewal is in 15 days - switch with no penalty.

Ooredoo",APPROVED,offline
97459888923,Data_AddOn_5GB,NBO,0.2204,Call,Customer exceeded the data cap in 3 of the last 3 months.,AGENT: Customer exceeded the data cap in 3 of the last 3 months. Recommend: Data AddOn 5GB suits your usage.,APPROVED,offline
97456352825,Data_AddOn_5GB,NBO,0.1784,Call,Customer exceeded the data cap in 3 of the last 3 months.,AGENT: Customer exceeded the data cap in 3 of the last 3 months. Recommend: Data AddOn 5GB suits your usage.,APPROVED,offline
97459887324,Data_AddOn_5GB,NBO,0.1416,Push,Customer exceeded the data cap in 1 of the last 3 months.,Data AddOn 5GB suits your usage - tap to activate.,APPROVED,offline
97454321127,Data_AddOn_5GB,NBO,0.1936,Email,Customer exceeded the data cap in 2 of the last 3 months.,"Dear Customer,

Customer exceeded the data cap in 2 of the last 3 months.

Data AddOn 5GB suits your usage.

Ooredoo",APPROVED,offline
97453559272,Data_AddOn_5GB,NBO,0.1811,Email,Customer is an active Mass customer.,"Dear Customer,

Customer is an active Mass customer.

Data AddOn 5GB suits your usage.

Ooredoo",APPROVED,offline
97453276106,Data_AddOn_5GB,NBO,0.2207,SMS,"Customer exceeded the data cap in 3 of the last 3 months, is 6 days from renewal.",Hi! Data AddOn 5GB suits your usage. Reply YES. Ooredoo,APPROVED,offline
97457960534,Data_AddOn_5GB,NBO,0.1224,SMS,"Customer exceeded the data cap in 3 of the last 3 months, logged a recent complaint.",Hi! Data AddOn 5GB suits your usage. Reply YES. Ooredoo,APPROVED,offline
97458374592,Data_AddOn_5GB,NBO,0.1336,Email,Customer exceeded the data cap in 2 of the last 3 months.,"Dear Customer,

Customer exceeded the data cap in 2 of the last 3 months.

Data AddOn 5GB suits your usage.

Ooredoo",APPROVED,offline
97457575716,200mins_Upsell,Upsell,0.2084,Push,"Customer is a heavy data user (82% of cap), logged a recent complaint.",You're using 82% of your data - 200mins Upsell gives you more headroom - tap to activate.,APPROVED,offline
97453002324,Data_AddOn_5GB,NBO,0.1213,SMS,Customer exceeded the data cap in 2 of the last 3 months.,Hi! Data AddOn 5GB suits your usage. Reply YES. Ooredoo,APPROVED,offline
97457262105,Data_AddOn_5GB,NBO,0.2183,SMS,Customer exceeded the data cap in 1 of the last 3 months.,Hi! Data AddOn 5GB suits your usage. Reply YES. Ooredoo,APPROVED,offline
97457671318,Data_AddOn_5GB,NBO,0.2149,Push,Customer exceeded the data cap in 1 of the last 3 months.,Data AddOn 5GB suits your usage - tap to activate.,APPROVED,offline
97451494592,10GB_Aggressive_HVC,Retention,0.1365,Push,Customer exceeded the data cap in 1 of the last 3 months.,"Based on your recent usage, our 10GB Aggressive HVC keeps you covered - tap to activate.",APPROVED,offline
97454578226,Data_AddOn_5GB,NBO,0.264,SMS,"Customer exceeded the data cap in 2 of the last 3 months, is 11 days from renewal.",Hi! Data AddOn 5GB suits your usage. Reply YES. Ooredoo,APPROVED,offline
97457149031,Retention_Save_25pct,Retention,0.5095,SMS,"Customer exceeded the data cap in 2 of the last 3 months, shows elevated churn risk.","Hi! Based on your recent usage, our Retention Save 25pct keeps you covered. Reply YES. Ooredoo",SOFTENED,offline
97453427540,Data_AddOn_5GB,NBO,0.2169,SMS,"Customer exceeded the data cap in 3 of the last 3 months, logged a recent complaint.",Hi! Data AddOn 5GB suits your usage. Reply YES. Ooredoo,APPROVED,offline
97452715630,10GB_Aggressive_HVC,Retention,0.1517,SMS,"Customer exceeded the data cap in 1 of the last 3 months, is 13 days from renewal.","Hi! Based on your recent usage, our 10GB Aggressive HVC keeps you covered and your renewal is in 13 days - switch with no penalty. Reply YES. Ooredoo",APPROVED,offline
97451318408,5G_Unlimited_Upgrade,Upsell,0.2175,SMS,Customer exceeded the data cap in 3 of the last 3 months.,Hi! You're using 62% of your data - 5G Unlimited Upgrade gives you more headroom. Reply YES. Ooredoo,APPROVED,offline
97459856884,5G_Unlimited_Upgrade,Upsell,0.1297,SMS,Customer is an active HVC customer.,Hi! You're using 77% of your data - 5G Unlimited Upgrade gives you more headroom. Reply YES. Ooredoo,APPROVED,offline
97459900019,Retention_Save_25pct,Retention,0.2138,Call,"Customer exceeded the data cap in 2 of the last 3 months, is 46 days from renewal.","AGENT: Customer exceeded the data cap in 2 of the last 3 months, is 46 days from renewal. Recommend: Based on your recent usage, our Retention Save 25pct keeps you covered and your renewal is in 46 days - switch with no penalty.",APPROVED,offline
97454117172,Data_AddOn_5GB,NBO,0.1474,Push,Customer exceeded the data cap in 3 of the last 3 months.,Data AddOn 5GB suits your usage - tap to activate.,APPROVED,offline
97457304680,Data_AddOn_5GB,NBO,0.199,Push,"Customer exceeded the data cap in 2 of the last 3 months, is 60 days from renewal.",Data AddOn 5GB suits your usage - tap to activate.,APPROVED,offline
97455235042,Data_AddOn_5GB,NBO,0.1985,Push,"Customer exceeded the data cap in 3 of the last 3 months, is 58 days from renewal.",Data AddOn 5GB suits your usage - tap to activate.,APPROVED,offline
97452898739,Data_AddOn_5GB,NBO,0.2005,SMS,"Customer exceeded the data cap in 1 of the last 3 months, logged a recent complaint.",Hi! Data AddOn 5GB suits your usage. Reply YES. Ooredoo,APPROVED,offline
97452017433,Retention_Save_25pct,Retention,0.1326,SMS,"Customer exceeded the data cap in 2 of the last 3 months, logged a recent complaint.","Hi! Based on your recent usage, our Retention Save 25pct keeps you covered. Reply YES. Ooredoo",APPROVED,offline
97459104010,10GB_Aggressive_HVC,Retention,0.3067,Email,"Customer exceeded the data cap in 1 of the last 3 months, shows elevated churn risk.","Dear Customer,

Customer exceeded the data cap in 1 of the last 3 months, shows elevated churn risk.

Based on your recent usage, our 10GB Aggressive HVC keeps you covered.

Ooredoo",APPROVED,offline
97455661029,Roaming_Daily_Pass,CrossSell,0.1945,Push,"Customer exceeded the data cap in 3 of the last 3 months, is 33 days from renewal.",Add Roaming Daily Pass to get more from your plan - tap to activate.,APPROVED,offline
97454678086,Data_AddOn_5GB,NBO,0.1294,SMS,Customer exceeded the data cap in 1 of the last 3 months.,Hi! Data AddOn 5GB suits your usage. Reply YES. Ooredoo,APPROVED,offline
97452581530,Retention_Save_25pct,Retention,0.2331,Push,Customer is 14 days from renewal.,"Based on your recent usage, our Retention Save 25pct keeps you covered and your renewal is in 14 days - switch with no p",APPROVED,offline
97453087258,Data_AddOn_5GB,NBO,0.2961,Push,"Customer exceeded the data cap in 3 of the last 3 months, is 22 days from renewal.",Data AddOn 5GB suits your usage - tap to activate.,APPROVED,offline
97455856447,Data_AddOn_5GB,NBO,0.2206,SMS,"Customer exceeded the data cap in 2 of the last 3 months, is 29 days from renewal, logged a recent complaint.",Hi! Data AddOn 5GB suits your usage. Reply YES. Ooredoo,APPROVED,offline
97459369066,Data_AddOn_5GB,NBO,0.2036,Push,Customer exceeded the data cap in 1 of the last 3 months.,Data AddOn 5GB suits your usage - tap to activate.,APPROVED,offline
97457857658,Data_AddOn_5GB,NBO,0.2158,Push,Customer is an active Mass customer.,Data AddOn 5GB suits your usage - tap to activate.,APPROVED,offline
97451996530,Data_AddOn_5GB,NBO,0.1311,SMS,Customer exceeded the data cap in 2 of the last 3 months.,Hi! Data AddOn 5GB suits your usage. Reply YES. Ooredoo,APPROVED,offline
97453601623,Data_AddOn_5GB,NBO,0.2697,SMS,Customer exceeded the data cap in 2 of the last 3 months.,Hi! Data AddOn 5GB suits your usage. Reply YES. Ooredoo,APPROVED,offline
97457231219,Data_AddOn_5GB,NBO,0.2189,Push,"Customer exceeded the data cap in 3 of the last 3 months, is 54 days from renewal.",Data AddOn 5GB suits your usage - tap to activate.,APPROVED,offline
97455108997,5G_Unlimited_Upgrade,Upsell,0.1331,SMS,Customer exceeded the data cap in 2 of the last 3 months.,Hi! You're using 78% of your data - 5G Unlimited Upgrade gives you more headroom. Reply YES. Ooredoo,APPROVED,offline
97454364695,Data_AddOn_5GB,NBO,0.2353,SMS,"Customer exceeded the data cap in 2 of the last 3 months, is 25 days from renewal.",Hi! Data AddOn 5GB suits your usage. Reply YES. Ooredoo,APPROVED,offline
97452045482,Data_AddOn_5GB,NBO,0.1422,Push,"Customer exceeded the data cap in 1 of the last 3 months, logged a recent complaint.",Data AddOn 5GB suits your usage - tap to activate.,APPROVED,offline
97456786265,Data_AddOn_5GB,NBO,0.2246,SMS,"Customer exceeded the data cap in 3 of the last 3 months, is 13 days from renewal, logged a recent complaint.",Hi! Data AddOn 5GB suits your usage. Reply YES. Ooredoo,APPROVED,offline
97456908635,Data_AddOn_5GB,NBO,0.265,Push,"Customer exceeded the data cap in 2 of the last 3 months, is 15 days from renewal.",Data AddOn 5GB suits your usage - tap to activate.,APPROVED,offline
97458487345,Data_AddOn_5GB,NBO,0.116,SMS,Customer logged a recent complaint.,Hi! Data AddOn 5GB suits your usage. Reply YES. Ooredoo,APPROVED,offline
97451570451,Data_AddOn_5GB,NBO,0.1499,SMS,Customer exceeded the data cap in 3 of the last 3 months.,Hi! Data AddOn 5GB suits your usage. Reply YES. Ooredoo,APPROVED,offline
97459408424,Data_AddOn_5GB,NBO,0.1376,SMS,Customer is an active HVC customer.,Hi! Data AddOn 5GB suits your usage. Reply YES. Ooredoo,APPROVED,offline
97451967344,10GB_Aggressive_HVC,Retention,0.3129,Push,"Customer exceeded the data cap in 1 of the last 3 months, shows elevated churn risk.","Based on your recent usage, our 10GB Aggressive HVC keeps you covered - tap to activate.",APPROVED,offline
97453412149,Data_AddOn_5GB,NBO,0.2013,Push,Customer is an active Mass customer.,Data AddOn 5GB suits your usage - tap to activate.,APPROVED,offline
97456398869,Data_AddOn_5GB,NBO,0.2612,Call,"Customer exceeded the data cap in 3 of the last 3 months, is 22 days from renewal, logged a recent complaint.","AGENT: Customer exceeded the data cap in 3 of the last 3 months, is 22 days from renewal, logged a recent complaint. Recommend: Data AddOn 5GB suits your usage.",APPROVED,offline
97454352252,10GB_Aggressive_HVC,Retention,0.2509,SMS,"Customer shows elevated churn risk, logged a recent complaint.","Hi! Based on your recent usage, our 10GB Aggressive HVC keeps you covered. Reply YES. Ooredoo",APPROVED,offline
97454732839,Data_AddOn_5GB,NBO,0.2257,SMS,Customer exceeded the data cap in 3 of the last 3 months.,Hi! Data AddOn 5GB suits your usage. Reply YES. Ooredoo,APPROVED,offline
97458022336,Data_AddOn_5GB,NBO,0.294,SMS,Customer is 21 days from renewal.,Hi! Data AddOn 5GB suits your usage. Reply YES. Ooredoo,APPROVED,offline
97456768927,Data_AddOn_5GB,NBO,0.1788,Email,Customer is an active Mass customer.,"Dear Customer,

Customer is an active Mass customer.

Data AddOn 5GB suits your usage.

Ooredoo",APPROVED,offline
97453878604,5G_Unlimited_Upgrade,Upsell,0.1288,Email,Customer exceeded the data cap in 1 of the last 3 months.,"Dear Customer,

Customer exceeded the data cap in 1 of the last 3 months.

You're using 77% of your data - 5G Unlimited Upgrade gives you more headroom.

Ooredoo",APPROVED,offline
97455327858,Data_AddOn_5GB,NBO,0.2115,SMS,Customer is an active Mass customer.,Hi! Data AddOn 5GB suits your usage. Reply YES. Ooredoo,APPROVED,offline
97458433533,Data_AddOn_5GB,NBO,0.2212,Push,"Customer exceeded the data cap in 1 of the last 3 months, logged a recent complaint.",Data AddOn 5GB suits your usage - tap to activate.,APPROVED,offline
97459652831,Data_AddOn_5GB,NBO,0.2178,Push,Customer is a heavy data user (80% of cap).,Data AddOn 5GB suits your usage - tap to activate.,APPROVED,offline
97456984684,200mins_Upsell,Upsell,0.1705,Push,Customer is a heavy data user (99% of cap).,You're using 99% of your data - 200mins Upsell gives you more headroom - tap to activate.,APPROVED,offline
97453694287,Retention_Save_25pct,Retention,0.3134,Call,"Customer exceeded the data cap in 1 of the last 3 months, is 37 days from renewal, logged a recent complaint.","AGENT: Customer exceeded the data cap in 1 of the last 3 months, is 37 days from renewal, logged a recent complaint. Recommend: Based on your recent usage, our Retention Save 25pct keeps you covered and your renewal is in 37 days - switch with no penalty.",APPROVED,offline
97457511634,5G_Unlimited_Upgrade,Upsell,0.2766,Push,"Customer exceeded the data cap in 2 of the last 3 months, is a heavy data user (86% of cap).",You're using 86% of your data - 5G Unlimited Upgrade gives you more headroom - tap to activate.,APPROVED,offline
97455621056,Data_AddOn_5GB,NBO,0.2015,Call,Customer exceeded the data cap in 3 of the last 3 months.,AGENT: Customer exceeded the data cap in 3 of the last 3 months. Recommend: Data AddOn 5GB suits your usage.,APPROVED,offline
97459976973,Data_AddOn_5GB,NBO,0.288,Push,Customer exceeded the data cap in 2 of the last 3 months.,Data AddOn 5GB suits your usage - tap to activate.,APPROVED,offline
97451703662,Data_AddOn_5GB,NBO,0.2819,SMS,Customer exceeded the data cap in 3 of the last 3 months.,Hi! Data AddOn 5GB suits your usage. Reply YES. Ooredoo,APPROVED,offline
97452305585,5G_Unlimited_Upgrade,Upsell,0.1537,Call,"Customer exceeded the data cap in 3 of the last 3 months, is a heavy data user (80% of cap).","AGENT: Customer exceeded the data cap in 3 of the last 3 months, is a heavy data user (80% of cap). Recommend: You're using 80% of your data - 5G Unlimited Upgrade gives you more headroom.",APPROVED,offline
97455092097,Data_AddOn_5GB,NBO,0.2183,Call,"Customer exceeded the data cap in 3 of the last 3 months, is 47 days from renewal, logged a recent complaint.","AGENT: Customer exceeded the data cap in 3 of the last 3 months, is 47 days from renewal, logged a recent complaint. Recommend: Data AddOn 5GB suits your usage.",APPROVED,offline
97453659440,Data_AddOn_5GB,NBO,0.2604,Call,Customer exceeded the data cap in 2 of the last 3 months.,AGENT: Customer exceeded the data cap in 2 of the last 3 months. Recommend: Data AddOn 5GB suits your usage.,APPROVED,offline
97454943645,Data_AddOn_5GB,NBO,0.1279,SMS,Customer is an active Youth customer.,Hi! Data AddOn 5GB suits your usage. Reply YES. Ooredoo,APPROVED,offline
97455495013,Retention_Save_25pct,Retention,0.1242,Email,Customer exceeded the data cap in 1 of the last 3 months.,"Dear Customer,

Customer exceeded the data cap in 1 of the last 3 months.

Based on your recent usage, our Retention Save 25pct keeps you covered.

Ooredoo",APPROVED,offline
97457094467,Data_AddOn_5GB,NBO,0.2025,SMS,Customer exceeded the data cap in 3 of the last 3 months.,Hi! Data AddOn 5GB suits your usage. Reply YES. Ooredoo,APPROVED,offline
97456517366,Data_AddOn_5GB,NBO,0.2114,Push,Customer exceeded the data cap in 1 of the last 3 months.,Data AddOn 5GB suits your usage - tap to activate.,APPROVED,offline
97454448678,200mins_Upsell,Upsell,0.1186,Push,"Customer exceeded the data cap in 1 of the last 3 months, is a heavy data user (96% of cap).",You're using 96% of your data - 200mins Upsell gives you more headroom - tap to activate.,APPROVED,offline
97456211593,Data_AddOn_5GB,NBO,0.1934,SMS,Customer is an active Business customer.,Hi! Data AddOn 5GB suits your usage. Reply YES. Ooredoo,APPROVED,offline
97459370262,5G_Unlimited_Upgrade,Upsell,0.1324,SMS,Customer exceeded the data cap in 2 of the last 3 months.,Hi! You're using 77% of your data - 5G Unlimited Upgrade gives you more headroom. Reply YES. Ooredoo,APPROVED,offline
97455846769,Data_AddOn_5GB,NBO,0.2257,Push,"Customer exceeded the data cap in 2 of the last 3 months, is a heavy data user (82% of cap), logged a recent complaint.",Data AddOn 5GB suits your usage - tap to activate.,APPROVED,offline
97458449607,Retention_Save_25pct,Retention,0.1724,Email,Customer exceeded the data cap in 1 of the last 3 months.,"Dear Customer,

Customer exceeded the data cap in 1 of the last 3 months.

Based on your recent usage, our Retention Save 25pct keeps you covered.

Ooredoo",APPROVED,offline
97455043064,Retention_Save_25pct,Retention,0.142,SMS,Customer exceeded the data cap in 1 of the last 3 months.,"Hi! Based on your recent usage, our Retention Save 25pct keeps you covered. Reply YES. Ooredoo",APPROVED,offline
97453602967,Data_AddOn_5GB,NBO,0.1328,SMS,Customer is an active Youth customer.,Hi! Data AddOn 5GB suits your usage. Reply YES. Ooredoo,APPROVED,offline
97454438550,Data_AddOn_5GB,NBO,0.2206,Push,"Customer exceeded the data cap in 1 of the last 3 months, is a heavy data user (81% of cap).",Data AddOn 5GB suits your usage - tap to activate.,APPROVED,offline
97451076218,10GB_Aggressive_HVC,Retention,0.3497,SMS,"Customer exceeded the data cap in 1 of the last 3 months, shows elevated churn risk.","Hi! Based on your recent usage, our 10GB Aggressive HVC keeps you covered. Reply YES. Ooredoo",SOFTENED,offline
97457878974,Data_AddOn_5GB,NBO,0.212,Push,Customer exceeded the data cap in 2 of the last 3 months.,Data AddOn 5GB suits your usage - tap to activate.,APPROVED,offline
97451770044,200mins_Upsell,Upsell,0.3651,SMS,"Customer is a heavy data user (92% of cap), logged a recent complaint.",Hi! You're using 92% of your data - 200mins Upsell gives you more headroom. Reply YES. Ooredoo,APPROVED,offline
97456579079,Data_AddOn_5GB,NBO,0.1952,Email,Customer exceeded the data cap in 3 of the last 3 months.,"Dear Customer,

Customer exceeded the data cap in 3 of the last 3 months.

Data AddOn 5GB suits your usage.

Ooredoo",APPROVED,offline
97454185714,Retention_Save_25pct,Retention,0.4046,SMS,"Customer exceeded the data cap in 3 of the last 3 months, shows elevated churn risk.","Hi! Based on your recent usage, our Retention Save 25pct keeps you covered. Reply YES. Ooredoo",APPROVED,offline
97452728096,Data_AddOn_5GB,NBO,0.209,Call,"Customer exceeded the data cap in 3 of the last 3 months, is 55 days from renewal.","AGENT: Customer exceeded the data cap in 3 of the last 3 months, is 55 days from renewal. Recommend: Data AddOn 5GB suits your usage.",APPROVED,offline
97459736347,5G_Unlimited_Upgrade,Upsell,0.1813,Call,Customer is an active Business customer.,AGENT: Customer is an active Business customer. Recommend: You're using 69% of your data - 5G Unlimited Upgrade gives you more headroom.,APPROVED,offline
97459860935,Data_AddOn_5GB,NBO,0.2105,Email,Customer exceeded the data cap in 1 of the last 3 months.,"Dear Customer,

Customer exceeded the data cap in 1 of the last 3 months.

Data AddOn 5GB suits your usage.

Ooredoo",APPROVED,offline
97458667105,Data_AddOn_5GB,NBO,0.2236,Push,Customer exceeded the data cap in 1 of the last 3 months.,Data AddOn 5GB suits your usage - tap to activate.,APPROVED,offline
97453694946,10GB_Aggressive_HVC,Retention,0.128,Push,Customer is an active Business customer.,"Based on your recent usage, our 10GB Aggressive HVC keeps you covered - tap to activate.",APPROVED,offline
97455229215,Data_AddOn_5GB,NBO,0.0833,SMS,"Customer exceeded the data cap in 3 of the last 3 months, is 43 days from renewal.",Hi! Data AddOn 5GB suits your usage. Reply YES. Ooredoo,APPROVED,offline
97452922135,Data_AddOn_5GB,NBO,0.1866,Call,Customer exceeded the data cap in 1 of the last 3 months.,AGENT: Customer exceeded the data cap in 1 of the last 3 months. Recommend: Data AddOn 5GB suits your usage.,APPROVED,offline
97458021855,Data_AddOn_5GB,NBO,0.2073,Push,Customer exceeded the data cap in 1 of the last 3 months.,Data AddOn 5GB suits your usage - tap to activate.,APPROVED,offline
97451978039,Data_AddOn_5GB,NBO,0.2109,SMS,Customer exceeded the data cap in 1 of the last 3 months.,Hi! Data AddOn 5GB suits your usage. Reply YES. Ooredoo,APPROVED,offline
97459997354,Data_AddOn_5GB,NBO,0.2146,Push,Customer is an active Mass customer.,Data AddOn 5GB suits your usage - tap to activate.,APPROVED,offline
97458352207,Data_AddOn_5GB,NBO,0.2273,Push,"Customer exceeded the data cap in 1 of the last 3 months, is 42 days from renewal, logged a recent complaint.",Data AddOn 5GB suits your usage - tap to activate.,APPROVED,offline
97451499876,Data_AddOn_5GB,NBO,0.195,SMS,Customer is an active Mass customer.,Hi! Data AddOn 5GB suits your usage. Reply YES. Ooredoo,APPROVED,offline
97452962165,Roaming_Daily_Pass,CrossSell,0.1599,Email,Customer is an active Youth customer.,"Dear Customer,

Customer is an active Youth customer.

Add Roaming Daily Pass to get more from your plan.

Ooredoo",APPROVED,offline
97458985620,Data_AddOn_5GB,NBO,0.2662,Push,Customer exceeded the data cap in 3 of the last 3 months.,Data AddOn 5GB suits your usage - tap to activate.,APPROVED,offline
97451611213,Data_AddOn_5GB,NBO,0.1355,SMS,Customer is an active Youth customer.,Hi! Data AddOn 5GB suits your usage. Reply YES. Ooredoo,APPROVED,offline
97451768734,Data_AddOn_5GB,NBO,0.1499,Push,Customer exceeded the data cap in 3 of the last 3 months.,Data AddOn 5GB suits your usage - tap to activate.,APPROVED,offline
97458750575,Data_AddOn_5GB,NBO,0.2272,Push,"Customer exceeded the data cap in 2 of the last 3 months, is a heavy data user (80% of cap).",Data AddOn 5GB suits your usage - tap to activate.,APPROVED,offline
97455241361,Data_AddOn_5GB,NBO,0.1219,SMS,Customer is an active HVC customer.,Hi! Data AddOn 5GB suits your usage. Reply YES. Ooredoo,APPROVED,offline
97456511174,Retention_Save_25pct,Retention,0.278,SMS,"Customer exceeded the data cap in 3 of the last 3 months, is 26 days from renewal.","Hi! Based on your recent usage, our Retention Save 25pct keeps you covered and your renewal is in 26 days - switch with no penalty. Reply YES. Ooredoo",APPROVED,offline
97452839433,Data_AddOn_5GB,NBO,0.2766,Call,"Customer exceeded the data cap in 1 of the last 3 months, is 25 days from renewal.","AGENT: Customer exceeded the data cap in 1 of the last 3 months, is 25 days from renewal. Recommend: Data AddOn 5GB suits your usage.",APPROVED,offline
97457569632,Data_AddOn_5GB,NBO,0.2024,SMS,"Customer exceeded the data cap in 2 of the last 3 months, logged a recent complaint.",Hi! Data AddOn 5GB suits your usage. Reply YES. Ooredoo,APPROVED,offline
97454672214,Retention_Save_25pct,Retention,0.2013,Email,"Customer exceeded the data cap in 1 of the last 3 months, is 30 days from renewal.","Dear Customer,

Customer exceeded the data cap in 1 of the last 3 months, is 30 days from renewal.

Based on your recent usage, our Retention Save 25pct keeps you covered and your renewal is in 30 days - switch with no penalty.

Ooredoo",APPROVED,offline
97453026580,Data_AddOn_5GB,NBO,0.2291,SMS,Customer is 10 days from renewal.,Hi! Data AddOn 5GB suits your usage. Reply YES. Ooredoo,APPROVED,offline
97458229039,Data_AddOn_5GB,NBO,0.0875,Email,Customer exceeded the data cap in 1 of the last 3 months.,"Dear Customer,

Customer exceeded the data cap in 1 of the last 3 months.

Data AddOn 5GB suits your usage.

Ooredoo",APPROVED,offline
97458507324,5G_Unlimited_Upgrade,Upsell,0.1273,Push,Customer exceeded the data cap in 1 of the last 3 months.,You're using 71% of your data - 5G Unlimited Upgrade gives you more headroom - tap to activate.,APPROVED,offline
97457202258,10GB_Aggressive_HVC,Retention,0.2874,Push,Customer shows elevated churn risk.,"Based on your recent usage, our 10GB Aggressive HVC keeps you covered - tap to activate.",APPROVED,offline
97455339235,Data_AddOn_5GB,NBO,0.265,SMS,"Customer exceeded the data cap in 2 of the last 3 months, shows elevated churn risk.",Hi! Data AddOn 5GB suits your usage. Reply YES. Ooredoo,APPROVED,offline
97454526737,Roaming_Daily_Pass,CrossSell,0.141,Push,Customer exceeded the data cap in 3 of the last 3 months.,Add Roaming Daily Pass to get more from your plan - tap to activate.,APPROVED,offline
97459790529,Roaming_Daily_Pass,CrossSell,0.1151,Email,Customer exceeded the data cap in 2 of the last 3 months.,"Dear Customer,

Customer exceeded the data cap in 2 of the last 3 months.

Add Roaming Daily Pass to get more from your plan.

Ooredoo",APPROVED,offline
97453008960,Data_AddOn_5GB,NBO,0.2299,Call,Customer exceeded the data cap in 3 of the last 3 months.,AGENT: Customer exceeded the data cap in 3 of the last 3 months. Recommend: Data AddOn 5GB suits your usage.,APPROVED,offline
97455455214,Data_AddOn_5GB,NBO,0.2247,SMS,"Customer exceeded the data cap in 2 of the last 3 months, logged a recent complaint.",Hi! Data AddOn 5GB suits your usage. Reply YES. Ooredoo,APPROVED,offline
97459476563,Data_AddOn_5GB,NBO,0.2699,SMS,Customer exceeded the data cap in 1 of the last 3 months.,Hi! Data AddOn 5GB suits your usage. Reply YES. Ooredoo,APPROVED,offline
97457918889,Data_AddOn_5GB,NBO,0.2147,SMS,Customer exceeded the data cap in 2 of the last 3 months.,Hi! Data AddOn 5GB suits your usage. Reply YES. Ooredoo,APPROVED,offline
97454816446,Retention_Save_25pct,Retention,0.1262,Push,Customer is an active Business customer.,"Based on your recent usage, our Retention Save 25pct keeps you covered - tap to activate.",APPROVED,offline
97454376513,Data_AddOn_5GB,NBO,0.2055,SMS,"Customer exceeded the data cap in 1 of the last 3 months, is 57 days from renewal.",Hi! Data AddOn 5GB suits your usage. Reply YES. Ooredoo,APPROVED,offline
97452937878,Data_AddOn_5GB,NBO,0.1303,SMS,Customer is an active Business customer.,Hi! Data AddOn 5GB suits your usage. Reply YES. Ooredoo,APPROVED,offline
97457193956,Data_AddOn_5GB,NBO,0.2639,Push,Customer exceeded the data cap in 3 of the last 3 months.,Data AddOn 5GB suits your usage - tap to activate.,APPROVED,offline
97452705215,Data_AddOn_5GB,NBO,0.2877,Push,"Customer exceeded the data cap in 3 of the last 3 months, is 27 days from renewal.",Data AddOn 5GB suits your usage - tap to activate.,APPROVED,offline
97456437149,Data_AddOn_5GB,NBO,0.2736,Call,"Customer exceeded the data cap in 2 of the last 3 months, is 4 days from renewal, logged a recent complaint.","AGENT: Customer exceeded the data cap in 2 of the last 3 months, is 4 days from renewal, logged a recent complaint. Recommend: Data AddOn 5GB suits your usage.",APPROVED,offline
97458271476,Retention_Save_25pct,Retention,0.2181,Call,"Customer exceeded the data cap in 2 of the last 3 months, is 26 days from renewal.","AGENT: Customer exceeded the data cap in 2 of the last 3 months, is 26 days from renewal. Recommend: Based on your recent usage, our Retention Save 25pct keeps you covered and your renewal is in 26 days - switch with no penalty.",APPROVED,offline
97457429611,Retention_Save_25pct,Retention,0.2217,Push,"Customer exceeded the data cap in 1 of the last 3 months, is 51 days from renewal.","Based on your recent usage, our Retention Save 25pct keeps you covered and your renewal is in 51 days - switch with no p",APPROVED,offline
97454266402,10GB_Aggressive_HVC,Retention,0.3098,Push,"Customer exceeded the data cap in 1 of the last 3 months, shows elevated churn risk.","Based on your recent usage, our 10GB Aggressive HVC keeps you covered - tap to activate.",APPROVED,offline
97459121849,5G_Unlimited_Upgrade,Upsell,0.1311,Push,Customer exceeded the data cap in 3 of the last 3 months.,You're using 66% of your data - 5G Unlimited Upgrade gives you more headroom - tap to activate.,APPROVED,offline
97459104789,Data_AddOn_5GB,NBO,0.2089,Push,"Customer exceeded the data cap in 2 of the last 3 months, is 19 days from renewal.",Data AddOn 5GB suits your usage - tap to activate.,APPROVED,offline
97455108880,Data_AddOn_5GB,NBO,0.1509,SMS,Customer exceeded the data cap in 3 of the last 3 months.,Hi! Data AddOn 5GB suits your usage. Reply YES. Ooredoo,APPROVED,offline
97456499593,5G_Unlimited_Upgrade,Upsell,0.1176,Email,Customer exceeded the data cap in 1 of the last 3 months.,"Dear Customer,

Customer exceeded the data cap in 1 of the last 3 months.

You're using 68% of your data - 5G Unlimited Upgrade gives you more headroom.

Ooredoo",APPROVED,offline
97455261946,Data_AddOn_5GB,NBO,0.1939,SMS,Customer exceeded the data cap in 3 of the last 3 months.,Hi! Data AddOn 5GB suits your usage. Reply YES. Ooredoo,APPROVED,offline
97451090093,Data_AddOn_5GB,NBO,0.2076,SMS,Customer is an active Mass customer.,Hi! Data AddOn 5GB suits your usage. Reply YES. Ooredoo,APPROVED,offline
97452732465,Data_AddOn_5GB,NBO,0.1198,Push,Customer is an active Youth customer.,Data AddOn 5GB suits your usage - tap to activate.,APPROVED,offline
97454173584,Data_AddOn_5GB,NBO,0.2915,Push,Customer exceeded the data cap in 2 of the last 3 months.,Data AddOn 5GB suits your usage - tap to activate.,APPROVED,offline
97453859244,Roaming_Daily_Pass,CrossSell,0.1887,Call,"Customer exceeded the data cap in 1 of the last 3 months, logged a recent complaint.","AGENT: Customer exceeded the data cap in 1 of the last 3 months, logged a recent complaint. Recommend: Add Roaming Daily Pass to get more from your plan.",APPROVED,offline
97451886040,Data_AddOn_5GB,NBO,0.2255,SMS,Customer is an active Mass customer.,Hi! Data AddOn 5GB suits your usage. Reply YES. Ooredoo,APPROVED,offline
97451322918,Data_AddOn_5GB,NBO,0.2066,Push,Customer exceeded the data cap in 2 of the last 3 months.,Data AddOn 5GB suits your usage - tap to activate.,APPROVED,offline
97453245909,Data_AddOn_5GB,NBO,0.1357,Push,Customer is an active Youth customer.,Data AddOn 5GB suits your usage - tap to activate.,APPROVED,offline
97451116739,Data_AddOn_5GB,NBO,0.1264,Push,Customer exceeded the data cap in 1 of the last 3 months.,Data AddOn 5GB suits your usage - tap to activate.,APPROVED,offline
97452014929,Data_AddOn_5GB,NBO,0.2164,Push,"Customer exceeded the data cap in 1 of the last 3 months, is 50 days from renewal.",Data AddOn 5GB suits your usage - tap to activate.,APPROVED,offline
97453420564,Data_AddOn_5GB,NBO,0.1343,SMS,Customer exceeded the data cap in 1 of the last 3 months.,Hi! Data AddOn 5GB suits your usage. Reply YES. Ooredoo,APPROVED,offline
97459577064,10GB_Aggressive_HVC,Retention,0.1733,Push,Customer exceeded the data cap in 1 of the last 3 months.,"Based on your recent usage, our 10GB Aggressive HVC keeps you covered - tap to activate.",APPROVED,offline
97453653093,Data_AddOn_5GB,NBO,0.1778,SMS,Customer exceeded the data cap in 2 of the last 3 months.,Hi! Data AddOn 5GB suits your usage. Reply YES. Ooredoo,APPROVED,offline
97454303457,Data_AddOn_5GB,NBO,0.1991,SMS,"Customer exceeded the data cap in 1 of the last 3 months, is a heavy data user (80% of cap), logged a recent complaint.",Hi! Data AddOn 5GB suits your usage. Reply YES. Ooredoo,APPROVED,offline
97456888997,Data_AddOn_5GB,NBO,0.2069,SMS,"Customer exceeded the data cap in 1 of the last 3 months, is 39 days from renewal.",Hi! Data AddOn 5GB suits your usage. Reply YES. Ooredoo,APPROVED,offline
97457944121,5G_Unlimited_Upgrade,Upsell,0.1538,SMS,"Customer exceeded the data cap in 2 of the last 3 months, is a heavy data user (83% of cap).",Hi! You're using 83% of your data - 5G Unlimited Upgrade gives you more headroom. Reply YES. Ooredoo,APPROVED,offline
97457238795,Data_AddOn_5GB,NBO,0.214,SMS,"Customer exceeded the data cap in 3 of the last 3 months, is 17 days from renewal.",Hi! Data AddOn 5GB suits your usage. Reply YES. Ooredoo,APPROVED,offline
97455767348,Data_AddOn_5GB,NBO,0.3192,SMS,Customer is a heavy data user (84% of cap).,Hi! Data AddOn 5GB suits your usage. Reply YES. Ooredoo,APPROVED,offline
97451716756,Retention_Save_25pct,Retention,0.1305,Push,Customer exceeded the data cap in 1 of the last 3 months.,"Based on your recent usage, our Retention Save 25pct keeps you covered - tap to activate.",APPROVED,offline
97459439834,200mins_Upsell,Upsell,0.4031,Push,"Customer exceeded the data cap in 3 of the last 3 months, is a heavy data user (94% of cap).",You're using 94% of your data - 200mins Upsell gives you more headroom - tap to activate.,APPROVED,offline
97457790968,Data_AddOn_5GB,NBO,0.1241,Push,"Customer exceeded the data cap in 3 of the last 3 months, logged a recent complaint.",Data AddOn 5GB suits your usage - tap to activate.,APPROVED,offline
97454751198,Retention_Save_25pct,Retention,0.4136,Email,"Customer exceeded the data cap in 1 of the last 3 months, is 19 days from renewal, shows elevated churn risk.","Dear Customer,

Customer exceeded the data cap in 1 of the last 3 months, is 19 days from renewal, shows elevated churn risk.

Based on your recent usage, our Retention Save 25pct keeps you covered and your renewal is in 19 days - switch with no penalty.

Ooredoo",APPROVED,offline
97458369434,200mins_Upsell,Upsell,0.1333,Call,Customer is a heavy data user (98% of cap).,AGENT: Customer is a heavy data user (98% of cap). Recommend: You're using 98% of your data - 200mins Upsell gives you more headroom.,APPROVED,offline
97454138145,Data_AddOn_5GB,NBO,0.1458,Call,Customer exceeded the data cap in 3 of the last 3 months.,AGENT: Customer exceeded the data cap in 3 of the last 3 months. Recommend: Data AddOn 5GB suits your usage.,APPROVED,offline
97452226476,Data_AddOn_5GB,NBO,0.2725,Push,"Customer exceeded the data cap in 3 of the last 3 months, is 16 days from renewal, logged a recent complaint.",Data AddOn 5GB suits your usage - tap to activate.,APPROVED,offline
97455184056,10GB_Aggressive_HVC,Retention,0.3242,Push,"Customer exceeded the data cap in 2 of the last 3 months, is 26 days from renewal, shows elevated churn risk.","Based on your recent usage, our 10GB Aggressive HVC keeps you covered and your renewal is in 26 days - switch with no pe",APPROVED,offline
97459960820,10GB_Aggressive_HVC,Retention,0.1425,SMS,"Customer exceeded the data cap in 3 of the last 3 months, is 38 days from renewal.","Hi! Based on your recent usage, our 10GB Aggressive HVC keeps you covered and your renewal is in 38 days - switch with no penalty. Reply YES. Ooredoo",APPROVED,offline
97452500844,Data_AddOn_5GB,NBO,0.1388,SMS,"Customer exceeded the data cap in 2 of the last 3 months, is 29 days from renewal.",Hi! Data AddOn 5GB suits your usage. Reply YES. Ooredoo,APPROVED,offline
97454443609,Data_AddOn_5GB,NBO,0.1561,Push,Customer exceeded the data cap in 2 of the last 3 months.,Data AddOn 5GB suits your usage - tap to activate.,APPROVED,offline
97459752084,10GB_Aggressive_HVC,Retention,0.1265,Push,Customer logged a recent complaint.,"Based on your recent usage, our 10GB Aggressive HVC keeps you covered - tap to activate.",APPROVED,offline
97452400283,200mins_Upsell,Upsell,0.1531,Push,"Customer exceeded the data cap in 2 of the last 3 months, is a heavy data user (96% of cap).",You're using 96% of your data - 200mins Upsell gives you more headroom - tap to activate.,APPROVED,offline
97456927613,Data_AddOn_5GB,NBO,0.1398,Email,"Customer exceeded the data cap in 2 of the last 3 months, is 55 days from renewal.","Dear Customer,

Customer exceeded the data cap in 2 of the last 3 months, is 55 days from renewal.

Data AddOn 5GB suits your usage.

Ooredoo",APPROVED,offline
97451691757,Data_AddOn_5GB,NBO,0.1371,SMS,Customer exceeded the data cap in 2 of the last 3 months.,Hi! Data AddOn 5GB suits your usage. Reply YES. Ooredoo,APPROVED,offline
97451390719,Data_AddOn_5GB,NBO,0.2097,SMS,Customer exceeded the data cap in 3 of the last 3 months.,Hi! Data AddOn 5GB suits your usage. Reply YES. Ooredoo,APPROVED,offline
97457854453,5G_Unlimited_Upgrade,Upsell,0.1494,Call,"Customer exceeded the data cap in 2 of the last 3 months, is a heavy data user (85% of cap).","AGENT: Customer exceeded the data cap in 2 of the last 3 months, is a heavy data user (85% of cap). Recommend: You're using 85% of your data - 5G Unlimited Upgrade gives you more headroom.",APPROVED,offline
97454337920,Data_AddOn_5GB,NBO,0.2071,SMS,Customer exceeded the data cap in 1 of the last 3 months.,Hi! Data AddOn 5GB suits your usage. Reply YES. Ooredoo,APPROVED,offline
97454296050,Retention_Save_25pct,Retention,0.3582,Call,"Customer is 24 days from renewal, shows elevated churn risk.","AGENT: Customer is 24 days from renewal, shows elevated churn risk. Recommend: Based on your recent usage, our Retention Save 25pct keeps you covered and your renewal is in 24 days - switch with no penalty.",APPROVED,offline
97453118324,Data_AddOn_5GB,NBO,0.199,SMS,Customer exceeded the data cap in 3 of the last 3 months.,Hi! Data AddOn 5GB suits your usage. Reply YES. Ooredoo,APPROVED,offline
97457827299,Data_AddOn_5GB,NBO,0.2817,Email,"Customer exceeded the data cap in 3 of the last 3 months, is 5 days from renewal.","Dear Customer,

Customer exceeded the data cap in 3 of the last 3 months, is 5 days from renewal.

Data AddOn 5GB suits your usage.

Ooredoo",APPROVED,offline
97457247794,10GB_Aggressive_HVC,Retention,0.1703,Push,Customer exceeded the data cap in 3 of the last 3 months.,"Based on your recent usage, our 10GB Aggressive HVC keeps you covered - tap to activate.",APPROVED,offline
97458917596,Data_AddOn_5GB,NBO,0.1349,SMS,Customer is an active Youth customer.,Hi! Data AddOn 5GB suits your usage. Reply YES. Ooredoo,APPROVED,offline
97455902666,10GB_Aggressive_HVC,Retention,0.1208,Push,Customer exceeded the data cap in 1 of the last 3 months.,"Based on your recent usage, our 10GB Aggressive HVC keeps you covered - tap to activate.",APPROVED,offline
97451876031,Data_AddOn_5GB,NBO,0.2123,SMS,"Customer is 42 days from renewal, logged a recent complaint.",Hi! Data AddOn 5GB suits your usage. Reply YES. Ooredoo,APPROVED,offline
97457232739,Data_AddOn_5GB,NBO,0.2279,SMS,Customer exceeded the data cap in 3 of the last 3 months.,Hi! Data AddOn 5GB suits your usage. Reply YES. Ooredoo,APPROVED,offline
97452270896,Retention_Save_25pct,Retention,0.2199,SMS,"Customer exceeded the data cap in 3 of the last 3 months, is 23 days from renewal.","Hi! Based on your recent usage, our Retention Save 25pct keeps you covered and your renewal is in 23 days - switch with no penalty. Reply YES. Ooredoo",APPROVED,offline
97452059622,Data_AddOn_5GB,NBO,0.1259,Call,Customer exceeded the data cap in 3 of the last 3 months.,AGENT: Customer exceeded the data cap in 3 of the last 3 months. Recommend: Data AddOn 5GB suits your usage.,APPROVED,offline
97455422375,Retention_Save_25pct,Retention,0.2038,Call,"Customer exceeded the data cap in 3 of the last 3 months, is 41 days from renewal.","AGENT: Customer exceeded the data cap in 3 of the last 3 months, is 41 days from renewal. Recommend: Based on your recent usage, our Retention Save 25pct keeps you covered and your renewal is in 41 days - switch with no penalty.",APPROVED,offline
97451378165,Data_AddOn_5GB,NBO,0.1484,Push,"Customer exceeded the data cap in 1 of the last 3 months, logged a recent complaint.",Data AddOn 5GB suits your usage - tap to activate.,APPROVED,offline
97455131479,Data_AddOn_5GB,NBO,0.2342,Push,Customer exceeded the data cap in 1 of the last 3 months.,Data AddOn 5GB suits your usage - tap to activate.,APPROVED,offline
97451415008,Data_AddOn_5GB,NBO,0.2554,Push,Customer is an active Mass customer.,Data AddOn 5GB suits your usage - tap to activate.,APPROVED,offline
97452631993,Data_AddOn_5GB,NBO,0.2196,SMS,Customer exceeded the data cap in 2 of the last 3 months.,Hi! Data AddOn 5GB suits your usage. Reply YES. Ooredoo,APPROVED,offline
97454351278,Data_AddOn_5GB,NBO,0.2701,Push,"Customer exceeded the data cap in 3 of the last 3 months, is 53 days from renewal.",Data AddOn 5GB suits your usage - tap to activate.,APPROVED,offline
97453342035,10GB_Aggressive_HVC,Retention,0.3166,Call,"Customer exceeded the data cap in 1 of the last 3 months, shows elevated churn risk.","AGENT: Customer exceeded the data cap in 1 of the last 3 months, shows elevated churn risk. Recommend: Based on your recent usage, our 10GB Aggressive HVC keeps you covered.",APPROVED,offline
97458978450,Data_AddOn_5GB,NBO,0.2207,Push,Customer is 38 days from renewal.,Data AddOn 5GB suits your usage - tap to activate.,APPROVED,offline
97456703394,Data_AddOn_5GB,NBO,0.242,SMS,"Customer exceeded the data cap in 1 of the last 3 months, is 17 days from renewal.",Hi! Data AddOn 5GB suits your usage. Reply YES. Ooredoo,APPROVED,offline
97458240947,Data_AddOn_5GB,NBO,0.2092,SMS,Customer exceeded the data cap in 3 of the last 3 months.,Hi! Data AddOn 5GB suits your usage. Reply YES. Ooredoo,APPROVED,offline
97453768362,Data_AddOn_5GB,NBO,0.2091,SMS,Customer is an active Mass customer.,Hi! Data AddOn 5GB suits your usage. Reply YES. Ooredoo,APPROVED,offline
97452170365,Data_AddOn_5GB,NBO,0.1816,Call,"Customer exceeded the data cap in 2 of the last 3 months, is 57 days from renewal.","AGENT: Customer exceeded the data cap in 2 of the last 3 months, is 57 days from renewal. Recommend: Data AddOn 5GB suits your usage.",APPROVED,offline
97456931161,Data_AddOn_5GB,NBO,0.137,SMS,Customer exceeded the data cap in 1 of the last 3 months.,Hi! Data AddOn 5GB suits your usage. Reply YES. Ooredoo,APPROVED,offline
97457790593,Data_AddOn_5GB,NBO,0.2815,SMS,Customer exceeded the data cap in 3 of the last 3 months.,Hi! Data AddOn 5GB suits your usage. Reply YES. Ooredoo,APPROVED,offline
97455851188,10GB_Aggressive_HVC,Retention,0.3102,Push,Customer is 26 days from renewal.,"Based on your recent usage, our 10GB Aggressive HVC keeps you covered and your renewal is in 26 days - switch with no pe",APPROVED,offline
97453721864,Data_AddOn_5GB,NBO,0.2617,SMS,Customer is 55 days from renewal.,Hi! Data AddOn 5GB suits your usage. Reply YES. Ooredoo,APPROVED,offline
97454947208,Data_AddOn_5GB,NBO,0.1856,Email,Customer exceeded the data cap in 2 of the last 3 months.,"Dear Customer,

Customer exceeded the data cap in 2 of the last 3 months.

Data AddOn 5GB suits your usage.

Ooredoo",APPROVED,offline
97457984720,5G_Unlimited_Upgrade,Upsell,0.1368,Push,"Customer exceeded the data cap in 2 of the last 3 months, is 54 days from renewal.",You're using 75% of your data - 5G Unlimited Upgrade gives you more headroom - tap to activate.,APPROVED,offline
97458733308,Retention_Save_25pct,Retention,0.2404,Push,Customer is 14 days from renewal.,"Based on your recent usage, our Retention Save 25pct keeps you covered and your renewal is in 14 days - switch with no p",APPROVED,offline
97454875754,5G_Unlimited_Upgrade,Upsell,0.1464,SMS,"Customer exceeded the data cap in 1 of the last 3 months, is 29 days from renewal.",Hi! You're using 76% of your data - 5G Unlimited Upgrade gives you more headroom. Reply YES. Ooredoo,APPROVED,offline
97453704999,Data_AddOn_5GB,NBO,0.2059,Push,Customer exceeded the data cap in 2 of the last 3 months.,Data AddOn 5GB suits your usage - tap to activate.,APPROVED,offline
97456298217,Retention_Save_25pct,Retention,0.3465,Push,"Customer exceeded the data cap in 2 of the last 3 months, shows elevated churn risk.","Based on your recent usage, our Retention Save 25pct keeps you covered - tap to activate.",APPROVED,offline
97452324070,Retention_Save_25pct,Retention,0.2131,Push,"Customer exceeded the data cap in 1 of the last 3 months, is 48 days from renewal, logged a recent complaint.","Based on your recent usage, our Retention Save 25pct keeps you covered and your renewal is in 48 days - switch with no p",APPROVED,offline
97458364386,Data_AddOn_5GB,NBO,0.1353,SMS,Customer is an active Youth customer.,Hi! Data AddOn 5GB suits your usage. Reply YES. Ooredoo,APPROVED,offline
97456787749,Data_AddOn_5GB,NBO,0.1384,Call,Customer exceeded the data cap in 1 of the last 3 months.,AGENT: Customer exceeded the data cap in 1 of the last 3 months. Recommend: Data AddOn 5GB suits your usage.,APPROVED,offline
97452661793,Data_AddOn_5GB,NBO,0.2011,Push,Customer exceeded the data cap in 1 of the last 3 months.,Data AddOn 5GB suits your usage - tap to activate.,APPROVED,offline
97457576651,Data_AddOn_5GB,NBO,0.2141,SMS,Customer is 57 days from renewal.,Hi! Data AddOn 5GB suits your usage. Reply YES. Ooredoo,APPROVED,offline
97457867218,Data_AddOn_5GB,NBO,0.214,Call,Customer exceeded the data cap in 3 of the last 3 months.,AGENT: Customer exceeded the data cap in 3 of the last 3 months. Recommend: Data AddOn 5GB suits your usage.,APPROVED,offline
97458466027,Retention_Save_25pct,Retention,0.2397,SMS,"Customer exceeded the data cap in 1 of the last 3 months, is 15 days from renewal.","Hi! Based on your recent usage, our Retention Save 25pct keeps you covered and your renewal is in 15 days - switch with no penalty. Reply YES. Ooredoo",APPROVED,offline
97455987696,Data_AddOn_5GB,NBO,0.2028,Push,Customer exceeded the data cap in 2 of the last 3 months.,Data AddOn 5GB suits your usage - tap to activate.,APPROVED,offline
97451428988,Data_AddOn_5GB,NBO,0.1278,Push,Customer exceeded the data cap in 3 of the last 3 months.,Data AddOn 5GB suits your usage - tap to activate.,APPROVED,offline
97455084752,Data_AddOn_5GB,NBO,0.2016,SMS,Customer exceeded the data cap in 1 of the last 3 months.,Hi! Data AddOn 5GB suits your usage. Reply YES. Ooredoo,APPROVED,offline
97455374857,Data_AddOn_5GB,NBO,0.1151,Push,Customer is an active Business customer.,Data AddOn 5GB suits your usage - tap to activate.,APPROVED,offline
97453977590,Data_AddOn_5GB,NBO,0.1438,Push,Customer logged a recent complaint.,Data AddOn 5GB suits your usage - tap to activate.,APPROVED,offline
97458599600,Data_AddOn_5GB,NBO,0.1568,Push,Customer is an active Youth customer.,Data AddOn 5GB suits your usage - tap to activate.,APPROVED,offline
97457610734,Data_AddOn_5GB,NBO,0.1267,Email,Customer is an active Youth customer.,"Dear Customer,

Customer is an active Youth customer.

Data AddOn 5GB suits your usage.

Ooredoo",APPROVED,offline
97454297291,Data_AddOn_5GB,NBO,0.2654,SMS,Customer exceeded the data cap in 1 of the last 3 months.,Hi! Data AddOn 5GB suits your usage. Reply YES. Ooredoo,APPROVED,offline
97455894287,Roaming_Daily_Pass,CrossSell,0.1815,SMS,Customer exceeded the data cap in 3 of the last 3 months.,Hi! Add Roaming Daily Pass to get more from your plan. Reply YES. Ooredoo,APPROVED,offline
97458954647,Data_AddOn_5GB,NBO,0.2207,Push,"Customer exceeded the data cap in 3 of the last 3 months, is 38 days from renewal.",Data AddOn 5GB suits your usage - tap to activate.,APPROVED,offline
97453490706,Data_AddOn_5GB,NBO,0.2276,SMS,"Customer exceeded the data cap in 1 of the last 3 months, is a heavy data user (82% of cap).",Hi! Data AddOn 5GB suits your usage. Reply YES. Ooredoo,APPROVED,offline
97458542535,5G_Unlimited_Upgrade,Upsell,0.1875,Push,"Customer exceeded the data cap in 3 of the last 3 months, is a heavy data user (84% of cap).",You're using 84% of your data - 5G Unlimited Upgrade gives you more headroom - tap to activate.,APPROVED,offline
97459047252,5G_Unlimited_Upgrade,Upsell,0.1072,Email,Customer exceeded the data cap in 1 of the last 3 months.,"Dear Customer,

Customer exceeded the data cap in 1 of the last 3 months.

You're using 74% of your data - 5G Unlimited Upgrade gives you more headroom.

Ooredoo",APPROVED,offline
97456254224,Data_AddOn_5GB,NBO,0.1498,SMS,Customer exceeded the data cap in 3 of the last 3 months.,Hi! Data AddOn 5GB suits your usage. Reply YES. Ooredoo,APPROVED,offline
97457215140,Data_AddOn_5GB,NBO,0.1812,Email,Customer exceeded the data cap in 1 of the last 3 months.,"Dear Customer,

Customer exceeded the data cap in 1 of the last 3 months.

Data AddOn 5GB suits your usage.

Ooredoo",APPROVED,offline
97454737973,10GB_Aggressive_HVC,Retention,0.56,Call,"Customer exceeded the data cap in 3 of the last 3 months, is 45 days from renewal, shows elevated churn risk.","AGENT: Customer exceeded the data cap in 3 of the last 3 months, is 45 days from renewal, shows elevated churn risk. Recommend: Based on your recent usage, our 10GB Aggressive HVC keeps you covered and your renewal is in 45 days - switch with no penalty.",SOFTENED,offline
97453202575,Data_AddOn_5GB,NBO,0.2525,Call,Customer is an active Mass customer.,AGENT: Customer is an active Mass customer. Recommend: Data AddOn 5GB suits your usage.,APPROVED,offline
97457611653,Data_AddOn_5GB,NBO,0.1843,Email,"Customer exceeded the data cap in 1 of the last 3 months, logged a recent complaint.","Dear Customer,

Customer exceeded the data cap in 1 of the last 3 months, logged a recent complaint.

Data AddOn 5GB suits your usage.

Ooredoo",APPROVED,offline
97451464071,Data_AddOn_5GB,NBO,0.2128,Email,"Customer exceeded the data cap in 1 of the last 3 months, is 45 days from renewal.","Dear Customer,

Customer exceeded the data cap in 1 of the last 3 months, is 45 days from renewal.

Data AddOn 5GB suits your usage.

Ooredoo",APPROVED,offline
97455381137,Data_AddOn_5GB,NBO,0.1252,Push,Customer exceeded the data cap in 1 of the last 3 months.,Data AddOn 5GB suits your usage - tap to activate.,APPROVED,offline
97455912216,Retention_Save_25pct,Retention,0.1803,Call,Customer is an active Business customer.,"AGENT: Customer is an active Business customer. Recommend: Based on your recent usage, our Retention Save 25pct keeps you covered.",APPROVED,offline
97458597626,Data_AddOn_5GB,NBO,0.1316,Push,Customer is an active Youth customer.,Data AddOn 5GB suits your usage - tap to activate.,APPROVED,offline
97454498472,Data_AddOn_5GB,NBO,0.1868,SMS,"Customer exceeded the data cap in 1 of the last 3 months, logged a recent complaint.",Hi! Data AddOn 5GB suits your usage. Reply YES. Ooredoo,APPROVED,offline
97459369689,Retention_Save_25pct,Retention,0.2112,Push,Customer is 26 days from renewal.,"Based on your recent usage, our Retention Save 25pct keeps you covered and your renewal is in 26 days - switch with no p",APPROVED,offline
97452564718,Data_AddOn_5GB,NBO,0.2028,Push,"Customer exceeded the data cap in 3 of the last 3 months, is a heavy data user (82% of cap), is 29 days from renewal, logged a recent complaint.",Data AddOn 5GB suits your usage - tap to activate.,APPROVED,offline
97456139743,Data_AddOn_5GB,NBO,0.2151,SMS,Customer exceeded the data cap in 2 of the last 3 months.,Hi! Data AddOn 5GB suits your usage. Reply YES. Ooredoo,APPROVED,offline
97454813270,1GB_plus_100mins,NBO,0.1949,Call,Customer logged a recent complaint.,AGENT: Customer logged a recent complaint. Recommend: 1GB plus 100mins suits your usage.,APPROVED,offline
97455806425,10GB_Aggressive_HVC,Retention,0.3546,Push,Customer shows elevated churn risk.,"Based on your recent usage, our 10GB Aggressive HVC keeps you covered - tap to activate.",APPROVED,offline
97457609876,Data_AddOn_5GB,NBO,0.2134,SMS,Customer is an active Mass customer.,Hi! Data AddOn 5GB suits your usage. Reply YES. Ooredoo,APPROVED,offline
97453378837,Data_AddOn_5GB,NBO,0.1219,Email,Customer exceeded the data cap in 1 of the last 3 months.,"Dear Customer,

Customer exceeded the data cap in 1 of the last 3 months.

Data AddOn 5GB suits your usage.

Ooredoo",APPROVED,offline
97457123769,10GB_Aggressive_HVC,Retention,0.34,Push,"Customer exceeded the data cap in 2 of the last 3 months, shows elevated churn risk.","Based on your recent usage, our 10GB Aggressive HVC keeps you covered - tap to activate.",SOFTENED,offline
97452524102,Data_AddOn_5GB,NBO,0.135,Push,Customer exceeded the data cap in 3 of the last 3 months.,Data AddOn 5GB suits your usage - tap to activate.,APPROVED,offline
97453383366,Data_AddOn_5GB,NBO,0.2129,Call,Customer is an active Mass customer.,AGENT: Customer is an active Mass customer. Recommend: Data AddOn 5GB suits your usage.,APPROVED,offline
97453035848,Data_AddOn_5GB,NBO,0.2107,SMS,"Customer exceeded the data cap in 3 of the last 3 months, logged a recent complaint.",Hi! Data AddOn 5GB suits your usage. Reply YES. Ooredoo,APPROVED,offline
97456122930,Data_AddOn_5GB,NBO,0.2592,SMS,"Customer exceeded the data cap in 1 of the last 3 months, is 20 days from renewal.",Hi! Data AddOn 5GB suits your usage. Reply YES. Ooredoo,APPROVED,offline
97459593223,Data_AddOn_5GB,NBO,0.1257,SMS,Customer is a heavy data user (91% of cap).,Hi! Data AddOn 5GB suits your usage. Reply YES. Ooredoo,APPROVED,offline
97457691409,Retention_Save_25pct,Retention,0.1932,Email,"Customer exceeded the data cap in 1 of the last 3 months, is a heavy data user (81% of cap), is 39 days from renewal.","Dear Customer,

Customer exceeded the data cap in 1 of the last 3 months, is a heavy data user (81% of cap), is 39 days from renewal.

Based on your recent usage, our Retention Save 25pct keeps you covered and your renewal is in 39 days - switch with no penalty.

Ooredoo",APPROVED,offline
97451838003,Retention_Save_25pct,Retention,0.2071,Call,"Customer exceeded the data cap in 1 of the last 3 months, is 20 days from renewal.","AGENT: Customer exceeded the data cap in 1 of the last 3 months, is 20 days from renewal. Recommend: Based on your recent usage, our Retention Save 25pct keeps you covered and your renewal is in 20 days - switch with no penalty.",APPROVED,offline
97454433382,Data_AddOn_5GB,NBO,0.139,Push,Customer is an active Youth customer.,Data AddOn 5GB suits your usage - tap to activate.,APPROVED,offline
97459670178,Data_AddOn_5GB,NBO,0.1338,SMS,Customer exceeded the data cap in 2 of the last 3 months.,Hi! Data AddOn 5GB suits your usage. Reply YES. Ooredoo,APPROVED,offline
97454395049,Data_AddOn_5GB,NBO,0.2276,SMS,"Customer exceeded the data cap in 3 of the last 3 months, is a heavy data user (82% of cap).",Hi! Data AddOn 5GB suits your usage. Reply YES. Ooredoo,APPROVED,offline
97451066150,Data_AddOn_5GB,NBO,0.2784,SMS,"Customer exceeded the data cap in 2 of the last 3 months, shows elevated churn risk, logged a recent complaint.",Hi! Data AddOn 5GB suits your usage. Reply YES. Ooredoo,APPROVED,offline
97458951632,Data_AddOn_5GB,NBO,0.2192,SMS,Customer exceeded the data cap in 2 of the last 3 months.,Hi! Data AddOn 5GB suits your usage. Reply YES. Ooredoo,APPROVED,offline
97458429645,Data_AddOn_5GB,NBO,0.2177,SMS,"Customer exceeded the data cap in 1 of the last 3 months, is 42 days from renewal.",Hi! Data AddOn 5GB suits your usage. Reply YES. Ooredoo,APPROVED,offline
97457081687,Data_AddOn_5GB,NBO,0.1362,SMS,Customer is an active Youth customer.,Hi! Data AddOn 5GB suits your usage. Reply YES. Ooredoo,APPROVED,offline
97459948331,Data_AddOn_5GB,NBO,0.1459,Push,"Customer exceeded the data cap in 3 of the last 3 months, is 27 days from renewal.",Data AddOn 5GB suits your usage - tap to activate.,APPROVED,offline
97453547500,Retention_Save_25pct,Retention,0.1301,Email,"Customer exceeded the data cap in 1 of the last 3 months, logged a recent complaint.","Dear Customer,

Customer exceeded the data cap in 1 of the last 3 months, logged a recent complaint.

Based on your recent usage, our Retention Save 25pct keeps you covered.

Ooredoo",APPROVED,offline
97455193060,Data_AddOn_5GB,NBO,0.1361,Call,Customer is an active Business customer.,AGENT: Customer is an active Business customer. Recommend: Data AddOn 5GB suits your usage.,APPROVED,offline
97451134055,Data_AddOn_5GB,NBO,0.1937,SMS,"Customer exceeded the data cap in 1 of the last 3 months, is 36 days from renewal.",Hi! Data AddOn 5GB suits your usage. Reply YES. Ooredoo,APPROVED,offline
97452841648,Data_AddOn_5GB,NBO,0.1296,Email,Customer exceeded the data cap in 1 of the last 3 months.,"Dear Customer,

Customer exceeded the data cap in 1 of the last 3 months.

Data AddOn 5GB suits your usage.

Ooredoo",APPROVED,offline
97458132508,Retention_Save_25pct,Retention,0.2307,Push,"Customer exceeded the data cap in 1 of the last 3 months, is 23 days from renewal.","Based on your recent usage, our Retention Save 25pct keeps you covered and your renewal is in 23 days - switch with no p",APPROVED,offline
97457437845,Retention_Save_25pct,Retention,0.2345,SMS,"Customer exceeded the data cap in 1 of the last 3 months, is 18 days from renewal.","Hi! Based on your recent usage, our Retention Save 25pct keeps you covered and your renewal is in 18 days - switch with no penalty. Reply YES. Ooredoo",APPROVED,offline
97454828433,5G_Unlimited_Upgrade,Upsell,0.1256,SMS,Customer exceeded the data cap in 3 of the last 3 months.,Hi! You're using 69% of your data - 5G Unlimited Upgrade gives you more headroom. Reply YES. Ooredoo,APPROVED,offline
97453735264,Data_AddOn_5GB,NBO,0.2655,Call,Customer exceeded the data cap in 1 of the last 3 months.,AGENT: Customer exceeded the data cap in 1 of the last 3 months. Recommend: Data AddOn 5GB suits your usage.,APPROVED,offline
97455448748,Data_AddOn_5GB,NBO,0.1325,Call,Customer exceeded the data cap in 2 of the last 3 months.,AGENT: Customer exceeded the data cap in 2 of the last 3 months. Recommend: Data AddOn 5GB suits your usage.,APPROVED,offline
97458152747,Data_AddOn_5GB,NBO,0.1922,Call,Customer exceeded the data cap in 3 of the last 3 months.,AGENT: Customer exceeded the data cap in 3 of the last 3 months. Recommend: Data AddOn 5GB suits your usage.,APPROVED,offline
97455137270,Data_AddOn_5GB,NBO,0.0933,SMS,Customer exceeded the data cap in 1 of the last 3 months.,Hi! Data AddOn 5GB suits your usage. Reply YES. Ooredoo,APPROVED,offline
97455317922,Data_AddOn_5GB,NBO,0.2137,Push,Customer exceeded the data cap in 2 of the last 3 months.,Data AddOn 5GB suits your usage - tap to activate.,APPROVED,offline
97459847905,10GB_Aggressive_HVC,Retention,0.3282,SMS,"Customer is a heavy data user (86% of cap), shows elevated churn risk.","Hi! Based on your recent usage, our 10GB Aggressive HVC keeps you covered. Reply YES. Ooredoo",APPROVED,offline
97458465373,5G_Unlimited_Upgrade,Upsell,0.1307,SMS,Customer exceeded the data cap in 3 of the last 3 months.,Hi! You're using 76% of your data - 5G Unlimited Upgrade gives you more headroom. Reply YES. Ooredoo,APPROVED,offline
97452020154,5G_Unlimited_Upgrade,Upsell,0.1872,SMS,Customer exceeded the data cap in 2 of the last 3 months.,Hi! You're using 69% of your data - 5G Unlimited Upgrade gives you more headroom. Reply YES. Ooredoo,APPROVED,offline
97459070924,Data_AddOn_5GB,NBO,0.1795,Email,Customer exceeded the data cap in 1 of the last 3 months.,"Dear Customer,

Customer exceeded the data cap in 1 of the last 3 months.

Data AddOn 5GB suits your usage.

Ooredoo",APPROVED,offline
97457843532,10GB_Aggressive_HVC,Retention,0.3653,Push,"Customer exceeded the data cap in 1 of the last 3 months, shows elevated churn risk.","Based on your recent usage, our 10GB Aggressive HVC keeps you covered - tap to activate.",SOFTENED,offline
97455945169,200mins_Upsell,Upsell,0.3099,SMS,Customer is a heavy data user (92% of cap).,Hi! You're using 92% of your data - 200mins Upsell gives you more headroom. Reply YES. Ooredoo,APPROVED,offline
97457733215,Data_AddOn_5GB,NBO,0.1507,Push,Customer exceeded the data cap in 2 of the last 3 months.,Data AddOn 5GB suits your usage - tap to activate.,APPROVED,offline
97459195810,Data_AddOn_5GB,NBO,0.2105,Push,Customer exceeded the data cap in 3 of the last 3 months.,Data AddOn 5GB suits your usage - tap to activate.,APPROVED,offline
97458904294,Data_AddOn_5GB,NBO,0.1905,Push,Customer is an active Mass customer.,Data AddOn 5GB suits your usage - tap to activate.,APPROVED,offline
97458185197,5G_Unlimited_Upgrade,Upsell,0.1673,SMS,Customer logged a recent complaint.,Hi! You're using 59% of your data - 5G Unlimited Upgrade gives you more headroom. Reply YES. Ooredoo,APPROVED,offline
97459171548,Data_AddOn_5GB,NBO,0.1275,Email,Customer exceeded the data cap in 1 of the last 3 months.,"Dear Customer,

Customer exceeded the data cap in 1 of the last 3 months.

Data AddOn 5GB suits your usage.

Ooredoo",APPROVED,offline
97457714301,10GB_Aggressive_HVC,Retention,0.3834,Call,"Customer exceeded the data cap in 2 of the last 3 months, shows elevated churn risk, logged a recent complaint.","AGENT: Customer exceeded the data cap in 2 of the last 3 months, shows elevated churn risk, logged a recent complaint. Recommend: Based on your recent usage, our 10GB Aggressive HVC keeps you covered.",SOFTENED,offline
97458969693,Data_AddOn_5GB,NBO,0.1775,Email,Customer exceeded the data cap in 1 of the last 3 months.,"Dear Customer,

Customer exceeded the data cap in 1 of the last 3 months.

Data AddOn 5GB suits your usage.

Ooredoo",APPROVED,offline
97452859582,Data_AddOn_5GB,NBO,0.1769,Email,Customer exceeded the data cap in 1 of the last 3 months.,"Dear Customer,

Customer exceeded the data cap in 1 of the last 3 months.

Data AddOn 5GB suits your usage.

Ooredoo",APPROVED,offline
97458744064,10GB_Aggressive_HVC,Retention,0.2335,SMS,"Customer is 46 days from renewal, shows elevated churn risk.","Hi! Based on your recent usage, our 10GB Aggressive HVC keeps you covered and your renewal is in 46 days - switch with no penalty. Reply YES. Ooredoo",APPROVED,offline
97453129885,Retention_Save_25pct,Retention,0.2887,Email,"Customer exceeded the data cap in 1 of the last 3 months, is 15 days from renewal.","Dear Customer,

Customer exceeded the data cap in 1 of the last 3 months, is 15 days from renewal.

Based on your recent usage, our Retention Save 25pct keeps you covered and your renewal is in 15 days - switch with no penalty.

Ooredoo",APPROVED,offline
97455720642,Data_AddOn_5GB,NBO,0.1214,SMS,Customer exceeded the data cap in 3 of the last 3 months.,Hi! Data AddOn 5GB suits your usage. Reply YES. Ooredoo,APPROVED,offline
97451549239,Data_AddOn_5GB,NBO,0.181,Email,Customer exceeded the data cap in 1 of the last 3 months.,"Dear Customer,

Customer exceeded the data cap in 1 of the last 3 months.

Data AddOn 5GB suits your usage.

Ooredoo",APPROVED,offline
97459945309,Retention_Save_25pct,Retention,0.3492,SMS,"Customer exceeded the data cap in 2 of the last 3 months, shows elevated churn risk.","Hi! Based on your recent usage, our Retention Save 25pct keeps you covered. Reply YES. Ooredoo",APPROVED,offline
97456408753,Data_AddOn_5GB,NBO,0.2217,Push,"Customer exceeded the data cap in 2 of the last 3 months, is 41 days from renewal.",Data AddOn 5GB suits your usage - tap to activate.,APPROVED,offline
97454047569,10GB_Aggressive_HVC,Retention,0.3264,SMS,"Customer is 57 days from renewal, shows elevated churn risk.","Hi! Based on your recent usage, our 10GB Aggressive HVC keeps you covered and your renewal is in 57 days - switch with no penalty. Reply YES. Ooredoo",APPROVED,offline
97451785332,5G_Unlimited_Upgrade,Upsell,0.1761,Push,Customer exceeded the data cap in 3 of the last 3 months.,You're using 74% of your data - 5G Unlimited Upgrade gives you more headroom - tap to activate.,APPROVED,offline
97459555080,Data_AddOn_5GB,NBO,0.146,Push,Customer exceeded the data cap in 1 of the last 3 months.,Data AddOn 5GB suits your usage - tap to activate.,APPROVED,offline
97451397710,Data_AddOn_5GB,NBO,0.2015,Call,Customer exceeded the data cap in 3 of the last 3 months.,AGENT: Customer exceeded the data cap in 3 of the last 3 months. Recommend: Data AddOn 5GB suits your usage.,APPROVED,offline
97457503216,Roaming_Daily_Pass,CrossSell,0.1735,Push,Customer exceeded the data cap in 3 of the last 3 months.,Add Roaming Daily Pass to get more from your plan - tap to activate.,APPROVED,offline
97455317048,Data_AddOn_5GB,NBO,0.2205,SMS,Customer is an active Mass customer.,Hi! Data AddOn 5GB suits your usage. Reply YES. Ooredoo,APPROVED,offline
97454188729,Data_AddOn_5GB,NBO,0.1638,SMS,"Customer exceeded the data cap in 2 of the last 3 months, is 26 days from renewal.",Hi! Data AddOn 5GB suits your usage. Reply YES. Ooredoo,APPROVED,offline
97455785956,Data_AddOn_5GB,NBO,0.1448,Call,"Customer exceeded the data cap in 2 of the last 3 months, logged a recent complaint.","AGENT: Customer exceeded the data cap in 2 of the last 3 months, logged a recent complaint. Recommend: Data AddOn 5GB suits your usage.",APPROVED,offline
97456105724,Data_AddOn_5GB,NBO,0.1344,Push,Customer exceeded the data cap in 2 of the last 3 months.,Data AddOn 5GB suits your usage - tap to activate.,APPROVED,offline
97456025764,Data_AddOn_5GB,NBO,0.1933,Push,Customer exceeded the data cap in 3 of the last 3 months.,Data AddOn 5GB suits your usage - tap to activate.,APPROVED,offline
97458996198,Data_AddOn_5GB,NBO,0.2063,SMS,Customer exceeded the data cap in 3 of the last 3 months.,Hi! Data AddOn 5GB suits your usage. Reply YES. Ooredoo,APPROVED,offline
97451910775,Data_AddOn_5GB,NBO,0.2528,SMS,"Customer exceeded the data cap in 3 of the last 3 months, is 35 days from renewal.",Hi! Data AddOn 5GB suits your usage. Reply YES. Ooredoo,APPROVED,offline
97456954878,Data_AddOn_5GB,NBO,0.1397,Push,Customer exceeded the data cap in 3 of the last 3 months.,Data AddOn 5GB suits your usage - tap to activate.,APPROVED,offline
97456927997,5G_Unlimited_Upgrade,Upsell,0.127,SMS,Customer is an active HVC customer.,Hi! You're using 74% of your data - 5G Unlimited Upgrade gives you more headroom. Reply YES. Ooredoo,APPROVED,offline
97451558924,Data_AddOn_5GB,NBO,0.3048,SMS,"Customer exceeded the data cap in 1 of the last 3 months, is a heavy data user (91% of cap), is 20 days from renewal.",Hi! Data AddOn 5GB suits your usage. Reply YES. Ooredoo,APPROVED,offline
97454881185,Retention_Save_25pct,Retention,0.1654,SMS,Customer is an active Youth customer.,"Hi! Based on your recent usage, our Retention Save 25pct keeps you covered. Reply YES. Ooredoo",APPROVED,offline
97456004998,Retention_Save_25pct,Retention,0.138,Email,Customer is an active Youth customer.,"Dear Customer,

Customer is an active Youth customer.

Based on your recent usage, our Retention Save 25pct keeps you covered.

Ooredoo",APPROVED,offline
97456166650,Retention_Save_25pct,Retention,0.1902,Call,Customer is 30 days from renewal.,"AGENT: Customer is 30 days from renewal. Recommend: Based on your recent usage, our Retention Save 25pct keeps you covered and your renewal is in 30 days - switch with no penalty.",APPROVED,offline
97456693075,Retention_Save_25pct,Retention,0.2976,Push,Customer is 14 days from renewal.,"Based on your recent usage, our Retention Save 25pct keeps you covered and your renewal is in 14 days - switch with no p",APPROVED,offline
97459109916,Retention_Save_25pct,Retention,0.2201,Email,Customer is 16 days from renewal.,"Dear Customer,

Customer is 16 days from renewal.

Based on your recent usage, our Retention Save 25pct keeps you covered and your renewal is in 16 days - switch with no penalty.

Ooredoo",APPROVED,offline
97456193278,Data_AddOn_5GB,NBO,0.1868,Email,Customer exceeded the data cap in 3 of the last 3 months.,"Dear Customer,

Customer exceeded the data cap in 3 of the last 3 months.

Data AddOn 5GB suits your usage.

Ooredoo",APPROVED,offline
97451431413,Data_AddOn_5GB,NBO,0.4187,Push,"Customer shows elevated churn risk, logged a recent complaint.",Data AddOn 5GB suits your usage - tap to activate.,APPROVED,offline
97455165100,Data_AddOn_5GB,NBO,0.1936,Push,Customer is an active Mass customer.,Data AddOn 5GB suits your usage - tap to activate.,APPROVED,offline
97451863561,10GB_Aggressive_HVC,Retention,0.2629,Email,Customer is 2 days from renewal.,"Dear Customer,

Customer is 2 days from renewal.

Based on your recent usage, our 10GB Aggressive HVC keeps you covered and your renewal is in 2 days - switch with no penalty.

Ooredoo",APPROVED,offline
97451302186,Data_AddOn_5GB,NBO,0.2749,Push,Customer exceeded the data cap in 3 of the last 3 months.,Data AddOn 5GB suits your usage - tap to activate.,APPROVED,offline
97454207393,Data_AddOn_5GB,NBO,0.2481,Push,Customer exceeded the data cap in 2 of the last 3 months.,Data AddOn 5GB suits your usage - tap to activate.,APPROVED,offline
97456489464,Data_AddOn_5GB,NBO,0.232,SMS,Customer is 5 days from renewal.,Hi! Data AddOn 5GB suits your usage. Reply YES. Ooredoo,APPROVED,offline
97458456985,Data_AddOn_5GB,NBO,0.2208,SMS,"Customer is a heavy data user (86% of cap), is 17 days from renewal.",Hi! Data AddOn 5GB suits your usage. Reply YES. Ooredoo,APPROVED,offline
97457767528,Retention_Save_25pct,Retention,0.3403,Call,"Customer exceeded the data cap in 2 of the last 3 months, shows elevated churn risk.","AGENT: Customer exceeded the data cap in 2 of the last 3 months, shows elevated churn risk. Recommend: Based on your recent usage, our Retention Save 25pct keeps you covered.",APPROVED,offline
97452026553,Data_AddOn_5GB,NBO,0.132,SMS,Customer exceeded the data cap in 3 of the last 3 months.,Hi! Data AddOn 5GB suits your usage. Reply YES. Ooredoo,APPROVED,offline
97459533879,Data_AddOn_5GB,NBO,0.1345,SMS,Customer exceeded the data cap in 2 of the last 3 months.,Hi! Data AddOn 5GB suits your usage. Reply YES. Ooredoo,APPROVED,offline
97454743797,Retention_Save_25pct,Retention,0.2098,Push,"Customer exceeded the data cap in 2 of the last 3 months, is 41 days from renewal.","Based on your recent usage, our Retention Save 25pct keeps you covered and your renewal is in 41 days - switch with no p",APPROVED,offline
97452514542,Data_AddOn_5GB,NBO,0.2289,Push,"Customer exceeded the data cap in 2 of the last 3 months, is 47 days from renewal.",Data AddOn 5GB suits your usage - tap to activate.,APPROVED,offline
97457357718,10GB_Aggressive_HVC,Retention,0.438,SMS,"Customer exceeded the data cap in 2 of the last 3 months, shows elevated churn risk.","Hi! Based on your recent usage, our 10GB Aggressive HVC keeps you covered. Reply YES. Ooredoo",SOFTENED,offline
97455180656,10GB_Aggressive_HVC,Retention,0.2682,Push,Customer exceeded the data cap in 1 of the last 3 months.,"Based on your recent usage, our 10GB Aggressive HVC keeps you covered - tap to activate.",APPROVED,offline
97459465506,Data_AddOn_5GB,NBO,0.2562,Push,Customer is an active Mass customer.,Data AddOn 5GB suits your usage - tap to activate.,APPROVED,offline
97457846192,Retention_Save_25pct,Retention,0.2944,Push,"Customer exceeded the data cap in 3 of the last 3 months, shows elevated churn risk, logged a recent complaint.","Based on your recent usage, our Retention Save 25pct keeps you covered - tap to activate.",APPROVED,offline
97459676924,Data_AddOn_5GB,NBO,0.2145,Push,Customer is an active Mass customer.,Data AddOn 5GB suits your usage - tap to activate.,APPROVED,offline
97458347689,Retention_Save_25pct,Retention,0.1241,SMS,"Customer exceeded the data cap in 1 of the last 3 months, is 30 days from renewal.","Hi! Based on your recent usage, our Retention Save 25pct keeps you covered and your renewal is in 30 days - switch with no penalty. Reply YES. Ooredoo",APPROVED,offline
97452829553,Data_AddOn_5GB,NBO,0.1802,Email,"Customer exceeded the data cap in 1 of the last 3 months, logged a recent complaint.","Dear Customer,

Customer exceeded the data cap in 1 of the last 3 months, logged a recent complaint.

Data AddOn 5GB suits your usage.

Ooredoo",APPROVED,offline
97454041341,10GB_Aggressive_HVC,Retention,0.2668,Email,"Customer exceeded the data cap in 3 of the last 3 months, shows elevated churn risk.","Dear Customer,

Customer exceeded the data cap in 3 of the last 3 months, shows elevated churn risk.

Based on your recent usage, our 10GB Aggressive HVC keeps you covered.

Ooredoo",APPROVED,offline
97452039504,5G_Unlimited_Upgrade,Upsell,0.1338,Email,"Customer exceeded the data cap in 2 of the last 3 months, is a heavy data user (82% of cap).","Dear Customer,

Customer exceeded the data cap in 2 of the last 3 months, is a heavy data user (82% of cap).

You're using 82% of your data - 5G Unlimited Upgrade gives you more headroom.

Ooredoo",APPROVED,offline
97457666455,10GB_Aggressive_HVC,Retention,0.159,SMS,Customer is an active HVC customer.,"Hi! Based on your recent usage, our 10GB Aggressive HVC keeps you covered. Reply YES. Ooredoo",APPROVED,offline
97458663589,Data_AddOn_5GB,NBO,0.2447,Push,Customer exceeded the data cap in 3 of the last 3 months.,Data AddOn 5GB suits your usage - tap to activate.,APPROVED,offline
97458918348,Data_AddOn_5GB,NBO,0.2071,Push,Customer is an active Mass customer.,Data AddOn 5GB suits your usage - tap to activate.,APPROVED,offline
97455988023,Data_AddOn_5GB,NBO,0.1865,Push,Customer exceeded the data cap in 3 of the last 3 months.,Data AddOn 5GB suits your usage - tap to activate.,APPROVED,offline
97458635836,Retention_Save_25pct,Retention,0.5617,Call,"Customer exceeded the data cap in 2 of the last 3 months, shows elevated churn risk.","AGENT: Customer exceeded the data cap in 2 of the last 3 months, shows elevated churn risk. Recommend: Based on your recent usage, our Retention Save 25pct keeps you covered.",APPROVED,offline
97458809006,Data_AddOn_5GB,NBO,0.2166,SMS,Customer exceeded the data cap in 3 of the last 3 months.,Hi! Data AddOn 5GB suits your usage. Reply YES. Ooredoo,APPROVED,offline
97452675843,10GB_Aggressive_HVC,Retention,0.1692,Push,Customer logged a recent complaint.,"Based on your recent usage, our 10GB Aggressive HVC keeps you covered - tap to activate.",APPROVED,offline
97459423309,Data_AddOn_5GB,NBO,0.2097,Push,"Customer exceeded the data cap in 2 of the last 3 months, is 59 days from renewal, logged a recent complaint.",Data AddOn 5GB suits your usage - tap to activate.,APPROVED,offline
97454229028,200mins_Upsell,Upsell,0.4591,Call,Customer is a heavy data user (95% of cap).,AGENT: Customer is a heavy data user (95% of cap). Recommend: You're using 95% of your data - 200mins Upsell gives you more headroom.,APPROVED,offline
97458056993,Data_AddOn_5GB,NBO,0.2146,SMS,Customer is 39 days from renewal.,Hi! Data AddOn 5GB suits your usage. Reply YES. Ooredoo,APPROVED,offline
97452721610,10GB_Aggressive_HVC,Retention,0.1265,SMS,Customer exceeded the data cap in 1 of the last 3 months.,"Hi! Based on your recent usage, our 10GB Aggressive HVC keeps you covered. Reply YES. Ooredoo",APPROVED,offline
97453339767,Data_AddOn_5GB,NBO,0.2103,Push,Customer exceeded the data cap in 1 of the last 3 months.,Data AddOn 5GB suits your usage - tap to activate.,APPROVED,offline
97453614235,Data_AddOn_5GB,NBO,0.2126,Call,Customer is an active Mass customer.,AGENT: Customer is an active Mass customer. Recommend: Data AddOn 5GB suits your usage.,APPROVED,offline
97451491036,Data_AddOn_5GB,NBO,0.2082,Email,Customer is 4 days from renewal.,"Dear Customer,

Customer is 4 days from renewal.

Data AddOn 5GB suits your usage.

Ooredoo",APPROVED,offline
97459715912,Data_AddOn_5GB,NBO,0.2151,SMS,Customer exceeded the data cap in 2 of the last 3 months.,Hi! Data AddOn 5GB suits your usage. Reply YES. Ooredoo,APPROVED,offline
97457046914,Retention_Save_25pct,Retention,0.1832,SMS,"Customer exceeded the data cap in 2 of the last 3 months, logged a recent complaint.","Hi! Based on your recent usage, our Retention Save 25pct keeps you covered. Reply YES. Ooredoo",APPROVED,offline
97453710241,Retention_Save_25pct,Retention,0.2038,SMS,"Customer exceeded the data cap in 1 of the last 3 months, is 19 days from renewal.","Hi! Based on your recent usage, our Retention Save 25pct keeps you covered and your renewal is in 19 days - switch with no penalty. Reply YES. Ooredoo",APPROVED,offline
97452142953,Data_AddOn_5GB,NBO,0.2582,SMS,Customer is an active Mass customer.,Hi! Data AddOn 5GB suits your usage. Reply YES. Ooredoo,APPROVED,offline
97454961352,Data_AddOn_5GB,NBO,0.212,Push,Customer exceeded the data cap in 3 of the last 3 months.,Data AddOn 5GB suits your usage - tap to activate.,APPROVED,offline
97454978702,Data_AddOn_5GB,NBO,0.1728,Email,Customer exceeded the data cap in 3 of the last 3 months.,"Dear Customer,

Customer exceeded the data cap in 3 of the last 3 months.

Data AddOn 5GB suits your usage.

Ooredoo",APPROVED,offline
97459168984,Data_AddOn_5GB,NBO,0.2135,Push,Customer exceeded the data cap in 2 of the last 3 months.,Data AddOn 5GB suits your usage - tap to activate.,APPROVED,offline
97451326916,5G_Unlimited_Upgrade,Upsell,0.1634,SMS,"Customer exceeded the data cap in 3 of the last 3 months, is a heavy data user (81% of cap).",Hi! You're using 81% of your data - 5G Unlimited Upgrade gives you more headroom. Reply YES. Ooredoo,APPROVED,offline
97454597706,Data_AddOn_5GB,NBO,0.2171,Push,Customer exceeded the data cap in 1 of the last 3 months.,Data AddOn 5GB suits your usage - tap to activate.,APPROVED,offline
97455506554,Data_AddOn_5GB,NBO,0.178,SMS,Customer is an active Youth customer.,Hi! Data AddOn 5GB suits your usage. Reply YES. Ooredoo,APPROVED,offline
97451605409,Roaming_Daily_Pass,CrossSell,0.1309,Email,Customer exceeded the data cap in 1 of the last 3 months.,"Dear Customer,

Customer exceeded the data cap in 1 of the last 3 months.

Add Roaming Daily Pass to get more from your plan.

Ooredoo",APPROVED,offline
97457849486,10GB_Aggressive_HVC,Retention,0.37,Push,"Customer exceeded the data cap in 2 of the last 3 months, shows elevated churn risk.","Based on your recent usage, our 10GB Aggressive HVC keeps you covered - tap to activate.",SOFTENED,offline
97456050405,Data_AddOn_5GB,NBO,0.1592,Push,"Customer exceeded the data cap in 2 of the last 3 months, is 18 days from renewal.",Data AddOn 5GB suits your usage - tap to activate.,APPROVED,offline
97459337735,Data_AddOn_5GB,NBO,0.1463,Push,Customer is an active Youth customer.,Data AddOn 5GB suits your usage - tap to activate.,APPROVED,offline
97452725690,Data_AddOn_5GB,NBO,0.1591,Email,Customer exceeded the data cap in 3 of the last 3 months.,"Dear Customer,

Customer exceeded the data cap in 3 of the last 3 months.

Data AddOn 5GB suits your usage.

Ooredoo",APPROVED,offline
97454280772,Data_AddOn_5GB,NBO,0.2563,SMS,"Customer exceeded the data cap in 2 of the last 3 months, logged a recent complaint.",Hi! Data AddOn 5GB suits your usage. Reply YES. Ooredoo,APPROVED,offline
97459197295,Retention_Save_25pct,Retention,0.2198,Email,"Customer exceeded the data cap in 1 of the last 3 months, is 15 days from renewal.","Dear Customer,

Customer exceeded the data cap in 1 of the last 3 months, is 15 days from renewal.

Based on your recent usage, our Retention Save 25pct keeps you covered and your renewal is in 15 days - switch with no penalty.

Ooredoo",APPROVED,offline
97456809041,Retention_Save_25pct,Retention,0.1879,SMS,"Customer exceeded the data cap in 1 of the last 3 months, is 53 days from renewal.","Hi! Based on your recent usage, our Retention Save 25pct keeps you covered and your renewal is in 53 days - switch with no penalty. Reply YES. Ooredoo",APPROVED,offline
97456087268,Data_AddOn_5GB,NBO,0.2131,Push,Customer exceeded the data cap in 2 of the last 3 months.,Data AddOn 5GB suits your usage - tap to activate.,APPROVED,offline
97457155579,Data_AddOn_5GB,NBO,0.1716,Email,Customer logged a recent complaint.,"Dear Customer,

Customer logged a recent complaint.

Data AddOn 5GB suits your usage.

Ooredoo",APPROVED,offline
97451403119,Data_AddOn_5GB,NBO,0.2551,SMS,"Customer exceeded the data cap in 2 of the last 3 months, is 30 days from renewal.",Hi! Data AddOn 5GB suits your usage. Reply YES. Ooredoo,APPROVED,offline
97459212420,Data_AddOn_5GB,NBO,0.1383,SMS,Customer exceeded the data cap in 2 of the last 3 months.,Hi! Data AddOn 5GB suits your usage. Reply YES. Ooredoo,APPROVED,offline
97451402732,Retention_Save_25pct,Retention,0.211,Call,Customer exceeded the data cap in 1 of the last 3 months.,"AGENT: Customer exceeded the data cap in 1 of the last 3 months. Recommend: Based on your recent usage, our Retention Save 25pct keeps you covered.",APPROVED,offline
97451506079,Data_AddOn_5GB,NBO,0.3283,SMS,"Customer exceeded the data cap in 2 of the last 3 months, is a heavy data user (84% of cap), is 22 days from renewal, logged a recent complaint.",Hi! Data AddOn 5GB suits your usage. Reply YES. Ooredoo,APPROVED,offline
97452950013,Data_AddOn_5GB,NBO,0.2103,Push,Customer exceeded the data cap in 1 of the last 3 months.,Data AddOn 5GB suits your usage - tap to activate.,APPROVED,offline
97452132658,Data_AddOn_5GB,NBO,0.2756,SMS,Customer exceeded the data cap in 3 of the last 3 months.,Hi! Data AddOn 5GB suits your usage. Reply YES. Ooredoo,APPROVED,offline
97452985209,Retention_Save_25pct,Retention,0.2018,SMS,"Customer exceeded the data cap in 3 of the last 3 months, is 37 days from renewal.","Hi! Based on your recent usage, our Retention Save 25pct keeps you covered and your renewal is in 37 days - switch with no penalty. Reply YES. Ooredoo",APPROVED,offline
97455322626,Data_AddOn_5GB,NBO,0.1997,Push,"Customer exceeded the data cap in 1 of the last 3 months, is 55 days from renewal.",Data AddOn 5GB suits your usage - tap to activate.,APPROVED,offline
97451656951,Data_AddOn_5GB,NBO,0.2185,Push,Customer exceeded the data cap in 2 of the last 3 months.,Data AddOn 5GB suits your usage - tap to activate.,APPROVED,offline
97459399911,Data_AddOn_5GB,NBO,0.2239,SMS,Customer is 40 days from renewal.,Hi! Data AddOn 5GB suits your usage. Reply YES. Ooredoo,APPROVED,offline
97454479591,10GB_Aggressive_HVC,Retention,0.219,Email,"Customer shows elevated churn risk, logged a recent complaint.","Dear Customer,

Customer shows elevated churn risk, logged a recent complaint.

Based on your recent usage, our 10GB Aggressive HVC keeps you covered.

Ooredoo",APPROVED,offline
97456203916,Data_AddOn_5GB,NBO,0.2058,Call,Customer exceeded the data cap in 2 of the last 3 months.,AGENT: Customer exceeded the data cap in 2 of the last 3 months. Recommend: Data AddOn 5GB suits your usage.,APPROVED,offline
97457026988,Data_AddOn_5GB,NBO,0.1388,Push,Customer logged a recent complaint.,Data AddOn 5GB suits your usage - tap to activate.,APPROVED,offline
97458426263,10GB_Aggressive_HVC,Retention,0.2828,Push,"Customer exceeded the data cap in 3 of the last 3 months, shows elevated churn risk.","Based on your recent usage, our 10GB Aggressive HVC keeps you covered - tap to activate.",APPROVED,offline
97453366610,Data_AddOn_5GB,NBO,0.2192,SMS,Customer exceeded the data cap in 3 of the last 3 months.,Hi! Data AddOn 5GB suits your usage. Reply YES. Ooredoo,APPROVED,offline
97455180303,Data_AddOn_5GB,NBO,0.1948,SMS,Customer exceeded the data cap in 1 of the last 3 months.,Hi! Data AddOn 5GB suits your usage. Reply YES. Ooredoo,APPROVED,offline
97455684346,10GB_Aggressive_HVC,Retention,0.29,Email,"Customer exceeded the data cap in 2 of the last 3 months, is a heavy data user (92% of cap), shows elevated churn risk.","Dear Customer,

Customer exceeded the data cap in 2 of the last 3 months, is a heavy data user (92% of cap), shows elevated churn risk.

Based on your recent usage, our 10GB Aggressive HVC keeps you covered.

Ooredoo",APPROVED,offline
97451458298,Data_AddOn_5GB,NBO,0.1949,Push,Customer exceeded the data cap in 1 of the last 3 months.,Data AddOn 5GB suits your usage - tap to activate.,APPROVED,offline
97452047343,Data_AddOn_5GB,NBO,0.1822,Email,Customer exceeded the data cap in 1 of the last 3 months.,"Dear Customer,

Customer exceeded the data cap in 1 of the last 3 months.

Data AddOn 5GB suits your usage.

Ooredoo",APPROVED,offline
97456719720,Retention_Save_25pct,Retention,0.2251,Email,"Customer is 18 days from renewal, logged a recent complaint.","Dear Customer,

Customer is 18 days from renewal, logged a recent complaint.

Based on your recent usage, our Retention Save 25pct keeps you covered and your renewal is in 18 days - switch with no penalty.

Ooredoo",APPROVED,offline
97459493836,Data_AddOn_5GB,NBO,0.1467,Push,"Customer exceeded the data cap in 1 of the last 3 months, is 27 days from renewal.",Data AddOn 5GB suits your usage - tap to activate.,APPROVED,offline
97455620650,Retention_Save_25pct,Retention,0.1445,Push,"Customer exceeded the data cap in 2 of the last 3 months, logged a recent complaint.","Based on your recent usage, our Retention Save 25pct keeps you covered - tap to activate.",APPROVED,offline
97452755692,Data_AddOn_5GB,NBO,0.2034,SMS,Customer exceeded the data cap in 3 of the last 3 months.,Hi! Data AddOn 5GB suits your usage. Reply YES. Ooredoo,APPROVED,offline
97452730228,200mins_Upsell,Upsell,0.3191,Push,"Customer exceeded the data cap in 2 of the last 3 months, is a heavy data user (88% of cap), shows elevated churn risk.",You're using 88% of your data - 200mins Upsell gives you more headroom - tap to activate.,APPROVED,offline
97452946793,10GB_Aggressive_HVC,Retention,0.3838,Push,"Customer exceeded the data cap in 2 of the last 3 months, is a heavy data user (94% of cap), shows elevated churn risk.","Based on your recent usage, our 10GB Aggressive HVC keeps you covered - tap to activate.",APPROVED,offline
97452569123,Data_AddOn_5GB,NBO,0.1335,Push,"Customer exceeded the data cap in 2 of the last 3 months, logged a recent complaint.",Data AddOn 5GB suits your usage - tap to activate.,APPROVED,offline
97457115518,Data_AddOn_5GB,NBO,0.2189,Push,Customer exceeded the data cap in 2 of the last 3 months.,Data AddOn 5GB suits your usage - tap to activate.,APPROVED,offline
97458393979,Data_AddOn_5GB,NBO,0.1351,Push,Customer exceeded the data cap in 3 of the last 3 months.,Data AddOn 5GB suits your usage - tap to activate.,APPROVED,offline
97459437482,10GB_Aggressive_HVC,Retention,0.223,Call,"Customer exceeded the data cap in 3 of the last 3 months, shows elevated churn risk, logged a recent complaint.","AGENT: Customer exceeded the data cap in 3 of the last 3 months, shows elevated churn risk, logged a recent complaint. Recommend: Based on your recent usage, our 10GB Aggressive HVC keeps you covered.",APPROVED,offline
97452622572,10GB_Aggressive_HVC,Retention,0.299,SMS,Customer is 10 days from renewal.,"Hi! Based on your recent usage, our 10GB Aggressive HVC keeps you covered and your renewal is in 10 days - switch with no penalty. Reply YES. Ooredoo",APPROVED,offline
97454220281,Data_AddOn_5GB,NBO,0.1937,SMS,Customer exceeded the data cap in 1 of the last 3 months.,Hi! Data AddOn 5GB suits your usage. Reply YES. Ooredoo,APPROVED,offline
97453689784,Data_AddOn_5GB,NBO,0.2094,Call,Customer exceeded the data cap in 2 of the last 3 months.,AGENT: Customer exceeded the data cap in 2 of the last 3 months. Recommend: Data AddOn 5GB suits your usage.,APPROVED,offline
97459175602,Retention_Save_25pct,Retention,0.223,Push,"Customer exceeded the data cap in 1 of the last 3 months, is 48 days from renewal.","Based on your recent usage, our Retention Save 25pct keeps you covered and your renewal is in 48 days - switch with no p",APPROVED,offline
97451709662,Data_AddOn_5GB,NBO,0.2332,Call,"Customer exceeded the data cap in 3 of the last 3 months, is a heavy data user (80% of cap).","AGENT: Customer exceeded the data cap in 3 of the last 3 months, is a heavy data user (80% of cap). Recommend: Data AddOn 5GB suits your usage.",APPROVED,offline
97457863382,Data_AddOn_5GB,NBO,0.1471,SMS,Customer exceeded the data cap in 3 of the last 3 months.,Hi! Data AddOn 5GB suits your usage. Reply YES. Ooredoo,APPROVED,offline
97456321129,Roaming_Daily_Pass,CrossSell,0.1291,Email,Customer exceeded the data cap in 3 of the last 3 months.,"Dear Customer,

Customer exceeded the data cap in 3 of the last 3 months.

Add Roaming Daily Pass to get more from your plan.

Ooredoo",APPROVED,offline
97459859060,Retention_Save_25pct,Retention,0.1504,Push,Customer exceeded the data cap in 3 of the last 3 months.,"Based on your recent usage, our Retention Save 25pct keeps you covered - tap to activate.",APPROVED,offline
97456672605,Data_AddOn_5GB,NBO,0.1296,Push,Customer exceeded the data cap in 1 of the last 3 months.,Data AddOn 5GB suits your usage - tap to activate.,APPROVED,offline
97453592670,Data_AddOn_5GB,NBO,0.1437,Push,Customer exceeded the data cap in 1 of the last 3 months.,Data AddOn 5GB suits your usage - tap to activate.,APPROVED,offline
97455810833,Data_AddOn_5GB,NBO,0.2217,Push,"Customer exceeded the data cap in 2 of the last 3 months, logged a recent complaint.",Data AddOn 5GB suits your usage - tap to activate.,APPROVED,offline
97457703459,Data_AddOn_5GB,NBO,0.2172,SMS,Customer exceeded the data cap in 1 of the last 3 months.,Hi! Data AddOn 5GB suits your usage. Reply YES. Ooredoo,APPROVED,offline
97457417665,Data_AddOn_5GB,NBO,0.1241,Push,Customer is a heavy data user (82% of cap).,Data AddOn 5GB suits your usage - tap to activate.,APPROVED,offline
97451442061,Retention_Save_25pct,Retention,0.3255,SMS,"Customer exceeded the data cap in 3 of the last 3 months, shows elevated churn risk, logged a recent complaint.","Hi! Based on your recent usage, our Retention Save 25pct keeps you covered. Reply YES. Ooredoo",APPROVED,offline
97454761675,200mins_Upsell,Upsell,0.2778,Push,Customer is a heavy data user (93% of cap).,You're using 93% of your data - 200mins Upsell gives you more headroom - tap to activate.,APPROVED,offline
97458415745,Data_AddOn_5GB,NBO,0.1328,SMS,Customer is an active Business customer.,Hi! Data AddOn 5GB suits your usage. Reply YES. Ooredoo,APPROVED,offline
97459082655,Retention_Save_25pct,Retention,0.2258,Call,Customer is 17 days from renewal.,"AGENT: Customer is 17 days from renewal. Recommend: Based on your recent usage, our Retention Save 25pct keeps you covered and your renewal is in 17 days - switch with no penalty.",APPROVED,offline
97459877580,Data_AddOn_5GB,NBO,0.1258,Push,"Customer exceeded the data cap in 3 of the last 3 months, logged a recent complaint.",Data AddOn 5GB suits your usage - tap to activate.,APPROVED,offline
97454081328,Data_AddOn_5GB,NBO,0.1447,Push,Customer is an active Youth customer.,Data AddOn 5GB suits your usage - tap to activate.,APPROVED,offline
97456371112,Retention_Save_25pct,Retention,0.2196,SMS,"Customer exceeded the data cap in 3 of the last 3 months, is 18 days from renewal.","Hi! Based on your recent usage, our Retention Save 25pct keeps you covered and your renewal is in 18 days - switch with no penalty. Reply YES. Ooredoo",APPROVED,offline
97459551646,Data_AddOn_5GB,NBO,0.26,Push,"Customer is a heavy data user (80% of cap), is 54 days from renewal.",Data AddOn 5GB suits your usage - tap to activate.,APPROVED,offline
97458281505,Data_AddOn_5GB,NBO,0.3333,SMS,"Customer exceeded the data cap in 3 of the last 3 months, is 48 days from renewal, logged a recent complaint.",Hi! Data AddOn 5GB suits your usage. Reply YES. Ooredoo,APPROVED,offline
97456124795,Retention_Save_25pct,Retention,0.1874,Push,Customer is an active HVC customer.,"Based on your recent usage, our Retention Save 25pct keeps you covered - tap to activate.",APPROVED,offline
97456411263,Retention_Save_25pct,Retention,0.2,Call,"Customer exceeded the data cap in 1 of the last 3 months, is 15 days from renewal, logged a recent complaint.","AGENT: Customer exceeded the data cap in 1 of the last 3 months, is 15 days from renewal, logged a recent complaint. Recommend: Based on your recent usage, our Retention Save 25pct keeps you covered and your renewal is in 15 days - switch with no penalty.",APPROVED,offline
97454963735,Data_AddOn_5GB,NBO,0.1378,SMS,"Customer exceeded the data cap in 2 of the last 3 months, logged a recent complaint.",Hi! Data AddOn 5GB suits your usage. Reply YES. Ooredoo,APPROVED,offline
97457493509,200mins_Upsell,Upsell,0.24,Push,"Customer exceeded the data cap in 1 of the last 3 months, is a heavy data user (90% of cap), logged a recent complaint.",You're using 90% of your data - 200mins Upsell gives you more headroom - tap to activate.,APPROVED,offline
97459989138,Data_AddOn_5GB,NBO,0.176,Push,Customer exceeded the data cap in 2 of the last 3 months.,Data AddOn 5GB suits your usage - tap to activate.,APPROVED,offline
97459824031,Data_AddOn_5GB,NBO,0.1276,SMS,Customer exceeded the data cap in 1 of the last 3 months.,Hi! Data AddOn 5GB suits your usage. Reply YES. Ooredoo,APPROVED,offline
97452192929,5G_Unlimited_Upgrade,Upsell,0.1101,Email,Customer is an active HVC customer.,"Dear Customer,

Customer is an active HVC customer.

You're using 74% of your data - 5G Unlimited Upgrade gives you more headroom.

Ooredoo",APPROVED,offline
97459711998,10GB_Aggressive_HVC,Retention,0.3272,Push,"Customer exceeded the data cap in 2 of the last 3 months, shows elevated churn risk.","Based on your recent usage, our 10GB Aggressive HVC keeps you covered - tap to activate.",SOFTENED,offline
97457555035,Data_AddOn_5GB,NBO,0.1159,Call,"Customer exceeded the data cap in 1 of the last 3 months, logged a recent complaint.","AGENT: Customer exceeded the data cap in 1 of the last 3 months, logged a recent complaint. Recommend: Data AddOn 5GB suits your usage.",APPROVED,offline
97455068316,Data_AddOn_5GB,NBO,0.1731,Email,Customer exceeded the data cap in 2 of the last 3 months.,"Dear Customer,

Customer exceeded the data cap in 2 of the last 3 months.

Data AddOn 5GB suits your usage.

Ooredoo",APPROVED,offline
97459067987,5G_Unlimited_Upgrade,Upsell,0.2032,SMS,Customer exceeded the data cap in 3 of the last 3 months.,Hi! You're using 80% of your data - 5G Unlimited Upgrade gives you more headroom. Reply YES. Ooredoo,APPROVED,offline
97452656671,Data_AddOn_5GB,NBO,0.2121,SMS,Customer exceeded the data cap in 1 of the last 3 months.,Hi! Data AddOn 5GB suits your usage. Reply YES. Ooredoo,APPROVED,offline
97456681635,Data_AddOn_5GB,NBO,0.2153,Email,"Customer exceeded the data cap in 3 of the last 3 months, is 2 days from renewal, logged a recent complaint.","Dear Customer,

Customer exceeded the data cap in 3 of the last 3 months, is 2 days from renewal, logged a recent complaint.

Data AddOn 5GB suits your usage.

Ooredoo",APPROVED,offline
97457145265,Data_AddOn_5GB,NBO,0.2451,Push,Customer exceeded the data cap in 1 of the last 3 months.,Data AddOn 5GB suits your usage - tap to activate.,APPROVED,offline
97459527171,Data_AddOn_5GB,NBO,0.2034,Push,"Customer exceeded the data cap in 2 of the last 3 months, logged a recent complaint.",Data AddOn 5GB suits your usage - tap to activate.,APPROVED,offline
97451783066,Retention_Save_25pct,Retention,0.1768,Call,"Customer exceeded the data cap in 1 of the last 3 months, is 8 days from renewal.","AGENT: Customer exceeded the data cap in 1 of the last 3 months, is 8 days from renewal. Recommend: Based on your recent usage, our Retention Save 25pct keeps you covered and your renewal is in 8 days - switch with no penalty.",APPROVED,offline
97455899856,Data_AddOn_5GB,NBO,0.1549,SMS,Customer exceeded the data cap in 2 of the last 3 months.,Hi! Data AddOn 5GB suits your usage. Reply YES. Ooredoo,APPROVED,offline
97457240779,Data_AddOn_5GB,NBO,0.183,Email,Customer is an active Mass customer.,"Dear Customer,

Customer is an active Mass customer.

Data AddOn 5GB suits your usage.

Ooredoo",APPROVED,offline
97455055957,Data_AddOn_5GB,NBO,0.2109,Push,Customer is 8 days from renewal.,Data AddOn 5GB suits your usage - tap to activate.,APPROVED,offline
97457617488,10GB_Aggressive_HVC,Retention,0.0997,SMS,"Customer exceeded the data cap in 2 of the last 3 months, is 1 days from renewal.","Hi! Based on your recent usage, our 10GB Aggressive HVC keeps you covered and your renewal is in 1 days - switch with no penalty. Reply YES. Ooredoo",APPROVED,offline
97451597897,Retention_Save_25pct,Retention,0.1246,Email,Customer exceeded the data cap in 1 of the last 3 months.,"Dear Customer,

Customer exceeded the data cap in 1 of the last 3 months.

Based on your recent usage, our Retention Save 25pct keeps you covered.

Ooredoo",APPROVED,offline
97454941237,Data_AddOn_5GB,NBO,0.2467,Email,"Customer exceeded the data cap in 1 of the last 3 months, is 36 days from renewal.","Dear Customer,

Customer exceeded the data cap in 1 of the last 3 months, is 36 days from renewal.

Data AddOn 5GB suits your usage.

Ooredoo",APPROVED,offline
97453042999,Data_AddOn_5GB,NBO,0.1739,Push,Customer exceeded the data cap in 3 of the last 3 months.,Data AddOn 5GB suits your usage - tap to activate.,APPROVED,offline
97454659985,Data_AddOn_5GB,NBO,0.2707,SMS,Customer exceeded the data cap in 1 of the last 3 months.,Hi! Data AddOn 5GB suits your usage. Reply YES. Ooredoo,APPROVED,offline
97452902897,Data_AddOn_5GB,NBO,0.2125,SMS,Customer exceeded the data cap in 1 of the last 3 months.,Hi! Data AddOn 5GB suits your usage. Reply YES. Ooredoo,APPROVED,offline
97459019213,Data_AddOn_5GB,NBO,0.1699,SMS,Customer is 40 days from renewal.,Hi! Data AddOn 5GB suits your usage. Reply YES. Ooredoo,APPROVED,offline
97454576511,Data_AddOn_5GB,NBO,0.2718,SMS,Customer is 39 days from renewal.,Hi! Data AddOn 5GB suits your usage. Reply YES. Ooredoo,APPROVED,offline
97452163950,Data_AddOn_5GB,NBO,0.2186,Push,"Customer exceeded the data cap in 2 of the last 3 months, logged a recent complaint.",Data AddOn 5GB suits your usage - tap to activate.,APPROVED,offline
97451549148,10GB_Aggressive_HVC,Retention,0.5415,SMS,Customer shows elevated churn risk.,"Hi! Based on your recent usage, our 10GB Aggressive HVC keeps you covered. Reply YES. Ooredoo",SOFTENED,offline
97453773707,Data_AddOn_5GB,NBO,0.1093,SMS,Customer exceeded the data cap in 2 of the last 3 months.,Hi! Data AddOn 5GB suits your usage. Reply YES. Ooredoo,APPROVED,offline
97456068002,5G_Unlimited_Upgrade,Upsell,0.1277,Email,"Customer exceeded the data cap in 2 of the last 3 months, is 43 days from renewal.","Dear Customer,

Customer exceeded the data cap in 2 of the last 3 months, is 43 days from renewal.

You're using 77% of your data - 5G Unlimited Upgrade gives you more headroom.

Ooredoo",APPROVED,offline
97453773939,Retention_Save_25pct,Retention,0.1836,Email,"Customer exceeded the data cap in 1 of the last 3 months, is 52 days from renewal.","Dear Customer,

Customer exceeded the data cap in 1 of the last 3 months, is 52 days from renewal.

Based on your recent usage, our Retention Save 25pct keeps you covered and your renewal is in 52 days - switch with no penalty.

Ooredoo",APPROVED,offline
97452935740,Retention_Save_25pct,Retention,0.1132,Email,Customer exceeded the data cap in 3 of the last 3 months.,"Dear Customer,

Customer exceeded the data cap in 3 of the last 3 months.

Based on your recent usage, our Retention Save 25pct keeps you covered.

Ooredoo",APPROVED,offline
97454434955,10GB_Aggressive_HVC,Retention,0.3652,SMS,"Customer exceeded the data cap in 2 of the last 3 months, is a heavy data user (85% of cap), shows elevated churn risk.","Hi! Based on your recent usage, our 10GB Aggressive HVC keeps you covered. Reply YES. Ooredoo",SOFTENED,offline
97455936710,Data_AddOn_5GB,NBO,0.2084,Push,Customer exceeded the data cap in 3 of the last 3 months.,Data AddOn 5GB suits your usage - tap to activate.,APPROVED,offline
97456155872,Data_AddOn_5GB,NBO,0.2714,SMS,Customer exceeded the data cap in 2 of the last 3 months.,Hi! Data AddOn 5GB suits your usage. Reply YES. Ooredoo,APPROVED,offline
97454177326,Data_AddOn_5GB,NBO,0.2265,Push,Customer exceeded the data cap in 2 of the last 3 months.,Data AddOn 5GB suits your usage - tap to activate.,APPROVED,offline
97452554510,Data_AddOn_5GB,NBO,0.2226,Call,Customer exceeded the data cap in 1 of the last 3 months.,AGENT: Customer exceeded the data cap in 1 of the last 3 months. Recommend: Data AddOn 5GB suits your usage.,APPROVED,offline
97454763122,10GB_Aggressive_HVC,Retention,0.1408,Call,Customer exceeded the data cap in 2 of the last 3 months.,"AGENT: Customer exceeded the data cap in 2 of the last 3 months. Recommend: Based on your recent usage, our 10GB Aggressive HVC keeps you covered.",APPROVED,offline
97455421590,Data_AddOn_5GB,NBO,0.1662,SMS,"Customer exceeded the data cap in 3 of the last 3 months, logged a recent complaint.",Hi! Data AddOn 5GB suits your usage. Reply YES. Ooredoo,APPROVED,offline
97453534937,Data_AddOn_5GB,NBO,0.4609,SMS,"Customer is a heavy data user (98% of cap), is 42 days from renewal.",Hi! Data AddOn 5GB suits your usage. Reply YES. Ooredoo,APPROVED,offline
97451812461,Data_AddOn_5GB,NBO,0.1814,Email,Customer exceeded the data cap in 1 of the last 3 months.,"Dear Customer,

Customer exceeded the data cap in 1 of the last 3 months.

Data AddOn 5GB suits your usage.

Ooredoo",APPROVED,offline
97455427036,Data_AddOn_5GB,NBO,0.2355,Call,"Customer exceeded the data cap in 3 of the last 3 months, is a heavy data user (84% of cap), is 50 days from renewal, logged a recent complaint.","AGENT: Customer exceeded the data cap in 3 of the last 3 months, is a heavy data user (84% of cap), is 50 days from renewal, logged a recent complaint. Recommend: Data AddOn 5GB suits your usage.",APPROVED,offline
97452718224,Data_AddOn_5GB,NBO,0.15,Push,Customer exceeded the data cap in 3 of the last 3 months.,Data AddOn 5GB suits your usage - tap to activate.,APPROVED,offline
97453710626,Data_AddOn_5GB,NBO,0.1258,Call,Customer exceeded the data cap in 2 of the last 3 months.,AGENT: Customer exceeded the data cap in 2 of the last 3 months. Recommend: Data AddOn 5GB suits your usage.,APPROVED,offline
97458906166,200mins_Upsell,Upsell,0.3583,Push,Customer is a heavy data user (91% of cap).,You're using 91% of your data - 200mins Upsell gives you more headroom - tap to activate.,APPROVED,offline
97458310108,Data_AddOn_5GB,NBO,0.2671,SMS,Customer is an active Mass customer.,Hi! Data AddOn 5GB suits your usage. Reply YES. Ooredoo,APPROVED,offline
97457440010,Data_AddOn_5GB,NBO,0.145,Push,"Customer exceeded the data cap in 1 of the last 3 months, logged a recent complaint.",Data AddOn 5GB suits your usage - tap to activate.,APPROVED,offline
97459674163,Retention_Save_25pct,Retention,0.1793,Call,"Customer exceeded the data cap in 3 of the last 3 months, is 34 days from renewal.","AGENT: Customer exceeded the data cap in 3 of the last 3 months, is 34 days from renewal. Recommend: Based on your recent usage, our Retention Save 25pct keeps you covered and your renewal is in 34 days - switch with no penalty.",APPROVED,offline
97451444191,Data_AddOn_5GB,NBO,0.1304,SMS,"Customer exceeded the data cap in 3 of the last 3 months, is 32 days from renewal, logged a recent complaint.",Hi! Data AddOn 5GB suits your usage. Reply YES. Ooredoo,APPROVED,offline
97452502337,Data_AddOn_5GB,NBO,0.2108,SMS,"Customer exceeded the data cap in 1 of the last 3 months, is 51 days from renewal.",Hi! Data AddOn 5GB suits your usage. Reply YES. Ooredoo,APPROVED,offline
97454486669,Data_AddOn_5GB,NBO,0.2144,Call,Customer is an active Mass customer.,AGENT: Customer is an active Mass customer. Recommend: Data AddOn 5GB suits your usage.,APPROVED,offline
97454722946,Data_AddOn_5GB,NBO,0.212,SMS,Customer exceeded the data cap in 1 of the last 3 months.,Hi! Data AddOn 5GB suits your usage. Reply YES. Ooredoo,APPROVED,offline
97458064400,Data_AddOn_5GB,NBO,0.2134,SMS,"Customer exceeded the data cap in 2 of the last 3 months, is 27 days from renewal, logged a recent complaint.",Hi! Data AddOn 5GB suits your usage. Reply YES. Ooredoo,APPROVED,offline
97451224695,Data_AddOn_5GB,NBO,0.2176,Call,"Customer exceeded the data cap in 1 of the last 3 months, is 15 days from renewal.","AGENT: Customer exceeded the data cap in 1 of the last 3 months, is 15 days from renewal. Recommend: Data AddOn 5GB suits your usage.",APPROVED,offline
97454441628,Retention_Save_25pct,Retention,0.1864,Push,Customer is an active Youth customer.,"Based on your recent usage, our Retention Save 25pct keeps you covered - tap to activate.",APPROVED,offline
97458552975,Data_AddOn_5GB,NBO,0.1153,Call,Customer exceeded the data cap in 2 of the last 3 months.,AGENT: Customer exceeded the data cap in 2 of the last 3 months. Recommend: Data AddOn 5GB suits your usage.,APPROVED,offline
97459123236,5G_Unlimited_Upgrade,Upsell,0.1562,Push,Customer exceeded the data cap in 3 of the last 3 months.,You're using 66% of your data - 5G Unlimited Upgrade gives you more headroom - tap to activate.,APPROVED,offline
97458761850,200mins_Upsell,Upsell,0.2592,Call,Customer is a heavy data user (90% of cap).,AGENT: Customer is a heavy data user (90% of cap). Recommend: You're using 90% of your data - 200mins Upsell gives you more headroom.,APPROVED,offline
97454340216,Data_AddOn_5GB,NBO,0.2095,Call,"Customer exceeded the data cap in 1 of the last 3 months, is 51 days from renewal.","AGENT: Customer exceeded the data cap in 1 of the last 3 months, is 51 days from renewal. Recommend: Data AddOn 5GB suits your usage.",APPROVED,offline
97454833284,Retention_Save_25pct,Retention,0.204,SMS,"Customer exceeded the data cap in 1 of the last 3 months, is a heavy data user (86% of cap), is 24 days from renewal.","Hi! Based on your recent usage, our Retention Save 25pct keeps you covered and your renewal is in 24 days - switch with no penalty. Reply YES. Ooredoo",APPROVED,offline
97452847865,Retention_Save_25pct,Retention,0.0609,SMS,Customer is 1 days from renewal.,"Hi! Based on your recent usage, our Retention Save 25pct keeps you covered and your renewal is in 1 days - switch with no penalty. Reply YES. Ooredoo",APPROVED,offline
97458586725,Data_AddOn_5GB,NBO,0.2125,SMS,"Customer exceeded the data cap in 3 of the last 3 months, is 32 days from renewal, logged a recent complaint.",Hi! Data AddOn 5GB suits your usage. Reply YES. Ooredoo,APPROVED,offline
97455897954,5G_Unlimited_Upgrade,Upsell,0.1655,SMS,Customer is an active HVC customer.,Hi! You're using 67% of your data - 5G Unlimited Upgrade gives you more headroom. Reply YES. Ooredoo,APPROVED,offline
97455017136,Data_AddOn_5GB,NBO,0.1349,Call,Customer is an active HVC customer.,AGENT: Customer is an active HVC customer. Recommend: Data AddOn 5GB suits your usage.,APPROVED,offline
97451344855,Data_AddOn_5GB,NBO,0.2476,Email,Customer exceeded the data cap in 1 of the last 3 months.,"Dear Customer,

Customer exceeded the data cap in 1 of the last 3 months.

Data AddOn 5GB suits your usage.

Ooredoo",APPROVED,offline
97456750283,Data_AddOn_5GB,NBO,0.2127,SMS,Customer exceeded the data cap in 2 of the last 3 months.,Hi! Data AddOn 5GB suits your usage. Reply YES. Ooredoo,APPROVED,offline
97452074961,Data_AddOn_5GB,NBO,0.2161,SMS,"Customer exceeded the data cap in 2 of the last 3 months, is a heavy data user (85% of cap), is 51 days from renewal.",Hi! Data AddOn 5GB suits your usage. Reply YES. Ooredoo,APPROVED,offline
97455625678,5G_Unlimited_Upgrade,Upsell,0.1844,SMS,Customer exceeded the data cap in 1 of the last 3 months.,Hi! You're using 68% of your data - 5G Unlimited Upgrade gives you more headroom. Reply YES. Ooredoo,APPROVED,offline
97453377935,Data_AddOn_5GB,NBO,0.1817,Email,Customer exceeded the data cap in 1 of the last 3 months.,"Dear Customer,

Customer exceeded the data cap in 1 of the last 3 months.

Data AddOn 5GB suits your usage.

Ooredoo",APPROVED,offline
97452134106,Data_AddOn_5GB,NBO,0.1765,Push,Customer is an active Mass customer.,Data AddOn 5GB suits your usage - tap to activate.,APPROVED,offline
97459296877,Retention_Save_25pct,Retention,0.1953,Call,"Customer exceeded the data cap in 2 of the last 3 months, is 46 days from renewal.","AGENT: Customer exceeded the data cap in 2 of the last 3 months, is 46 days from renewal. Recommend: Based on your recent usage, our Retention Save 25pct keeps you covered and your renewal is in 46 days - switch with no penalty.",APPROVED,offline
97453474968,Data_AddOn_5GB,NBO,0.171,Push,Customer is 6 days from renewal.,Data AddOn 5GB suits your usage - tap to activate.,APPROVED,offline
97457166160,Data_AddOn_5GB,NBO,0.2013,Push,Customer is an active Mass customer.,Data AddOn 5GB suits your usage - tap to activate.,APPROVED,offline
97456672540,Data_AddOn_5GB,NBO,0.247,SMS,Customer exceeded the data cap in 2 of the last 3 months.,Hi! Data AddOn 5GB suits your usage. Reply YES. Ooredoo,APPROVED,offline
97456644807,10GB_Aggressive_HVC,Retention,0.2993,Email,"Customer exceeded the data cap in 1 of the last 3 months, is 4 days from renewal.","Dear Customer,

Customer exceeded the data cap in 1 of the last 3 months, is 4 days from renewal.

Based on your recent usage, our 10GB Aggressive HVC keeps you covered and your renewal is in 4 days - switch with no penalty.

Ooredoo",APPROVED,offline
97456972558,Data_AddOn_5GB,NBO,0.1365,Call,Customer is an active HVC customer.,AGENT: Customer is an active HVC customer. Recommend: Data AddOn 5GB suits your usage.,APPROVED,offline
97453442266,Data_AddOn_5GB,NBO,0.2193,Push,Customer exceeded the data cap in 2 of the last 3 months.,Data AddOn 5GB suits your usage - tap to activate.,APPROVED,offline
97455437677,Retention_Save_25pct,Retention,0.2245,Push,"Customer exceeded the data cap in 2 of the last 3 months, is 50 days from renewal.","Based on your recent usage, our Retention Save 25pct keeps you covered and your renewal is in 50 days - switch with no p",APPROVED,offline
97456241218,200mins_Upsell,Upsell,0.1763,SMS,"Customer exceeded the data cap in 1 of the last 3 months, is a heavy data user (98% of cap).",Hi! You're using 98% of your data - 200mins Upsell gives you more headroom. Reply YES. Ooredoo,APPROVED,offline
97456150635,Retention_Save_25pct,Retention,0.231,SMS,"Customer exceeded the data cap in 1 of the last 3 months, is 10 days from renewal.","Hi! Based on your recent usage, our Retention Save 25pct keeps you covered and your renewal is in 10 days - switch with no penalty. Reply YES. Ooredoo",APPROVED,offline
97456481140,200mins_Upsell,Upsell,0.4204,SMS,"Customer exceeded the data cap in 3 of the last 3 months, is a heavy data user (96% of cap), logged a recent complaint.",Hi! You're using 96% of your data - 200mins Upsell gives you more headroom. Reply YES. Ooredoo,APPROVED,offline
97458214615,Data_AddOn_5GB,NBO,0.2078,SMS,"Customer exceeded the data cap in 1 of the last 3 months, is 49 days from renewal.",Hi! Data AddOn 5GB suits your usage. Reply YES. Ooredoo,APPROVED,offline
97459010643,Data_AddOn_5GB,NBO,0.2139,SMS,"Customer exceeded the data cap in 3 of the last 3 months, is 54 days from renewal.",Hi! Data AddOn 5GB suits your usage. Reply YES. Ooredoo,APPROVED,offline
97455981262,10GB_Aggressive_HVC,Retention,0.4559,Push,"Customer is 59 days from renewal, shows elevated churn risk.","Based on your recent usage, our 10GB Aggressive HVC keeps you covered and your renewal is in 59 days - switch with no pe",SOFTENED,offline
97455525208,Data_AddOn_5GB,NBO,0.1972,Call,"Customer exceeded the data cap in 2 of the last 3 months, logged a recent complaint.","AGENT: Customer exceeded the data cap in 2 of the last 3 months, logged a recent complaint. Recommend: Data AddOn 5GB suits your usage.",APPROVED,offline
97456290717,10GB_Aggressive_HVC,Retention,0.3579,Push,"Customer exceeded the data cap in 1 of the last 3 months, shows elevated churn risk.","Based on your recent usage, our 10GB Aggressive HVC keeps you covered - tap to activate.",APPROVED,offline
97451518349,Data_AddOn_5GB,NBO,0.1403,SMS,Customer exceeded the data cap in 1 of the last 3 months.,Hi! Data AddOn 5GB suits your usage. Reply YES. Ooredoo,APPROVED,offline
97453881990,Data_AddOn_5GB,NBO,0.1385,Push,Customer exceeded the data cap in 3 of the last 3 months.,Data AddOn 5GB suits your usage - tap to activate.,APPROVED,offline
97451797968,Data_AddOn_5GB,NBO,0.1449,Push,"Customer is 47 days from renewal, logged a recent complaint.",Data AddOn 5GB suits your usage - tap to activate.,APPROVED,offline
97458892861,Data_AddOn_5GB,NBO,0.2279,SMS,"Customer is a heavy data user (82% of cap), is 17 days from renewal, logged a recent complaint.",Hi! Data AddOn 5GB suits your usage. Reply YES. Ooredoo,APPROVED,offline
97459467691,10GB_Aggressive_HVC,Retention,0.2944,Email,"Customer shows elevated churn risk, logged a recent complaint.","Dear Customer,

Customer shows elevated churn risk, logged a recent complaint.

Based on your recent usage, our 10GB Aggressive HVC keeps you covered.

Ooredoo",APPROVED,offline
97457211411,Retention_Save_25pct,Retention,0.1314,Push,Customer logged a recent complaint.,"Based on your recent usage, our Retention Save 25pct keeps you covered - tap to activate.",APPROVED,offline
97453655971,Data_AddOn_5GB,NBO,0.1729,Email,"Customer exceeded the data cap in 2 of the last 3 months, is 52 days from renewal.","Dear Customer,

Customer exceeded the data cap in 2 of the last 3 months, is 52 days from renewal.

Data AddOn 5GB suits your usage.

Ooredoo",APPROVED,offline
97456609125,10GB_Aggressive_HVC,Retention,0.3115,SMS,"Customer exceeded the data cap in 3 of the last 3 months, shows elevated churn risk.","Hi! Based on your recent usage, our 10GB Aggressive HVC keeps you covered. Reply YES. Ooredoo",SOFTENED,offline
97453874299,Data_AddOn_5GB,NBO,0.2056,Call,Customer exceeded the data cap in 2 of the last 3 months.,AGENT: Customer exceeded the data cap in 2 of the last 3 months. Recommend: Data AddOn 5GB suits your usage.,APPROVED,offline
97458339838,Data_AddOn_5GB,NBO,0.2095,Push,Customer is an active Mass customer.,Data AddOn 5GB suits your usage - tap to activate.,APPROVED,offline
97458330292,Retention_Save_25pct,Retention,0.4733,Push,"Customer exceeded the data cap in 1 of the last 3 months, is 33 days from renewal, shows elevated churn risk.","Based on your recent usage, our Retention Save 25pct keeps you covered and your renewal is in 33 days - switch with no p",APPROVED,offline
97452804673,Data_AddOn_5GB,NBO,0.2135,Push,"Customer exceeded the data cap in 2 of the last 3 months, logged a recent complaint.",Data AddOn 5GB suits your usage - tap to activate.,APPROVED,offline
97453938199,10GB_Aggressive_HVC,Retention,0.3911,Push,"Customer exceeded the data cap in 1 of the last 3 months, shows elevated churn risk, logged a recent complaint.","Based on your recent usage, our 10GB Aggressive HVC keeps you covered - tap to activate.",SOFTENED,offline
97458594378,10GB_Aggressive_HVC,Retention,0.3658,SMS,"Customer exceeded the data cap in 1 of the last 3 months, shows elevated churn risk, logged a recent complaint.","Hi! Based on your recent usage, our 10GB Aggressive HVC keeps you covered. Reply YES. Ooredoo",APPROVED,offline
97459998604,Data_AddOn_5GB,NBO,0.2115,Push,Customer exceeded the data cap in 3 of the last 3 months.,Data AddOn 5GB suits your usage - tap to activate.,APPROVED,offline
97455909776,Retention_Save_25pct,Retention,0.2044,Call,Customer is 21 days from renewal.,"AGENT: Customer is 21 days from renewal. Recommend: Based on your recent usage, our Retention Save 25pct keeps you covered and your renewal is in 21 days - switch with no penalty.",APPROVED,offline
97454303389,Data_AddOn_5GB,NBO,0.1498,Call,Customer exceeded the data cap in 3 of the last 3 months.,AGENT: Customer exceeded the data cap in 3 of the last 3 months. Recommend: Data AddOn 5GB suits your usage.,APPROVED,offline
97459025407,Data_AddOn_5GB,NBO,0.1176,Email,Customer exceeded the data cap in 3 of the last 3 months.,"Dear Customer,

Customer exceeded the data cap in 3 of the last 3 months.

Data AddOn 5GB suits your usage.

Ooredoo",APPROVED,offline
97455354385,Data_AddOn_5GB,NBO,0.1745,Email,Customer exceeded the data cap in 3 of the last 3 months.,"Dear Customer,

Customer exceeded the data cap in 3 of the last 3 months.

Data AddOn 5GB suits your usage.

Ooredoo",APPROVED,offline
97459777198,Data_AddOn_5GB,NBO,0.1854,Push,"Customer exceeded the data cap in 1 of the last 3 months, logged a recent complaint.",Data AddOn 5GB suits your usage - tap to activate.,APPROVED,offline
97454151882,Data_AddOn_5GB,NBO,0.227,Push,Customer exceeded the data cap in 2 of the last 3 months.,Data AddOn 5GB suits your usage - tap to activate.,APPROVED,offline
97454210016,Data_AddOn_5GB,NBO,0.2111,Call,Customer exceeded the data cap in 1 of the last 3 months.,AGENT: Customer exceeded the data cap in 1 of the last 3 months. Recommend: Data AddOn 5GB suits your usage.,APPROVED,offline
97457737320,Retention_Save_25pct,Retention,0.5311,SMS,"Customer is 28 days from renewal, shows elevated churn risk.","Hi! Based on your recent usage, our Retention Save 25pct keeps you covered and your renewal is in 28 days - switch with no penalty. Reply YES. Ooredoo",APPROVED,offline
97453389383,Data_AddOn_5GB,NBO,0.1849,Push,Customer is an active Mass customer.,Data AddOn 5GB suits your usage - tap to activate.,APPROVED,offline
97457996746,Data_AddOn_5GB,NBO,0.2284,SMS,"Customer exceeded the data cap in 2 of the last 3 months, is a heavy data user (88% of cap), is 48 days from renewal.",Hi! Data AddOn 5GB suits your usage. Reply YES. Ooredoo,APPROVED,offline
97451164053,Data_AddOn_5GB,NBO,0.1634,Email,"Customer exceeded the data cap in 3 of the last 3 months, is 18 days from renewal.","Dear Customer,

Customer exceeded the data cap in 3 of the last 3 months, is 18 days from renewal.

Data AddOn 5GB suits your usage.

Ooredoo",APPROVED,offline
97456973544,Data_AddOn_5GB,NBO,0.2308,Push,"Customer exceeded the data cap in 3 of the last 3 months, is 50 days from renewal.",Data AddOn 5GB suits your usage - tap to activate.,APPROVED,offline
97456282379,Data_AddOn_5GB,NBO,0.2792,Push,Customer exceeded the data cap in 1 of the last 3 months.,Data AddOn 5GB suits your usage - tap to activate.,APPROVED,offline
97453542637,Data_AddOn_5GB,NBO,0.1538,Call,Customer exceeded the data cap in 2 of the last 3 months.,AGENT: Customer exceeded the data cap in 2 of the last 3 months. Recommend: Data AddOn 5GB suits your usage.,APPROVED,offline
97459033951,Retention_Save_25pct,Retention,0.21,SMS,"Customer exceeded the data cap in 3 of the last 3 months, is 39 days from renewal.","Hi! Based on your recent usage, our Retention Save 25pct keeps you covered and your renewal is in 39 days - switch with no penalty. Reply YES. Ooredoo",APPROVED,offline
97459107317,Data_AddOn_5GB,NBO,0.1949,Email,Customer exceeded the data cap in 3 of the last 3 months.,"Dear Customer,

Customer exceeded the data cap in 3 of the last 3 months.

Data AddOn 5GB suits your usage.

Ooredoo",APPROVED,offline
97455158549,Data_AddOn_5GB,NBO,0.1382,SMS,Customer is an active HVC customer.,Hi! Data AddOn 5GB suits your usage. Reply YES. Ooredoo,APPROVED,offline
97455530889,Data_AddOn_5GB,NBO,0.2062,Email,"Customer exceeded the data cap in 3 of the last 3 months, logged a recent complaint.","Dear Customer,

Customer exceeded the data cap in 3 of the last 3 months, logged a recent complaint.

Data AddOn 5GB suits your usage.

Ooredoo",APPROVED,offline
97459411039,Data_AddOn_5GB,NBO,0.1368,SMS,Customer exceeded the data cap in 3 of the last 3 months.,Hi! Data AddOn 5GB suits your usage. Reply YES. Ooredoo,APPROVED,offline
97459962049,Data_AddOn_5GB,NBO,0.2112,SMS,"Customer exceeded the data cap in 1 of the last 3 months, is 49 days from renewal, logged a recent complaint.",Hi! Data AddOn 5GB suits your usage. Reply YES. Ooredoo,APPROVED,offline
97459284960,Data_AddOn_5GB,NBO,0.2196,Call,Customer exceeded the data cap in 3 of the last 3 months.,AGENT: Customer exceeded the data cap in 3 of the last 3 months. Recommend: Data AddOn 5GB suits your usage.,APPROVED,offline
97453049949,Data_AddOn_5GB,NBO,0.2097,Push,Customer is an active Mass customer.,Data AddOn 5GB suits your usage - tap to activate.,APPROVED,offline
97459388512,10GB_Aggressive_HVC,Retention,0.3259,SMS,"Customer exceeded the data cap in 2 of the last 3 months, shows elevated churn risk.","Hi! Based on your recent usage, our 10GB Aggressive HVC keeps you covered. Reply YES. Ooredoo",SOFTENED,offline
97452268300,Data_AddOn_5GB,NBO,0.2129,Push,"Customer exceeded the data cap in 2 of the last 3 months, is 30 days from renewal.",Data AddOn 5GB suits your usage - tap to activate.,APPROVED,offline
97452947763,Data_AddOn_5GB,NBO,0.1294,Push,Customer exceeded the data cap in 2 of the last 3 months.,Data AddOn 5GB suits your usage - tap to activate.,APPROVED,offline
97458654502,Data_AddOn_5GB,NBO,0.1003,SMS,Customer is 1 days from renewal.,Hi! Data AddOn 5GB suits your usage. Reply YES. Ooredoo,APPROVED,offline
97454882149,Retention_Save_25pct,Retention,0.1931,Email,"Customer exceeded the data cap in 1 of the last 3 months, is 32 days from renewal.","Dear Customer,

Customer exceeded the data cap in 1 of the last 3 months, is 32 days from renewal.

Based on your recent usage, our Retention Save 25pct keeps you covered and your renewal is in 32 days - switch with no penalty.

Ooredoo",APPROVED,offline
97455873062,Data_AddOn_5GB,NBO,0.1101,Email,Customer exceeded the data cap in 1 of the last 3 months.,"Dear Customer,

Customer exceeded the data cap in 1 of the last 3 months.

Data AddOn 5GB suits your usage.

Ooredoo",APPROVED,offline
97458045209,Data_AddOn_5GB,NBO,0.2179,Push,"Customer exceeded the data cap in 1 of the last 3 months, is a heavy data user (84% of cap).",Data AddOn 5GB suits your usage - tap to activate.,APPROVED,offline
97459439469,Data_AddOn_5GB,NBO,0.1326,SMS,Customer exceeded the data cap in 3 of the last 3 months.,Hi! Data AddOn 5GB suits your usage. Reply YES. Ooredoo,APPROVED,offline
97458678073,Data_AddOn_5GB,NBO,0.2124,Call,Customer exceeded the data cap in 2 of the last 3 months.,AGENT: Customer exceeded the data cap in 2 of the last 3 months. Recommend: Data AddOn 5GB suits your usage.,APPROVED,offline
97455845710,Data_AddOn_5GB,NBO,0.2668,Email,Customer exceeded the data cap in 2 of the last 3 months.,"Dear Customer,

Customer exceeded the data cap in 2 of the last 3 months.

Data AddOn 5GB suits your usage.

Ooredoo",APPROVED,offline
97455000737,Data_AddOn_5GB,NBO,0.2187,SMS,Customer logged a recent complaint.,Hi! Data AddOn 5GB suits your usage. Reply YES. Ooredoo,APPROVED,offline
97458258746,Data_AddOn_5GB,NBO,0.2028,Call,Customer logged a recent complaint.,AGENT: Customer logged a recent complaint. Recommend: Data AddOn 5GB suits your usage.,APPROVED,offline
97452443717,Data_AddOn_5GB,NBO,0.2879,Push,Customer logged a recent complaint.,Data AddOn 5GB suits your usage - tap to activate.,APPROVED,offline
97455409352,Data_AddOn_5GB,NBO,0.1986,SMS,"Customer exceeded the data cap in 1 of the last 3 months, logged a recent complaint.",Hi! Data AddOn 5GB suits your usage. Reply YES. Ooredoo,APPROVED,offline
97456111142,Data_AddOn_5GB,NBO,0.1804,Email,Customer is an active Mass customer.,"Dear Customer,

Customer is an active Mass customer.

Data AddOn 5GB suits your usage.

Ooredoo",APPROVED,offline
97459421928,Data_AddOn_5GB,NBO,0.197,Push,Customer is an active Mass customer.,Data AddOn 5GB suits your usage - tap to activate.,APPROVED,offline
97459715633,Retention_Save_25pct,Retention,0.2719,Push,"Customer exceeded the data cap in 2 of the last 3 months, is 24 days from renewal, logged a recent complaint.","Based on your recent usage, our Retention Save 25pct keeps you covered and your renewal is in 24 days - switch with no p",APPROVED,offline
97457906571,Data_AddOn_5GB,NBO,0.0852,Call,"Customer exceeded the data cap in 3 of the last 3 months, is 25 days from renewal.","AGENT: Customer exceeded the data cap in 3 of the last 3 months, is 25 days from renewal. Recommend: Data AddOn 5GB suits your usage.",APPROVED,offline
97459752967,Roaming_Daily_Pass,CrossSell,0.1214,SMS,Customer exceeded the data cap in 2 of the last 3 months.,Hi! Add Roaming Daily Pass to get more from your plan. Reply YES. Ooredoo,APPROVED,offline
97452308507,Data_AddOn_5GB,NBO,0.2392,Email,"Customer is a heavy data user (82% of cap), is 5 days from renewal.","Dear Customer,

Customer is a heavy data user (82% of cap), is 5 days from renewal.

Data AddOn 5GB suits your usage.

Ooredoo",APPROVED,offline
97455066621,Data_AddOn_5GB,NBO,0.2652,SMS,"Customer exceeded the data cap in 1 of the last 3 months, logged a recent complaint.",Hi! Data AddOn 5GB suits your usage. Reply YES. Ooredoo,APPROVED,offline
97451100734,Data_AddOn_5GB,NBO,0.2185,SMS,Customer exceeded the data cap in 3 of the last 3 months.,Hi! Data AddOn 5GB suits your usage. Reply YES. Ooredoo,APPROVED,offline
97459546310,10GB_Aggressive_HVC,Retention,0.3403,Push,"Customer exceeded the data cap in 3 of the last 3 months, shows elevated churn risk.","Based on your recent usage, our 10GB Aggressive HVC keeps you covered - tap to activate.",SOFTENED,offline
97453851274,Data_AddOn_5GB,NBO,0.196,Push,"Customer exceeded the data cap in 2 of the last 3 months, is 5 days from renewal.",Data AddOn 5GB suits your usage - tap to activate.,APPROVED,offline
97452225811,Retention_Save_25pct,Retention,0.1515,SMS,Customer exceeded the data cap in 1 of the last 3 months.,"Hi! Based on your recent usage, our Retention Save 25pct keeps you covered. Reply YES. Ooredoo",APPROVED,offline
97454081091,Data_AddOn_5GB,NBO,0.201,SMS,"Customer exceeded the data cap in 2 of the last 3 months, is 5 days from renewal.",Hi! Data AddOn 5GB suits your usage. Reply YES. Ooredoo,APPROVED,offline
97454829049,Data_AddOn_5GB,NBO,0.2258,Call,Customer exceeded the data cap in 1 of the last 3 months.,AGENT: Customer exceeded the data cap in 1 of the last 3 months. Recommend: Data AddOn 5GB suits your usage.,APPROVED,offline
97452868670,10GB_Aggressive_HVC,Retention,0.2073,Email,"Customer exceeded the data cap in 3 of the last 3 months, is 3 days from renewal.","Dear Customer,

Customer exceeded the data cap in 3 of the last 3 months, is 3 days from renewal.

Based on your recent usage, our 10GB Aggressive HVC keeps you covered and your renewal is in 3 days - switch with no penalty.

Ooredoo",APPROVED,offline
97458265406,Data_AddOn_5GB,NBO,0.1726,Email,Customer exceeded the data cap in 3 of the last 3 months.,"Dear Customer,

Customer exceeded the data cap in 3 of the last 3 months.

Data AddOn 5GB suits your usage.

Ooredoo",APPROVED,offline
97455813673,Data_AddOn_5GB,NBO,0.2027,Push,"Customer exceeded the data cap in 1 of the last 3 months, is 46 days from renewal.",Data AddOn 5GB suits your usage - tap to activate.,APPROVED,offline
97455755469,Data_AddOn_5GB,NBO,0.2294,SMS,"Customer exceeded the data cap in 1 of the last 3 months, is 52 days from renewal.",Hi! Data AddOn 5GB suits your usage. Reply YES. Ooredoo,APPROVED,offline
97458551989,Data_AddOn_5GB,NBO,0.2242,SMS,"Customer exceeded the data cap in 1 of the last 3 months, is a heavy data user (81% of cap).",Hi! Data AddOn 5GB suits your usage. Reply YES. Ooredoo,APPROVED,offline
97455335702,Data_AddOn_5GB,NBO,0.227,Push,"Customer exceeded the data cap in 3 of the last 3 months, is 52 days from renewal.",Data AddOn 5GB suits your usage - tap to activate.,APPROVED,offline
97458974411,Data_AddOn_5GB,NBO,0.186,Push,Customer is an active Mass customer.,Data AddOn 5GB suits your usage - tap to activate.,APPROVED,offline
97453962732,5G_Unlimited_Upgrade,Upsell,0.1818,SMS,"Customer exceeded the data cap in 2 of the last 3 months, is a heavy data user (89% of cap), logged a recent complaint.",Hi! You're using 89% of your data - 5G Unlimited Upgrade gives you more headroom. Reply YES. Ooredoo,APPROVED,offline
97452992825,10GB_Aggressive_HVC,Retention,0.4125,Call,"Customer exceeded the data cap in 2 of the last 3 months, shows elevated churn risk.","AGENT: Customer exceeded the data cap in 2 of the last 3 months, shows elevated churn risk. Recommend: Based on your recent usage, our 10GB Aggressive HVC keeps you covered.",SOFTENED,offline
97454832978,Retention_Save_25pct,Retention,0.3203,Push,"Customer exceeded the data cap in 3 of the last 3 months, shows elevated churn risk.","Based on your recent usage, our Retention Save 25pct keeps you covered - tap to activate.",APPROVED,offline
97457152941,Data_AddOn_5GB,NBO,0.2015,SMS,Customer exceeded the data cap in 3 of the last 3 months.,Hi! Data AddOn 5GB suits your usage. Reply YES. Ooredoo,APPROVED,offline
97455115811,Data_AddOn_5GB,NBO,0.2661,SMS,Customer is an active Mass customer.,Hi! Data AddOn 5GB suits your usage. Reply YES. Ooredoo,APPROVED,offline
97459983212,Data_AddOn_5GB,NBO,0.2263,Email,Customer exceeded the data cap in 3 of the last 3 months.,"Dear Customer,

Customer exceeded the data cap in 3 of the last 3 months.

Data AddOn 5GB suits your usage.

Ooredoo",APPROVED,offline
97454174108,Data_AddOn_5GB,NBO,0.1518,SMS,"Customer exceeded the data cap in 2 of the last 3 months, is 38 days from renewal, logged a recent complaint.",Hi! Data AddOn 5GB suits your usage. Reply YES. Ooredoo,APPROVED,offline
97453731638,Retention_Save_25pct,Retention,0.166,Push,Customer exceeded the data cap in 3 of the last 3 months.,"Based on your recent usage, our Retention Save 25pct keeps you covered - tap to activate.",APPROVED,offline
97451264500,Data_AddOn_5GB,NBO,0.227,Push,"Customer exceeded the data cap in 2 of the last 3 months, logged a recent complaint.",Data AddOn 5GB suits your usage - tap to activate.,APPROVED,offline
97453976031,Data_AddOn_5GB,NBO,0.2273,SMS,Customer is 26 days from renewal.,Hi! Data AddOn 5GB suits your usage. Reply YES. Ooredoo,APPROVED,offline
97457512427,Data_AddOn_5GB,NBO,0.2019,Email,Customer exceeded the data cap in 2 of the last 3 months.,"Dear Customer,

Customer exceeded the data cap in 2 of the last 3 months.

Data AddOn 5GB suits your usage.

Ooredoo",APPROVED,offline
97453903633,Data_AddOn_5GB,NBO,0.2019,Call,Customer exceeded the data cap in 3 of the last 3 months.,AGENT: Customer exceeded the data cap in 3 of the last 3 months. Recommend: Data AddOn 5GB suits your usage.,APPROVED,offline
97456711813,Data_AddOn_5GB,NBO,0.2249,SMS,"Customer exceeded the data cap in 3 of the last 3 months, is 6 days from renewal, logged a recent complaint.",Hi! Data AddOn 5GB suits your usage. Reply YES. Ooredoo,APPROVED,offline
97452940369,Retention_Save_25pct,Retention,0.1385,SMS,Customer is an active Business customer.,"Hi! Based on your recent usage, our Retention Save 25pct keeps you covered. Reply YES. Ooredoo",APPROVED,offline
97454948242,Data_AddOn_5GB,NBO,0.1254,Email,Customer exceeded the data cap in 3 of the last 3 months.,"Dear Customer,

Customer exceeded the data cap in 3 of the last 3 months.

Data AddOn 5GB suits your usage.

Ooredoo",APPROVED,offline
97459127125,Retention_Save_25pct,Retention,0.2305,SMS,"Customer exceeded the data cap in 1 of the last 3 months, is 24 days from renewal.","Hi! Based on your recent usage, our Retention Save 25pct keeps you covered and your renewal is in 24 days - switch with no penalty. Reply YES. Ooredoo",APPROVED,offline
97452217060,5G_Unlimited_Upgrade,Upsell,0.2422,Push,"Customer exceeded the data cap in 1 of the last 3 months, logged a recent complaint.",You're using 80% of your data - 5G Unlimited Upgrade gives you more headroom - tap to activate.,APPROVED,offline
97452031519,Data_AddOn_5GB,NBO,0.1451,Push,"Customer exceeded the data cap in 3 of the last 3 months, logged a recent complaint.",Data AddOn 5GB suits your usage - tap to activate.,APPROVED,offline
97455678714,Data_AddOn_5GB,NBO,0.197,Email,Customer exceeded the data cap in 2 of the last 3 months.,"Dear Customer,

Customer exceeded the data cap in 2 of the last 3 months.

Data AddOn 5GB suits your usage.

Ooredoo",APPROVED,offline
97459109698,5G_Unlimited_Upgrade,Upsell,0.1789,SMS,Customer is a heavy data user (83% of cap).,Hi! You're using 83% of your data - 5G Unlimited Upgrade gives you more headroom. Reply YES. Ooredoo,APPROVED,offline
97452390281,Data_AddOn_5GB,NBO,0.2035,Push,"Customer exceeded the data cap in 3 of the last 3 months, logged a recent complaint.",Data AddOn 5GB suits your usage - tap to activate.,APPROVED,offline
97454941106,Data_AddOn_5GB,NBO,0.2114,Email,Customer logged a recent complaint.,"Dear Customer,

Customer logged a recent complaint.

Data AddOn 5GB suits your usage.

Ooredoo",APPROVED,offline
97453322466,Data_AddOn_5GB,NBO,0.2183,Push,"Customer exceeded the data cap in 3 of the last 3 months, is 43 days from renewal.",Data AddOn 5GB suits your usage - tap to activate.,APPROVED,offline
97458778748,10GB_Aggressive_HVC,Retention,0.1148,Email,Customer exceeded the data cap in 3 of the last 3 months.,"Dear Customer,

Customer exceeded the data cap in 3 of the last 3 months.

Based on your recent usage, our 10GB Aggressive HVC keeps you covered.

Ooredoo",APPROVED,offline
97459099932,Retention_Save_25pct,Retention,0.2391,Push,Customer is 9 days from renewal.,"Based on your recent usage, our Retention Save 25pct keeps you covered and your renewal is in 9 days - switch with no pe",APPROVED,offline
97452851317,Data_AddOn_5GB,NBO,0.2251,Call,Customer exceeded the data cap in 2 of the last 3 months.,AGENT: Customer exceeded the data cap in 2 of the last 3 months. Recommend: Data AddOn 5GB suits your usage.,APPROVED,offline
97452946830,200mins_Upsell,Upsell,0.2778,SMS,"Customer exceeded the data cap in 2 of the last 3 months, is a heavy data user (91% of cap).",Hi! You're using 91% of your data - 200mins Upsell gives you more headroom. Reply YES. Ooredoo,APPROVED,offline
97453614150,Data_AddOn_5GB,NBO,0.1404,Email,Customer exceeded the data cap in 3 of the last 3 months.,"Dear Customer,

Customer exceeded the data cap in 3 of the last 3 months.

Data AddOn 5GB suits your usage.

Ooredoo",APPROVED,offline
97458238987,10GB_Aggressive_HVC,Retention,0.3521,SMS,"Customer exceeded the data cap in 2 of the last 3 months, shows elevated churn risk.","Hi! Based on your recent usage, our 10GB Aggressive HVC keeps you covered. Reply YES. Ooredoo",APPROVED,offline
97455660061,Data_AddOn_5GB,NBO,0.219,Push,Customer is an active Mass customer.,Data AddOn 5GB suits your usage - tap to activate.,APPROVED,offline
97453605214,10GB_Aggressive_HVC,Retention,0.357,Push,"Customer exceeded the data cap in 3 of the last 3 months, is a heavy data user (92% of cap), shows elevated churn risk.","Based on your recent usage, our 10GB Aggressive HVC keeps you covered - tap to activate.",APPROVED,offline
97458923641,Data_AddOn_5GB,NBO,0.135,Call,"Customer exceeded the data cap in 1 of the last 3 months, is 40 days from renewal.","AGENT: Customer exceeded the data cap in 1 of the last 3 months, is 40 days from renewal. Recommend: Data AddOn 5GB suits your usage.",APPROVED,offline
97453229180,Data_AddOn_5GB,NBO,0.1924,SMS,"Customer exceeded the data cap in 1 of the last 3 months, logged a recent complaint.",Hi! Data AddOn 5GB suits your usage. Reply YES. Ooredoo,APPROVED,offline
97455188891,Data_AddOn_5GB,NBO,0.2129,SMS,Customer exceeded the data cap in 1 of the last 3 months.,Hi! Data AddOn 5GB suits your usage. Reply YES. Ooredoo,APPROVED,offline
97455031419,Data_AddOn_5GB,NBO,0.2664,Push,Customer is an active Mass customer.,Data AddOn 5GB suits your usage - tap to activate.,APPROVED,offline
97455495511,Retention_Save_25pct,Retention,0.212,Push,"Customer exceeded the data cap in 2 of the last 3 months, is 11 days from renewal.","Based on your recent usage, our Retention Save 25pct keeps you covered and your renewal is in 11 days - switch with no p",APPROVED,offline
97452424945,10GB_Aggressive_HVC,Retention,0.2431,Push,"Customer exceeded the data cap in 1 of the last 3 months, is 6 days from renewal.","Based on your recent usage, our 10GB Aggressive HVC keeps you covered and your renewal is in 6 days - switch with no pen",APPROVED,offline
97453363999,Data_AddOn_5GB,NBO,0.1865,Push,"Customer exceeded the data cap in 2 of the last 3 months, is 6 days from renewal, logged a recent complaint.",Data AddOn 5GB suits your usage - tap to activate.,APPROVED,offline
97455790691,Data_AddOn_5GB,NBO,0.2133,Call,Customer exceeded the data cap in 1 of the last 3 months.,AGENT: Customer exceeded the data cap in 1 of the last 3 months. Recommend: Data AddOn 5GB suits your usage.,APPROVED,offline
97459807673,Data_AddOn_5GB,NBO,0.2784,SMS,"Customer exceeded the data cap in 2 of the last 3 months, is 21 days from renewal.",Hi! Data AddOn 5GB suits your usage. Reply YES. Ooredoo,APPROVED,offline
97455225889,Data_AddOn_5GB,NBO,0.204,SMS,Customer is 8 days from renewal.,Hi! Data AddOn 5GB suits your usage. Reply YES. Ooredoo,APPROVED,offline
97454092195,5G_Unlimited_Upgrade,Upsell,0.2892,Call,"Customer exceeded the data cap in 3 of the last 3 months, is a heavy data user (84% of cap), is 20 days from renewal.","AGENT: Customer exceeded the data cap in 3 of the last 3 months, is a heavy data user (84% of cap), is 20 days from renewal. Recommend: You're using 84% of your data - 5G Unlimited Upgrade gives you more headroom.",APPROVED,offline
97451289102,Retention_Save_25pct,Retention,0.1437,Call,Customer exceeded the data cap in 1 of the last 3 months.,"AGENT: Customer exceeded the data cap in 1 of the last 3 months. Recommend: Based on your recent usage, our Retention Save 25pct keeps you covered.",APPROVED,offline
97455443778,10GB_Aggressive_HVC,Retention,0.2942,SMS,Customer shows elevated churn risk.,"Hi! Based on your recent usage, our 10GB Aggressive HVC keeps you covered. Reply YES. Ooredoo",APPROVED,offline
97459043756,10GB_Aggressive_HVC,Retention,0.3134,Push,"Customer exceeded the data cap in 2 of the last 3 months, shows elevated churn risk, logged a recent complaint.","Based on your recent usage, our 10GB Aggressive HVC keeps you covered - tap to activate.",APPROVED,offline
97455162065,Data_AddOn_5GB,NBO,0.1397,SMS,Customer exceeded the data cap in 3 of the last 3 months.,Hi! Data AddOn 5GB suits your usage. Reply YES. Ooredoo,APPROVED,offline
97451260116,Data_AddOn_5GB,NBO,0.1329,SMS,Customer is an active HVC customer.,Hi! Data AddOn 5GB suits your usage. Reply YES. Ooredoo,APPROVED,offline
97457086368,Retention_Save_25pct,Retention,0.4292,SMS,"Customer exceeded the data cap in 3 of the last 3 months, shows elevated churn risk.","Hi! Based on your recent usage, our Retention Save 25pct keeps you covered. Reply YES. Ooredoo",APPROVED,offline
97455214279,Data_AddOn_5GB,NBO,0.15,Call,"Customer exceeded the data cap in 2 of the last 3 months, is 32 days from renewal.","AGENT: Customer exceeded the data cap in 2 of the last 3 months, is 32 days from renewal. Recommend: Data AddOn 5GB suits your usage.",APPROVED,offline
97452257949,10GB_Aggressive_HVC,Retention,0.1241,Push,"Customer exceeded the data cap in 3 of the last 3 months, logged a recent complaint.","Based on your recent usage, our 10GB Aggressive HVC keeps you covered - tap to activate.",APPROVED,offline
97458537165,Data_AddOn_5GB,NBO,0.229,Push,Customer exceeded the data cap in 2 of the last 3 months.,Data AddOn 5GB suits your usage - tap to activate.,APPROVED,offline
97454850241,Data_AddOn_5GB,NBO,0.21,SMS,"Customer exceeded the data cap in 1 of the last 3 months, is 43 days from renewal.",Hi! Data AddOn 5GB suits your usage. Reply YES. Ooredoo,APPROVED,offline
97456538166,Data_AddOn_5GB,NBO,0.2723,SMS,Customer is an active Mass customer.,Hi! Data AddOn 5GB suits your usage. Reply YES. Ooredoo,APPROVED,offline
97451388076,Data_AddOn_5GB,NBO,0.1417,Call,Customer exceeded the data cap in 3 of the last 3 months.,AGENT: Customer exceeded the data cap in 3 of the last 3 months. Recommend: Data AddOn 5GB suits your usage.,APPROVED,offline
97455884797,Roaming_Daily_Pass,CrossSell,0.1825,Push,Customer exceeded the data cap in 1 of the last 3 months.,Add Roaming Daily Pass to get more from your plan - tap to activate.,APPROVED,offline
97456540070,Roaming_Daily_Pass,CrossSell,0.1237,Push,"Customer exceeded the data cap in 2 of the last 3 months, logged a recent complaint.",Add Roaming Daily Pass to get more from your plan - tap to activate.,APPROVED,offline
97457491878,Data_AddOn_5GB,NBO,0.2708,Push,Customer exceeded the data cap in 3 of the last 3 months.,Data AddOn 5GB suits your usage - tap to activate.,APPROVED,offline
97452960826,5G_Unlimited_Upgrade,Upsell,0.1781,SMS,"Customer exceeded the data cap in 1 of the last 3 months, is a heavy data user (85% of cap).",Hi! You're using 85% of your data - 5G Unlimited Upgrade gives you more headroom. Reply YES. Ooredoo,APPROVED,offline
97453844664,200mins_Upsell,Upsell,0.1999,SMS,Customer is a heavy data user (86% of cap).,Hi! You're using 86% of your data - 200mins Upsell gives you more headroom. Reply YES. Ooredoo,APPROVED,offline
97453613275,Data_AddOn_5GB,NBO,0.2676,Push,"Customer exceeded the data cap in 2 of the last 3 months, is a heavy data user (83% of cap).",Data AddOn 5GB suits your usage - tap to activate.,APPROVED,offline
97452378369,Retention_Save_25pct,Retention,0.2214,SMS,"Customer exceeded the data cap in 2 of the last 3 months, is 56 days from renewal, logged a recent complaint.","Hi! Based on your recent usage, our Retention Save 25pct keeps you covered and your renewal is in 56 days - switch with no penalty. Reply YES. Ooredoo",APPROVED,offline
97453090212,5G_Unlimited_Upgrade,Upsell,0.1564,Push,"Customer exceeded the data cap in 2 of the last 3 months, logged a recent complaint.",You're using 63% of your data - 5G Unlimited Upgrade gives you more headroom - tap to activate.,APPROVED,offline
97456230852,Data_AddOn_5GB,NBO,0.2314,Push,"Customer exceeded the data cap in 2 of the last 3 months, logged a recent complaint.",Data AddOn 5GB suits your usage - tap to activate.,APPROVED,offline
97455171774,Retention_Save_25pct,Retention,0.1935,SMS,Customer is an active Business customer.,"Hi! Based on your recent usage, our Retention Save 25pct keeps you covered. Reply YES. Ooredoo",APPROVED,offline
97451152999,Data_AddOn_5GB,NBO,0.2016,SMS,Customer exceeded the data cap in 1 of the last 3 months.,Hi! Data AddOn 5GB suits your usage. Reply YES. Ooredoo,APPROVED,offline
97455542923,Data_AddOn_5GB,NBO,0.2148,SMS,Customer exceeded the data cap in 2 of the last 3 months.,Hi! Data AddOn 5GB suits your usage. Reply YES. Ooredoo,APPROVED,offline
97459449975,Data_AddOn_5GB,NBO,0.1334,SMS,Customer exceeded the data cap in 1 of the last 3 months.,Hi! Data AddOn 5GB suits your usage. Reply YES. Ooredoo,APPROVED,offline
97455600108,10GB_Aggressive_HVC,Retention,0.1589,Email,"Customer exceeded the data cap in 3 of the last 3 months, is a heavy data user (87% of cap), is 7 days from renewal.","Dear Customer,

Customer exceeded the data cap in 3 of the last 3 months, is a heavy data user (87% of cap), is 7 days from renewal.

Based on your recent usage, our 10GB Aggressive HVC keeps you covered and your renewal is in 7 days - switch with no penalty.

Ooredoo",APPROVED,offline
97453854190,10GB_Aggressive_HVC,Retention,0.2054,SMS,"Customer exceeded the data cap in 2 of the last 3 months, is 4 days from renewal.","Hi! Based on your recent usage, our 10GB Aggressive HVC keeps you covered and your renewal is in 4 days - switch with no penalty. Reply YES. Ooredoo",APPROVED,offline
97452284382,Roaming_Daily_Pass,CrossSell,0.1246,SMS,"Customer exceeded the data cap in 3 of the last 3 months, logged a recent complaint.",Hi! Add Roaming Daily Pass to get more from your plan. Reply YES. Ooredoo,APPROVED,offline
97458196042,5G_Unlimited_Upgrade,Upsell,0.1298,SMS,"Customer exceeded the data cap in 2 of the last 3 months, logged a recent complaint.",Hi! You're using 72% of your data - 5G Unlimited Upgrade gives you more headroom. Reply YES. Ooredoo,APPROVED,offline
97454853321,5G_Unlimited_Upgrade,Upsell,0.1277,Email,"Customer exceeded the data cap in 1 of the last 3 months, is 32 days from renewal.","Dear Customer,

Customer exceeded the data cap in 1 of the last 3 months, is 32 days from renewal.

You're using 71% of your data - 5G Unlimited Upgrade gives you more headroom.

Ooredoo",APPROVED,offline
97453654837,Data_AddOn_5GB,NBO,0.2792,SMS,Customer exceeded the data cap in 3 of the last 3 months.,Hi! Data AddOn 5GB suits your usage. Reply YES. Ooredoo,APPROVED,offline
97458684365,Data_AddOn_5GB,NBO,0.1642,Push,"Customer exceeded the data cap in 2 of the last 3 months, is 12 days from renewal.",Data AddOn 5GB suits your usage - tap to activate.,APPROVED,offline
97452042377,Data_AddOn_5GB,NBO,0.1381,Call,"Customer exceeded the data cap in 2 of the last 3 months, logged a recent complaint.","AGENT: Customer exceeded the data cap in 2 of the last 3 months, logged a recent complaint. Recommend: Data AddOn 5GB suits your usage.",APPROVED,offline
97455577033,Data_AddOn_5GB,NBO,0.1848,SMS,Customer exceeded the data cap in 1 of the last 3 months.,Hi! Data AddOn 5GB suits your usage. Reply YES. Ooredoo,APPROVED,offline
97457105931,Roaming_Daily_Pass,CrossSell,0.1174,SMS,"Customer exceeded the data cap in 1 of the last 3 months, logged a recent complaint.",Hi! Add Roaming Daily Pass to get more from your plan. Reply YES. Ooredoo,APPROVED,offline
97454257181,5G_Unlimited_Upgrade,Upsell,0.1635,Call,"Customer exceeded the data cap in 3 of the last 3 months, logged a recent complaint.","AGENT: Customer exceeded the data cap in 3 of the last 3 months, logged a recent complaint. Recommend: You're using 80% of your data - 5G Unlimited Upgrade gives you more headroom.",APPROVED,offline
97456262696,Data_AddOn_5GB,NBO,0.2166,Push,Customer exceeded the data cap in 3 of the last 3 months.,Data AddOn 5GB suits your usage - tap to activate.,APPROVED,offline
97456154048,Data_AddOn_5GB,NBO,0.1329,SMS,Customer exceeded the data cap in 2 of the last 3 months.,Hi! Data AddOn 5GB suits your usage. Reply YES. Ooredoo,APPROVED,offline
97451923780,Data_AddOn_5GB,NBO,0.1428,SMS,"Customer exceeded the data cap in 1 of the last 3 months, is 24 days from renewal.",Hi! Data AddOn 5GB suits your usage. Reply YES. Ooredoo,APPROVED,offline
97459361735,10GB_Aggressive_HVC,Retention,0.1218,SMS,Customer is an active Youth customer.,"Hi! Based on your recent usage, our 10GB Aggressive HVC keeps you covered. Reply YES. Ooredoo",APPROVED,offline
97452942811,Retention_Save_25pct,Retention,0.4684,Push,"Customer is 51 days from renewal, shows elevated churn risk.","Based on your recent usage, our Retention Save 25pct keeps you covered and your renewal is in 51 days - switch with no p",APPROVED,offline
97457507640,Data_AddOn_5GB,NBO,0.2664,SMS,"Customer exceeded the data cap in 2 of the last 3 months, logged a recent complaint.",Hi! Data AddOn 5GB suits your usage. Reply YES. Ooredoo,APPROVED,offline
97451298090,Data_AddOn_5GB,NBO,0.2251,Push,Customer exceeded the data cap in 1 of the last 3 months.,Data AddOn 5GB suits your usage - tap to activate.,APPROVED,offline
97459705956,Data_AddOn_5GB,NBO,0.2225,SMS,Customer exceeded the data cap in 2 of the last 3 months.,Hi! Data AddOn 5GB suits your usage. Reply YES. Ooredoo,APPROVED,offline
97456425838,Retention_Save_25pct,Retention,0.2214,Email,"Customer is a heavy data user (86% of cap), is 37 days from renewal.","Dear Customer,

Customer is a heavy data user (86% of cap), is 37 days from renewal.

Based on your recent usage, our Retention Save 25pct keeps you covered and your renewal is in 37 days - switch with no penalty.

Ooredoo",APPROVED,offline
97459480932,Data_AddOn_5GB,NBO,0.2959,SMS,"Customer exceeded the data cap in 1 of the last 3 months, shows elevated churn risk.",Hi! Data AddOn 5GB suits your usage. Reply YES. Ooredoo,APPROVED,offline
97453320688,5G_Unlimited_Upgrade,Upsell,0.2653,SMS,"Customer exceeded the data cap in 1 of the last 3 months, is a heavy data user (82% of cap), is 21 days from renewal.",Hi! You're using 82% of your data - 5G Unlimited Upgrade gives you more headroom. Reply YES. Ooredoo,APPROVED,offline
97452805808,Data_AddOn_5GB,NBO,0.112,Email,Customer is an active HVC customer.,"Dear Customer,

Customer is an active HVC customer.

Data AddOn 5GB suits your usage.

Ooredoo",APPROVED,offline
97455220459,Data_AddOn_5GB,NBO,0.1739,Email,Customer exceeded the data cap in 3 of the last 3 months.,"Dear Customer,

Customer exceeded the data cap in 3 of the last 3 months.

Data AddOn 5GB suits your usage.

Ooredoo",APPROVED,offline
97455536119,Data_AddOn_5GB,NBO,0.2048,SMS,Customer exceeded the data cap in 3 of the last 3 months.,Hi! Data AddOn 5GB suits your usage. Reply YES. Ooredoo,APPROVED,offline
97455015470,Data_AddOn_5GB,NBO,0.2733,SMS,Customer exceeded the data cap in 3 of the last 3 months.,Hi! Data AddOn 5GB suits your usage. Reply YES. Ooredoo,APPROVED,offline
97455654798,Data_AddOn_5GB,NBO,0.2003,SMS,Customer is an active Mass customer.,Hi! Data AddOn 5GB suits your usage. Reply YES. Ooredoo,APPROVED,offline
97454622138,Data_AddOn_5GB,NBO,0.1986,SMS,"Customer exceeded the data cap in 3 of the last 3 months, logged a recent complaint.",Hi! Data AddOn 5GB suits your usage. Reply YES. Ooredoo,APPROVED,offline
97451937841,10GB_Aggressive_HVC,Retention,0.2632,SMS,"Customer exceeded the data cap in 1 of the last 3 months, shows elevated churn risk.","Hi! Based on your recent usage, our 10GB Aggressive HVC keeps you covered. Reply YES. Ooredoo",APPROVED,offline
97459061896,Retention_Save_25pct,Retention,0.2461,Push,Customer is 6 days from renewal.,"Based on your recent usage, our Retention Save 25pct keeps you covered and your renewal is in 6 days - switch with no pe",APPROVED,offline
97453843940,Data_AddOn_5GB,NBO,0.2166,Push,Customer exceeded the data cap in 2 of the last 3 months.,Data AddOn 5GB suits your usage - tap to activate.,APPROVED,offline
97454932441,5G_Unlimited_Upgrade,Upsell,0.1332,Push,Customer exceeded the data cap in 1 of the last 3 months.,You're using 69% of your data - 5G Unlimited Upgrade gives you more headroom - tap to activate.,APPROVED,offline
97452207068,10GB_Aggressive_HVC,Retention,0.1276,Email,Customer exceeded the data cap in 1 of the last 3 months.,"Dear Customer,

Customer exceeded the data cap in 1 of the last 3 months.

Based on your recent usage, our 10GB Aggressive HVC keeps you covered.

Ooredoo",APPROVED,offline
97455364406,Data_AddOn_5GB,NBO,0.2143,SMS,Customer is 21 days from renewal.,Hi! Data AddOn 5GB suits your usage. Reply YES. Ooredoo,APPROVED,offline
97459782882,Retention_Save_25pct,Retention,0.1455,Push,"Customer exceeded the data cap in 3 of the last 3 months, is 14 days from renewal.","Based on your recent usage, our Retention Save 25pct keeps you covered and your renewal is in 14 days - switch with no p",APPROVED,offline
97452386980,Data_AddOn_5GB,NBO,0.1218,Push,Customer is an active Youth customer.,Data AddOn 5GB suits your usage - tap to activate.,APPROVED,offline
97452208052,Retention_Save_25pct,Retention,0.2248,SMS,"Customer exceeded the data cap in 2 of the last 3 months, is 10 days from renewal.","Hi! Based on your recent usage, our Retention Save 25pct keeps you covered and your renewal is in 10 days - switch with no penalty. Reply YES. Ooredoo",APPROVED,offline
97458500960,Data_AddOn_5GB,NBO,0.143,Call,Customer exceeded the data cap in 3 of the last 3 months.,AGENT: Customer exceeded the data cap in 3 of the last 3 months. Recommend: Data AddOn 5GB suits your usage.,APPROVED,offline
97454040267,Data_AddOn_5GB,NBO,0.2133,SMS,"Customer exceeded the data cap in 2 of the last 3 months, logged a recent complaint.",Hi! Data AddOn 5GB suits your usage. Reply YES. Ooredoo,APPROVED,offline
97452180887,10GB_Aggressive_HVC,Retention,0.1122,Push,Customer exceeded the data cap in 1 of the last 3 months.,"Based on your recent usage, our 10GB Aggressive HVC keeps you covered - tap to activate.",APPROVED,offline
97455439850,Data_AddOn_5GB,NBO,0.2032,SMS,"Customer exceeded the data cap in 1 of the last 3 months, logged a recent complaint.",Hi! Data AddOn 5GB suits your usage. Reply YES. Ooredoo,APPROVED,offline
97458536765,10GB_Aggressive_HVC,Retention,0.2238,Email,"Customer exceeded the data cap in 2 of the last 3 months, shows elevated churn risk.","Dear Customer,

Customer exceeded the data cap in 2 of the last 3 months, shows elevated churn risk.

Based on your recent usage, our 10GB Aggressive HVC keeps you covered.

Ooredoo",APPROVED,offline
97452896220,Retention_Save_25pct,Retention,0.1295,Email,Customer exceeded the data cap in 1 of the last 3 months.,"Dear Customer,

Customer exceeded the data cap in 1 of the last 3 months.

Based on your recent usage, our Retention Save 25pct keeps you covered.

Ooredoo",APPROVED,offline
97454138744,10GB_Aggressive_HVC,Retention,0.4028,SMS,"Customer exceeded the data cap in 3 of the last 3 months, shows elevated churn risk.","Hi! Based on your recent usage, our 10GB Aggressive HVC keeps you covered. Reply YES. Ooredoo",APPROVED,offline
97459535078,5G_Unlimited_Upgrade,Upsell,0.1331,SMS,Customer exceeded the data cap in 2 of the last 3 months.,Hi! You're using 70% of your data - 5G Unlimited Upgrade gives you more headroom. Reply YES. Ooredoo,APPROVED,offline
97457935774,Data_AddOn_5GB,NBO,0.2107,SMS,Customer exceeded the data cap in 2 of the last 3 months.,Hi! Data AddOn 5GB suits your usage. Reply YES. Ooredoo,APPROVED,offline
97452367223,Data_AddOn_5GB,NBO,0.2059,Push,Customer exceeded the data cap in 1 of the last 3 months.,Data AddOn 5GB suits your usage - tap to activate.,APPROVED,offline
97453428081,Retention_Save_25pct,Retention,0.2304,Email,Customer is 10 days from renewal.,"Dear Customer,

Customer is 10 days from renewal.

Based on your recent usage, our Retention Save 25pct keeps you covered and your renewal is in 10 days - switch with no penalty.

Ooredoo",APPROVED,offline
97455273445,Data_AddOn_5GB,NBO,0.2432,Email,Customer exceeded the data cap in 3 of the last 3 months.,"Dear Customer,

Customer exceeded the data cap in 3 of the last 3 months.

Data AddOn 5GB suits your usage.

Ooredoo",APPROVED,offline
97454184790,Retention_Save_25pct,Retention,0.3048,Email,"Customer exceeded the data cap in 1 of the last 3 months, shows elevated churn risk.","Dear Customer,

Customer exceeded the data cap in 1 of the last 3 months, shows elevated churn risk.

Based on your recent usage, our Retention Save 25pct keeps you covered.

Ooredoo",APPROVED,offline
97457681935,Data_AddOn_5GB,NBO,0.2561,SMS,Customer exceeded the data cap in 1 of the last 3 months.,Hi! Data AddOn 5GB suits your usage. Reply YES. Ooredoo,APPROVED,offline
97457689142,Retention_Save_25pct,Retention,0.1612,Push,Customer exceeded the data cap in 3 of the last 3 months.,"Based on your recent usage, our Retention Save 25pct keeps you covered - tap to activate.",APPROVED,offline
97455990961,Data_AddOn_5GB,NBO,0.1369,SMS,Customer exceeded the data cap in 2 of the last 3 months.,Hi! Data AddOn 5GB suits your usage. Reply YES. Ooredoo,APPROVED,offline
97454646804,Data_AddOn_5GB,NBO,0.1463,SMS,Customer exceeded the data cap in 3 of the last 3 months.,Hi! Data AddOn 5GB suits your usage. Reply YES. Ooredoo,APPROVED,offline
97451647296,Data_AddOn_5GB,NBO,0.1998,Email,"Customer exceeded the data cap in 1 of the last 3 months, is a heavy data user (81% of cap), logged a recent complaint.","Dear Customer,

Customer exceeded the data cap in 1 of the last 3 months, is a heavy data user (81% of cap), logged a recent complaint.

Data AddOn 5GB suits your usage.

Ooredoo",APPROVED,offline
97452549302,Data_AddOn_5GB,NBO,0.1563,Email,Customer is an active Mass customer.,"Dear Customer,

Customer is an active Mass customer.

Data AddOn 5GB suits your usage.

Ooredoo",APPROVED,offline
97454122951,Data_AddOn_5GB,NBO,0.2057,Push,Customer exceeded the data cap in 3 of the last 3 months.,Data AddOn 5GB suits your usage - tap to activate.,APPROVED,offline
97451800101,Data_AddOn_5GB,NBO,0.1482,SMS,Customer exceeded the data cap in 1 of the last 3 months.,Hi! Data AddOn 5GB suits your usage. Reply YES. Ooredoo,APPROVED,offline
97455100612,10GB_Aggressive_HVC,Retention,0.2958,SMS,"Customer shows elevated churn risk, logged a recent complaint.","Hi! Based on your recent usage, our 10GB Aggressive HVC keeps you covered. Reply YES. Ooredoo",APPROVED,offline
97456877845,Data_AddOn_5GB,NBO,0.2082,Call,"Customer exceeded the data cap in 1 of the last 3 months, logged a recent complaint.","AGENT: Customer exceeded the data cap in 1 of the last 3 months, logged a recent complaint. Recommend: Data AddOn 5GB suits your usage.",APPROVED,offline
97457014126,Data_AddOn_5GB,NBO,0.2663,Push,Customer is an active Mass customer.,Data AddOn 5GB suits your usage - tap to activate.,APPROVED,offline
97456238561,10GB_Aggressive_HVC,Retention,0.3469,Call,"Customer exceeded the data cap in 2 of the last 3 months, shows elevated churn risk, logged a recent complaint.","AGENT: Customer exceeded the data cap in 2 of the last 3 months, shows elevated churn risk, logged a recent complaint. Recommend: Based on your recent usage, our 10GB Aggressive HVC keeps you covered.",SOFTENED,offline
97457339776,Data_AddOn_5GB,NBO,0.1405,Call,Customer is an active HVC customer.,AGENT: Customer is an active HVC customer. Recommend: Data AddOn 5GB suits your usage.,APPROVED,offline
97459885366,Retention_Save_25pct,Retention,0.2254,SMS,"Customer exceeded the data cap in 1 of the last 3 months, is 16 days from renewal.","Hi! Based on your recent usage, our Retention Save 25pct keeps you covered and your renewal is in 16 days - switch with no penalty. Reply YES. Ooredoo",APPROVED,offline
97459121757,Data_AddOn_5GB,NBO,0.2051,Push,"Customer exceeded the data cap in 2 of the last 3 months, is 10 days from renewal.",Data AddOn 5GB suits your usage - tap to activate.,APPROVED,offline
97455642929,10GB_Aggressive_HVC,Retention,0.363,Push,"Customer exceeded the data cap in 1 of the last 3 months, is a heavy data user (89% of cap), shows elevated churn risk.","Based on your recent usage, our 10GB Aggressive HVC keeps you covered - tap to activate.",APPROVED,offline
97459417233,Data_AddOn_5GB,NBO,0.2676,Push,"Customer exceeded the data cap in 2 of the last 3 months, is a heavy data user (89% of cap).",Data AddOn 5GB suits your usage - tap to activate.,APPROVED,offline
97453833552,5G_Unlimited_Upgrade,Upsell,0.1297,SMS,Customer exceeded the data cap in 1 of the last 3 months.,Hi! You're using 74% of your data - 5G Unlimited Upgrade gives you more headroom. Reply YES. Ooredoo,APPROVED,offline
97458376519,Data_AddOn_5GB,NBO,0.1463,Push,Customer is an active HVC customer.,Data AddOn 5GB suits your usage - tap to activate.,APPROVED,offline
97456701934,10GB_Aggressive_HVC,Retention,0.4102,Call,"Customer exceeded the data cap in 2 of the last 3 months, is 6 days from renewal, shows elevated churn risk.","AGENT: Customer exceeded the data cap in 2 of the last 3 months, is 6 days from renewal, shows elevated churn risk. Recommend: Based on your recent usage, our 10GB Aggressive HVC keeps you covered and your renewal is in 6 days - switch with no penalty.",SOFTENED,offline
97452276647,Data_AddOn_5GB,NBO,0.1728,Email,Customer exceeded the data cap in 3 of the last 3 months.,"Dear Customer,

Customer exceeded the data cap in 3 of the last 3 months.

Data AddOn 5GB suits your usage.

Ooredoo",APPROVED,offline
97456416775,Data_AddOn_5GB,NBO,0.2138,Push,Customer is an active Mass customer.,Data AddOn 5GB suits your usage - tap to activate.,APPROVED,offline
97459704813,Data_AddOn_5GB,NBO,0.1922,Push,"Customer exceeded the data cap in 3 of the last 3 months, is 2 days from renewal.",Data AddOn 5GB suits your usage - tap to activate.,APPROVED,offline
97454045315,5G_Unlimited_Upgrade,Upsell,0.1845,Push,"Customer exceeded the data cap in 3 of the last 3 months, is a heavy data user (86% of cap).",You're using 86% of your data - 5G Unlimited Upgrade gives you more headroom - tap to activate.,APPROVED,offline
97454144480,Data_AddOn_5GB,NBO,0.2076,Push,Customer logged a recent complaint.,Data AddOn 5GB suits your usage - tap to activate.,APPROVED,offline
97454570834,10GB_Aggressive_HVC,Retention,0.355,SMS,"Customer exceeded the data cap in 3 of the last 3 months, shows elevated churn risk.","Hi! Based on your recent usage, our 10GB Aggressive HVC keeps you covered. Reply YES. Ooredoo",SOFTENED,offline
97455828761,200mins_Upsell,Upsell,0.2361,Push,"Customer exceeded the data cap in 1 of the last 3 months, is a heavy data user (92% of cap), logged a recent complaint.",You're using 92% of your data - 200mins Upsell gives you more headroom - tap to activate.,APPROVED,offline
97454940285,Retention_Save_25pct,Retention,0.1543,Call,Customer is 58 days from renewal.,"AGENT: Customer is 58 days from renewal. Recommend: Based on your recent usage, our Retention Save 25pct keeps you covered and your renewal is in 58 days - switch with no penalty.",APPROVED,offline
97457851803,Retention_Save_25pct,Retention,0.2932,SMS,"Customer exceeded the data cap in 3 of the last 3 months, is a heavy data user (93% of cap), is 57 days from renewal.","Hi! Based on your recent usage, our Retention Save 25pct keeps you covered and your renewal is in 57 days - switch with no penalty. Reply YES. Ooredoo",APPROVED,offline
97456742533,5G_Unlimited_Upgrade,Upsell,0.2189,SMS,"Customer exceeded the data cap in 2 of the last 3 months, is a heavy data user (83% of cap), is 4 days from renewal, logged a recent complaint.",Hi! You're using 83% of your data - 5G Unlimited Upgrade gives you more headroom. Reply YES. Ooredoo,APPROVED,offline
97458324222,Retention_Save_25pct,Retention,0.0854,SMS,Customer is 1 days from renewal.,"Hi! Based on your recent usage, our Retention Save 25pct keeps you covered and your renewal is in 1 days - switch with no penalty. Reply YES. Ooredoo",APPROVED,offline
97453627144,Data_AddOn_5GB,NBO,0.229,Call,"Customer exceeded the data cap in 3 of the last 3 months, is a heavy data user (84% of cap), is 10 days from renewal.","AGENT: Customer exceeded the data cap in 3 of the last 3 months, is a heavy data user (84% of cap), is 10 days from renewal. Recommend: Data AddOn 5GB suits your usage.",APPROVED,offline
97453825896,Data_AddOn_5GB,NBO,0.1737,Email,Customer exceeded the data cap in 3 of the last 3 months.,"Dear Customer,

Customer exceeded the data cap in 3 of the last 3 months.

Data AddOn 5GB suits your usage.

Ooredoo",APPROVED,offline
97455936792,Data_AddOn_5GB,NBO,0.2151,SMS,Customer exceeded the data cap in 3 of the last 3 months.,Hi! Data AddOn 5GB suits your usage. Reply YES. Ooredoo,APPROVED,offline
97455876872,Retention_Save_25pct,Retention,0.1494,Call,Customer is an active Business customer.,"AGENT: Customer is an active Business customer. Recommend: Based on your recent usage, our Retention Save 25pct keeps you covered.",APPROVED,offline
97453739956,Data_AddOn_5GB,NBO,0.1821,SMS,Customer exceeded the data cap in 2 of the last 3 months.,Hi! Data AddOn 5GB suits your usage. Reply YES. Ooredoo,APPROVED,offline
97453619980,Retention_Save_25pct,Retention,0.2124,Push,"Customer exceeded the data cap in 2 of the last 3 months, is a heavy data user (87% of cap), is 24 days from renewal.","Based on your recent usage, our Retention Save 25pct keeps you covered and your renewal is in 24 days - switch with no p",APPROVED,offline
97451721384,10GB_Aggressive_HVC,Retention,0.3179,Push,"Customer exceeded the data cap in 2 of the last 3 months, shows elevated churn risk.","Based on your recent usage, our 10GB Aggressive HVC keeps you covered - tap to activate.",SOFTENED,offline
97459908385,Data_AddOn_5GB,NBO,0.2224,Push,"Customer exceeded the data cap in 2 of the last 3 months, is 35 days from renewal.",Data AddOn 5GB suits your usage - tap to activate.,APPROVED,offline
97458716220,Data_AddOn_5GB,NBO,0.1371,Call,Customer is an active Youth customer.,AGENT: Customer is an active Youth customer. Recommend: Data AddOn 5GB suits your usage.,APPROVED,offline
97453887698,10GB_Aggressive_HVC,Retention,0.5042,SMS,"Customer exceeded the data cap in 2 of the last 3 months, is 22 days from renewal, shows elevated churn risk.","Hi! Based on your recent usage, our 10GB Aggressive HVC keeps you covered and your renewal is in 22 days - switch with no penalty. Reply YES. Ooredoo",SOFTENED,offline
97453432593,Data_AddOn_5GB,NBO,0.2175,SMS,"Customer exceeded the data cap in 2 of the last 3 months, is 50 days from renewal.",Hi! Data AddOn 5GB suits your usage. Reply YES. Ooredoo,APPROVED,offline
97455031464,Data_AddOn_5GB,NBO,0.2213,Call,"Customer exceeded the data cap in 3 of the last 3 months, is a heavy data user (86% of cap), is 33 days from renewal.","AGENT: Customer exceeded the data cap in 3 of the last 3 months, is a heavy data user (86% of cap), is 33 days from renewal. Recommend: Data AddOn 5GB suits your usage.",APPROVED,offline
97454390742,Data_AddOn_5GB,NBO,0.1476,SMS,Customer is an active Youth customer.,Hi! Data AddOn 5GB suits your usage. Reply YES. Ooredoo,APPROVED,offline
97459545106,Data_AddOn_5GB,NBO,0.1301,Call,Customer exceeded the data cap in 3 of the last 3 months.,AGENT: Customer exceeded the data cap in 3 of the last 3 months. Recommend: Data AddOn 5GB suits your usage.,APPROVED,offline
97458357804,Data_AddOn_5GB,NBO,0.2604,Call,Customer is 49 days from renewal.,AGENT: Customer is 49 days from renewal. Recommend: Data AddOn 5GB suits your usage.,APPROVED,offline
97457133066,Data_AddOn_5GB,NBO,0.2579,SMS,Customer exceeded the data cap in 3 of the last 3 months.,Hi! Data AddOn 5GB suits your usage. Reply YES. Ooredoo,APPROVED,offline
97453887296,Data_AddOn_5GB,NBO,0.2101,SMS,"Customer exceeded the data cap in 1 of the last 3 months, logged a recent complaint.",Hi! Data AddOn 5GB suits your usage. Reply YES. Ooredoo,APPROVED,offline
97457529845,5G_Unlimited_Upgrade,Upsell,0.1661,SMS,"Customer exceeded the data cap in 1 of the last 3 months, is a heavy data user (80% of cap).",Hi! You're using 80% of your data - 5G Unlimited Upgrade gives you more headroom. Reply YES. Ooredoo,APPROVED,offline
97453736582,Data_AddOn_5GB,NBO,0.1109,SMS,Customer is an active Business customer.,Hi! Data AddOn 5GB suits your usage. Reply YES. Ooredoo,APPROVED,offline
97458956056,Data_AddOn_5GB,NBO,0.2505,Call,Customer is an active Mass customer.,AGENT: Customer is an active Mass customer. Recommend: Data AddOn 5GB suits your usage.,APPROVED,offline
97452100500,Data_AddOn_5GB,NBO,0.2352,Call,"Customer exceeded the data cap in 1 of the last 3 months, is 51 days from renewal.","AGENT: Customer exceeded the data cap in 1 of the last 3 months, is 51 days from renewal. Recommend: Data AddOn 5GB suits your usage.",APPROVED,offline
97452576590,Data_AddOn_5GB,NBO,0.1818,Email,Customer is an active Mass customer.,"Dear Customer,

Customer is an active Mass customer.

Data AddOn 5GB suits your usage.

Ooredoo",APPROVED,offline
97456594176,Data_AddOn_5GB,NBO,0.1461,Push,Customer exceeded the data cap in 3 of the last 3 months.,Data AddOn 5GB suits your usage - tap to activate.,APPROVED,offline
97452961977,Retention_Save_25pct,Retention,0.2114,Call,"Customer exceeded the data cap in 3 of the last 3 months, is 40 days from renewal.","AGENT: Customer exceeded the data cap in 3 of the last 3 months, is 40 days from renewal. Recommend: Based on your recent usage, our Retention Save 25pct keeps you covered and your renewal is in 40 days - switch with no penalty.",APPROVED,offline
97458049926,Data_AddOn_5GB,NBO,0.1896,SMS,Customer exceeded the data cap in 1 of the last 3 months.,Hi! Data AddOn 5GB suits your usage. Reply YES. Ooredoo,APPROVED,offline
97455032654,Data_AddOn_5GB,NBO,0.215,SMS,Customer exceeded the data cap in 2 of the last 3 months.,Hi! Data AddOn 5GB suits your usage. Reply YES. Ooredoo,APPROVED,offline
97451664468,Data_AddOn_5GB,NBO,0.2016,Email,"Customer exceeded the data cap in 3 of the last 3 months, is 38 days from renewal.","Dear Customer,

Customer exceeded the data cap in 3 of the last 3 months, is 38 days from renewal.

Data AddOn 5GB suits your usage.

Ooredoo",APPROVED,offline
97457500242,Retention_Save_25pct,Retention,0.1927,Push,"Customer exceeded the data cap in 2 of the last 3 months, is 29 days from renewal.","Based on your recent usage, our Retention Save 25pct keeps you covered and your renewal is in 29 days - switch with no p",APPROVED,offline
97458899963,Data_AddOn_5GB,NBO,0.161,Email,Customer exceeded the data cap in 3 of the last 3 months.,"Dear Customer,

Customer exceeded the data cap in 3 of the last 3 months.

Data AddOn 5GB suits your usage.

Ooredoo",APPROVED,offline
97457978140,Data_AddOn_5GB,NBO,0.2814,Push,"Customer exceeded the data cap in 1 of the last 3 months, shows elevated churn risk, logged a recent complaint.",Data AddOn 5GB suits your usage - tap to activate.,APPROVED,offline
97454037099,Data_AddOn_5GB,NBO,0.2025,Push,Customer is an active Mass customer.,Data AddOn 5GB suits your usage - tap to activate.,APPROVED,offline
97455828426,Data_AddOn_5GB,NBO,0.2734,SMS,Customer exceeded the data cap in 3 of the last 3 months.,Hi! Data AddOn 5GB suits your usage. Reply YES. Ooredoo,APPROVED,offline
97459100706,10GB_Aggressive_HVC,Retention,0.1131,Email,"Customer exceeded the data cap in 2 of the last 3 months, logged a recent complaint.","Dear Customer,

Customer exceeded the data cap in 2 of the last 3 months, logged a recent complaint.

Based on your recent usage, our 10GB Aggressive HVC keeps you covered.

Ooredoo",APPROVED,offline
97453042823,Data_AddOn_5GB,NBO,0.1212,Push,Customer exceeded the data cap in 2 of the last 3 months.,Data AddOn 5GB suits your usage - tap to activate.,APPROVED,offline
97452048173,10GB_Aggressive_HVC,Retention,0.367,Push,"Customer exceeded the data cap in 2 of the last 3 months, shows elevated churn risk, logged a recent complaint.","Based on your recent usage, our 10GB Aggressive HVC keeps you covered - tap to activate.",SOFTENED,offline
97459379341,Data_AddOn_5GB,NBO,0.3044,Call,Customer logged a recent complaint.,AGENT: Customer logged a recent complaint. Recommend: Data AddOn 5GB suits your usage.,APPROVED,offline
97457579137,Data_AddOn_5GB,NBO,0.1954,Email,"Customer exceeded the data cap in 3 of the last 3 months, is 5 days from renewal.","Dear Customer,

Customer exceeded the data cap in 3 of the last 3 months, is 5 days from renewal.

Data AddOn 5GB suits your usage.

Ooredoo",APPROVED,offline
97452912584,Data_AddOn_5GB,NBO,0.1932,SMS,Customer exceeded the data cap in 1 of the last 3 months.,Hi! Data AddOn 5GB suits your usage. Reply YES. Ooredoo,APPROVED,offline
97454777538,Data_AddOn_5GB,NBO,0.262,Push,Customer exceeded the data cap in 1 of the last 3 months.,Data AddOn 5GB suits your usage - tap to activate.,APPROVED,offline
97451225049,Data_AddOn_5GB,NBO,0.1793,Email,Customer exceeded the data cap in 1 of the last 3 months.,"Dear Customer,

Customer exceeded the data cap in 1 of the last 3 months.

Data AddOn 5GB suits your usage.

Ooredoo",APPROVED,offline
97451747419,200mins_Upsell,Upsell,0.1584,SMS,Customer is a heavy data user (100% of cap).,Hi! You're using 100% of your data - 200mins Upsell gives you more headroom. Reply YES. Ooredoo,APPROVED,offline
97456438684,5G_Unlimited_Upgrade,Upsell,0.1668,SMS,Customer is a heavy data user (80% of cap).,Hi! You're using 80% of your data - 5G Unlimited Upgrade gives you more headroom. Reply YES. Ooredoo,APPROVED,offline
97457030489,Retention_Save_25pct,Retention,0.1721,Email,"Customer exceeded the data cap in 1 of the last 3 months, is a heavy data user (82% of cap), is 33 days from renewal.","Dear Customer,

Customer exceeded the data cap in 1 of the last 3 months, is a heavy data user (82% of cap), is 33 days from renewal.

Based on your recent usage, our Retention Save 25pct keeps you covered and your renewal is in 33 days - switch with no penalty.

Ooredoo",APPROVED,offline
97456537803,Retention_Save_25pct,Retention,0.2038,Call,"Customer exceeded the data cap in 3 of the last 3 months, is 33 days from renewal.","AGENT: Customer exceeded the data cap in 3 of the last 3 months, is 33 days from renewal. Recommend: Based on your recent usage, our Retention Save 25pct keeps you covered and your renewal is in 33 days - switch with no penalty.",APPROVED,offline
97453380932,Data_AddOn_5GB,NBO,0.1708,Email,Customer exceeded the data cap in 2 of the last 3 months.,"Dear Customer,

Customer exceeded the data cap in 2 of the last 3 months.

Data AddOn 5GB suits your usage.

Ooredoo",APPROVED,offline
97452654753,Roaming_Daily_Pass,CrossSell,0.1582,Email,"Customer exceeded the data cap in 2 of the last 3 months, logged a recent complaint.","Dear Customer,

Customer exceeded the data cap in 2 of the last 3 months, logged a recent complaint.

Add Roaming Daily Pass to get more from your plan.

Ooredoo",APPROVED,offline
97459793380,Data_AddOn_5GB,NBO,0.1963,Call,Customer exceeded the data cap in 1 of the last 3 months.,AGENT: Customer exceeded the data cap in 1 of the last 3 months. Recommend: Data AddOn 5GB suits your usage.,APPROVED,offline
97451571107,Data_AddOn_5GB,NBO,0.1919,Push,Customer is an active Mass customer.,Data AddOn 5GB suits your usage - tap to activate.,APPROVED,offline
97453086213,Data_AddOn_5GB,NBO,0.2745,Push,Customer exceeded the data cap in 3 of the last 3 months.,Data AddOn 5GB suits your usage - tap to activate.,APPROVED,offline
97454358509,Data_AddOn_5GB,NBO,0.1267,SMS,Customer is an active Youth customer.,Hi! Data AddOn 5GB suits your usage. Reply YES. Ooredoo,APPROVED,offline
97453779499,Data_AddOn_5GB,NBO,0.3502,SMS,"Customer exceeded the data cap in 3 of the last 3 months, is 48 days from renewal.",Hi! Data AddOn 5GB suits your usage. Reply YES. Ooredoo,APPROVED,offline
97458313834,Retention_Save_25pct,Retention,0.1994,Push,"Customer exceeded the data cap in 1 of the last 3 months, is 42 days from renewal.","Based on your recent usage, our Retention Save 25pct keeps you covered and your renewal is in 42 days - switch with no p",APPROVED,offline
97459937492,Data_AddOn_5GB,NBO,0.149,SMS,Customer is 43 days from renewal.,Hi! Data AddOn 5GB suits your usage. Reply YES. Ooredoo,APPROVED,offline
97452999254,Data_AddOn_5GB,NBO,0.2183,SMS,Customer exceeded the data cap in 1 of the last 3 months.,Hi! Data AddOn 5GB suits your usage. Reply YES. Ooredoo,APPROVED,offline
97456044842,Data_AddOn_5GB,NBO,0.1927,Call,"Customer exceeded the data cap in 1 of the last 3 months, is 3 days from renewal.","AGENT: Customer exceeded the data cap in 1 of the last 3 months, is 3 days from renewal. Recommend: Data AddOn 5GB suits your usage.",APPROVED,offline
97455156532,Retention_Save_25pct,Retention,0.171,Email,Customer is 48 days from renewal.,"Dear Customer,

Customer is 48 days from renewal.

Based on your recent usage, our Retention Save 25pct keeps you covered and your renewal is in 48 days - switch with no penalty.

Ooredoo",APPROVED,offline
97457592910,Retention_Save_25pct,Retention,0.2452,Call,Customer is 19 days from renewal.,"AGENT: Customer is 19 days from renewal. Recommend: Based on your recent usage, our Retention Save 25pct keeps you covered and your renewal is in 19 days - switch with no penalty.",APPROVED,offline
97456561112,Retention_Save_25pct,Retention,0.149,Call,"Customer exceeded the data cap in 1 of the last 3 months, is 30 days from renewal.","AGENT: Customer exceeded the data cap in 1 of the last 3 months, is 30 days from renewal. Recommend: Based on your recent usage, our Retention Save 25pct keeps you covered and your renewal is in 30 days - switch with no penalty.",APPROVED,offline
97456382858,Retention_Save_25pct,Retention,0.209,Push,Customer is 42 days from renewal.,"Based on your recent usage, our Retention Save 25pct keeps you covered and your renewal is in 42 days - switch with no p",APPROVED,offline
97456017650,Data_AddOn_5GB,NBO,0.1362,SMS,Customer exceeded the data cap in 1 of the last 3 months.,Hi! Data AddOn 5GB suits your usage. Reply YES. Ooredoo,APPROVED,offline
97458188238,Data_AddOn_5GB,NBO,0.2096,Call,Customer exceeded the data cap in 3 of the last 3 months.,AGENT: Customer exceeded the data cap in 3 of the last 3 months. Recommend: Data AddOn 5GB suits your usage.,APPROVED,offline
97458909699,Retention_Save_25pct,Retention,0.217,SMS,Customer is 42 days from renewal.,"Hi! Based on your recent usage, our Retention Save 25pct keeps you covered and your renewal is in 42 days - switch with no penalty. Reply YES. Ooredoo",APPROVED,offline
97454617556,Retention_Save_25pct,Retention,0.2331,Push,"Customer exceeded the data cap in 2 of the last 3 months, is 53 days from renewal, logged a recent complaint.","Based on your recent usage, our Retention Save 25pct keeps you covered and your renewal is in 53 days - switch with no p",APPROVED,offline
97451258517,10GB_Aggressive_HVC,Retention,0.1168,SMS,Customer exceeded the data cap in 1 of the last 3 months.,"Hi! Based on your recent usage, our 10GB Aggressive HVC keeps you covered. Reply YES. Ooredoo",APPROVED,offline
97457428540,Data_AddOn_5GB,NBO,0.202,SMS,Customer is an active Mass customer.,Hi! Data AddOn 5GB suits your usage. Reply YES. Ooredoo,APPROVED,offline
97451705475,Data_AddOn_5GB,NBO,0.2177,Email,Customer is an active Mass customer.,"Dear Customer,

Customer is an active Mass customer.

Data AddOn 5GB suits your usage.

Ooredoo",APPROVED,offline
97455338843,Data_AddOn_5GB,NBO,0.1084,SMS,"Customer exceeded the data cap in 2 of the last 3 months, is a heavy data user (89% of cap), is 47 days from renewal.",Hi! Data AddOn 5GB suits your usage. Reply YES. Ooredoo,APPROVED,offline
97451424226,Data_AddOn_5GB,NBO,0.2373,Email,Customer is 52 days from renewal.,"Dear Customer,

Customer is 52 days from renewal.

Data AddOn 5GB suits your usage.

Ooredoo",APPROVED,offline
97455117923,5G_Unlimited_Upgrade,Upsell,0.2126,SMS,"Customer exceeded the data cap in 1 of the last 3 months, is a heavy data user (87% of cap), logged a recent complaint.",Hi! You're using 87% of your data - 5G Unlimited Upgrade gives you more headroom. Reply YES. Ooredoo,APPROVED,offline
97456613201,Data_AddOn_5GB,NBO,0.2196,SMS,"Customer exceeded the data cap in 1 of the last 3 months, is 47 days from renewal.",Hi! Data AddOn 5GB suits your usage. Reply YES. Ooredoo,APPROVED,offline
97457303745,Data_AddOn_5GB,NBO,0.1436,Email,"Customer exceeded the data cap in 2 of the last 3 months, is 15 days from renewal.","Dear Customer,

Customer exceeded the data cap in 2 of the last 3 months, is 15 days from renewal.

Data AddOn 5GB suits your usage.

Ooredoo",APPROVED,offline
97451698956,Data_AddOn_5GB,NBO,0.1416,Push,Customer is an active HVC customer.,Data AddOn 5GB suits your usage - tap to activate.,APPROVED,offline
97454403096,Data_AddOn_5GB,NBO,0.2209,Push,"Customer exceeded the data cap in 3 of the last 3 months, logged a recent complaint.",Data AddOn 5GB suits your usage - tap to activate.,APPROVED,offline
97457278602,Data_AddOn_5GB,NBO,0.2051,SMS,Customer exceeded the data cap in 2 of the last 3 months.,Hi! Data AddOn 5GB suits your usage. Reply YES. Ooredoo,APPROVED,offline
97457143326,Data_AddOn_5GB,NBO,0.2865,SMS,Customer exceeded the data cap in 3 of the last 3 months.,Hi! Data AddOn 5GB suits your usage. Reply YES. Ooredoo,APPROVED,offline
97451175211,10GB_Aggressive_HVC,Retention,0.2462,Push,"Customer exceeded the data cap in 1 of the last 3 months, is 8 days from renewal, logged a recent complaint.","Based on your recent usage, our 10GB Aggressive HVC keeps you covered and your renewal is in 8 days - switch with no pen",APPROVED,offline
97458519817,10GB_Aggressive_HVC,Retention,0.1104,SMS,Customer exceeded the data cap in 1 of the last 3 months.,"Hi! Based on your recent usage, our 10GB Aggressive HVC keeps you covered. Reply YES. Ooredoo",APPROVED,offline
97458412620,Retention_Save_25pct,Retention,0.2097,Call,Customer is 49 days from renewal.,"AGENT: Customer is 49 days from renewal. Recommend: Based on your recent usage, our Retention Save 25pct keeps you covered and your renewal is in 49 days - switch with no penalty.",APPROVED,offline
97455257950,5G_Unlimited_Upgrade,Upsell,0.2695,Push,"Customer is a heavy data user (85% of cap), is 51 days from renewal.",You're using 85% of your data - 5G Unlimited Upgrade gives you more headroom - tap to activate.,APPROVED,offline
97459654406,Data_AddOn_5GB,NBO,0.2097,Call,"Customer exceeded the data cap in 2 of the last 3 months, logged a recent complaint.","AGENT: Customer exceeded the data cap in 2 of the last 3 months, logged a recent complaint. Recommend: Data AddOn 5GB suits your usage.",APPROVED,offline
97457048055,Data_AddOn_5GB,NBO,0.2992,SMS,Customer exceeded the data cap in 1 of the last 3 months.,Hi! Data AddOn 5GB suits your usage. Reply YES. Ooredoo,APPROVED,offline
97452883376,Retention_Save_25pct,Retention,0.1995,Push,"Customer exceeded the data cap in 3 of the last 3 months, is 56 days from renewal.","Based on your recent usage, our Retention Save 25pct keeps you covered and your renewal is in 56 days - switch with no p",APPROVED,offline
97454891113,Retention_Save_25pct,Retention,0.2298,SMS,"Customer is 18 days from renewal, logged a recent complaint.","Hi! Based on your recent usage, our Retention Save 25pct keeps you covered and your renewal is in 18 days - switch with no penalty. Reply YES. Ooredoo",APPROVED,offline
97458020988,Data_AddOn_5GB,NBO,0.2032,Push,Customer exceeded the data cap in 1 of the last 3 months.,Data AddOn 5GB suits your usage - tap to activate.,APPROVED,offline
97459544291,Data_AddOn_5GB,NBO,0.2086,SMS,Customer is a heavy data user (85% of cap).,Hi! Data AddOn 5GB suits your usage. Reply YES. Ooredoo,APPROVED,offline
97455730741,Retention_Save_25pct,Retention,0.2708,Call,Customer is 13 days from renewal.,"AGENT: Customer is 13 days from renewal. Recommend: Based on your recent usage, our Retention Save 25pct keeps you covered and your renewal is in 13 days - switch with no penalty.",APPROVED,offline
97456605126,Retention_Save_25pct,Retention,0.2138,Call,Customer is an active Business customer.,"AGENT: Customer is an active Business customer. Recommend: Based on your recent usage, our Retention Save 25pct keeps you covered.",APPROVED,offline
97452906039,Data_AddOn_5GB,NBO,0.275,SMS,Customer is an active Mass customer.,Hi! Data AddOn 5GB suits your usage. Reply YES. Ooredoo,APPROVED,offline
97452455465,Data_AddOn_5GB,NBO,0.1136,Push,Customer exceeded the data cap in 3 of the last 3 months.,Data AddOn 5GB suits your usage - tap to activate.,APPROVED,offline
97451211830,Retention_Save_25pct,Retention,0.2084,SMS,"Customer exceeded the data cap in 3 of the last 3 months, is 57 days from renewal.","Hi! Based on your recent usage, our Retention Save 25pct keeps you covered and your renewal is in 57 days - switch with no penalty. Reply YES. Ooredoo",APPROVED,offline
97456439381,Data_AddOn_5GB,NBO,0.1946,SMS,Customer exceeded the data cap in 3 of the last 3 months.,Hi! Data AddOn 5GB suits your usage. Reply YES. Ooredoo,APPROVED,offline
97456987029,Retention_Save_25pct,Retention,0.2061,SMS,"Customer exceeded the data cap in 3 of the last 3 months, is 49 days from renewal.","Hi! Based on your recent usage, our Retention Save 25pct keeps you covered and your renewal is in 49 days - switch with no penalty. Reply YES. Ooredoo",APPROVED,offline
97457516616,Data_AddOn_5GB,NBO,0.1415,SMS,Customer exceeded the data cap in 3 of the last 3 months.,Hi! Data AddOn 5GB suits your usage. Reply YES. Ooredoo,APPROVED,offline
97454329049,Data_AddOn_5GB,NBO,0.1507,SMS,Customer exceeded the data cap in 3 of the last 3 months.,Hi! Data AddOn 5GB suits your usage. Reply YES. Ooredoo,APPROVED,offline
97455755976,Data_AddOn_5GB,NBO,0.2064,SMS,Customer exceeded the data cap in 1 of the last 3 months.,Hi! Data AddOn 5GB suits your usage. Reply YES. Ooredoo,APPROVED,offline
97459910606,Data_AddOn_5GB,NBO,0.206,Push,Customer exceeded the data cap in 2 of the last 3 months.,Data AddOn 5GB suits your usage - tap to activate.,APPROVED,offline
97457897673,Data_AddOn_5GB,NBO,0.2287,Call,"Customer exceeded the data cap in 2 of the last 3 months, is a heavy data user (84% of cap), is 23 days from renewal.","AGENT: Customer exceeded the data cap in 2 of the last 3 months, is a heavy data user (84% of cap), is 23 days from renewal. Recommend: Data AddOn 5GB suits your usage.",APPROVED,offline
97454746169,Retention_Save_25pct,Retention,0.3637,SMS,"Customer exceeded the data cap in 2 of the last 3 months, shows elevated churn risk, logged a recent complaint.","Hi! Based on your recent usage, our Retention Save 25pct keeps you covered. Reply YES. Ooredoo",APPROVED,offline
97457002296,Data_AddOn_5GB,NBO,0.2618,Push,Customer is an active Mass customer.,Data AddOn 5GB suits your usage - tap to activate.,APPROVED,offline
97451075388,Data_AddOn_5GB,NBO,0.2248,Call,"Customer exceeded the data cap in 2 of the last 3 months, is 42 days from renewal.","AGENT: Customer exceeded the data cap in 2 of the last 3 months, is 42 days from renewal. Recommend: Data AddOn 5GB suits your usage.",APPROVED,offline
97457810183,Data_AddOn_5GB,NBO,0.2073,SMS,Customer exceeded the data cap in 1 of the last 3 months.,Hi! Data AddOn 5GB suits your usage. Reply YES. Ooredoo,APPROVED,offline
97452775767,10GB_Aggressive_HVC,Retention,0.1665,SMS,"Customer exceeded the data cap in 2 of the last 3 months, is 39 days from renewal.","Hi! Based on your recent usage, our 10GB Aggressive HVC keeps you covered and your renewal is in 39 days - switch with no penalty. Reply YES. Ooredoo",APPROVED,offline
97458983823,Data_AddOn_5GB,NBO,0.1252,Call,"Customer exceeded the data cap in 1 of the last 3 months, is a heavy data user (82% of cap).","AGENT: Customer exceeded the data cap in 1 of the last 3 months, is a heavy data user (82% of cap). Recommend: Data AddOn 5GB suits your usage.",APPROVED,offline
97459373296,Data_AddOn_5GB,NBO,0.3207,SMS,Customer is 19 days from renewal.,Hi! Data AddOn 5GB suits your usage. Reply YES. Ooredoo,APPROVED,offline
97458467866,Roaming_Daily_Pass,CrossSell,0.1283,SMS,Customer exceeded the data cap in 3 of the last 3 months.,Hi! Add Roaming Daily Pass to get more from your plan. Reply YES. Ooredoo,APPROVED,offline
97456494339,Data_AddOn_5GB,NBO,0.1317,SMS,Customer is an active HVC customer.,Hi! Data AddOn 5GB suits your usage. Reply YES. Ooredoo,APPROVED,offline
97456877809,5G_Unlimited_Upgrade,Upsell,0.112,Call,Customer exceeded the data cap in 3 of the last 3 months.,AGENT: Customer exceeded the data cap in 3 of the last 3 months. Recommend: You're using 68% of your data - 5G Unlimited Upgrade gives you more headroom.,APPROVED,offline
97457396567,Data_AddOn_5GB,NBO,0.2008,SMS,"Customer exceeded the data cap in 3 of the last 3 months, is 21 days from renewal.",Hi! Data AddOn 5GB suits your usage. Reply YES. Ooredoo,APPROVED,offline
97459002619,Data_AddOn_5GB,NBO,0.2209,SMS,Customer exceeded the data cap in 2 of the last 3 months.,Hi! Data AddOn 5GB suits your usage. Reply YES. Ooredoo,APPROVED,offline
97455021080,10GB_Aggressive_HVC,Retention,0.2136,SMS,Customer is 4 days from renewal.,"Hi! Based on your recent usage, our 10GB Aggressive HVC keeps you covered and your renewal is in 4 days - switch with no penalty. Reply YES. Ooredoo",APPROVED,offline
97458667857,Retention_Save_25pct,Retention,0.2672,Email,"Customer exceeded the data cap in 1 of the last 3 months, shows elevated churn risk, logged a recent complaint.","Dear Customer,

Customer exceeded the data cap in 1 of the last 3 months, shows elevated churn risk, logged a recent complaint.

Based on your recent usage, our Retention Save 25pct keeps you covered.

Ooredoo",APPROVED,offline
97455428690,10GB_Aggressive_HVC,Retention,0.2293,Call,Customer is 6 days from renewal.,"AGENT: Customer is 6 days from renewal. Recommend: Based on your recent usage, our 10GB Aggressive HVC keeps you covered and your renewal is in 6 days - switch with no penalty.",APPROVED,offline
97456439433,200mins_Upsell,Upsell,0.228,SMS,Customer is a heavy data user (92% of cap).,Hi! You're using 92% of your data - 200mins Upsell gives you more headroom. Reply YES. Ooredoo,APPROVED,offline
97459889782,Data_AddOn_5GB,NBO,0.1992,Push,Customer exceeded the data cap in 2 of the last 3 months.,Data AddOn 5GB suits your usage - tap to activate.,APPROVED,offline
97453881777,Data_AddOn_5GB,NBO,0.2155,Push,Customer exceeded the data cap in 3 of the last 3 months.,Data AddOn 5GB suits your usage - tap to activate.,APPROVED,offline
97453748996,Data_AddOn_5GB,NBO,0.1391,Push,Customer exceeded the data cap in 2 of the last 3 months.,Data AddOn 5GB suits your usage - tap to activate.,APPROVED,offline
97451195246,Retention_Save_25pct,Retention,0.2253,Call,"Customer exceeded the data cap in 1 of the last 3 months, is a heavy data user (80% of cap), is 26 days from renewal.","AGENT: Customer exceeded the data cap in 1 of the last 3 months, is a heavy data user (80% of cap), is 26 days from renewal. Recommend: Based on your recent usage, our Retention Save 25pct keeps you covered and your renewal is in 26 days - switch with no penalty.",APPROVED,offline
97454696176,Data_AddOn_5GB,NBO,0.269,Push,"Customer exceeded the data cap in 1 of the last 3 months, is 17 days from renewal.",Data AddOn 5GB suits your usage - tap to activate.,APPROVED,offline
97459899691,Data_AddOn_5GB,NBO,0.1439,Push,Customer exceeded the data cap in 2 of the last 3 months.,Data AddOn 5GB suits your usage - tap to activate.,APPROVED,offline
97452012384,Data_AddOn_5GB,NBO,0.2282,Push,"Customer exceeded the data cap in 2 of the last 3 months, logged a recent complaint.",Data AddOn 5GB suits your usage - tap to activate.,APPROVED,offline
97459143478,Retention_Save_25pct,Retention,0.2464,Push,"Customer exceeded the data cap in 3 of the last 3 months, is 38 days from renewal.","Based on your recent usage, our Retention Save 25pct keeps you covered and your renewal is in 38 days - switch with no p",APPROVED,offline
97451866964,Data_AddOn_5GB,NBO,0.142,Call,"Customer exceeded the data cap in 2 of the last 3 months, logged a recent complaint.","AGENT: Customer exceeded the data cap in 2 of the last 3 months, logged a recent complaint. Recommend: Data AddOn 5GB suits your usage.",APPROVED,offline
97459437712,Data_AddOn_5GB,NBO,0.2134,Push,Customer exceeded the data cap in 1 of the last 3 months.,Data AddOn 5GB suits your usage - tap to activate.,APPROVED,offline
97451863663,Data_AddOn_5GB,NBO,0.21,SMS,Customer is an active Mass customer.,Hi! Data AddOn 5GB suits your usage. Reply YES. Ooredoo,APPROVED,offline
97456783182,Data_AddOn_5GB,NBO,0.1892,Email,"Customer exceeded the data cap in 3 of the last 3 months, logged a recent complaint.","Dear Customer,

Customer exceeded the data cap in 3 of the last 3 months, logged a recent complaint.

Data AddOn 5GB suits your usage.

Ooredoo",APPROVED,offline
97457980571,Retention_Save_25pct,Retention,0.218,SMS,"Customer exceeded the data cap in 2 of the last 3 months, is 59 days from renewal.","Hi! Based on your recent usage, our Retention Save 25pct keeps you covered and your renewal is in 59 days - switch with no penalty. Reply YES. Ooredoo",APPROVED,offline
97456334538,Data_AddOn_5GB,NBO,0.1982,Email,"Customer exceeded the data cap in 2 of the last 3 months, is a heavy data user (85% of cap).","Dear Customer,

Customer exceeded the data cap in 2 of the last 3 months, is a heavy data user (85% of cap).

Data AddOn 5GB suits your usage.

Ooredoo",APPROVED,offline
97457349449,10GB_Aggressive_HVC,Retention,0.2866,SMS,"Customer exceeded the data cap in 1 of the last 3 months, shows elevated churn risk, logged a recent complaint.","Hi! Based on your recent usage, our 10GB Aggressive HVC keeps you covered. Reply YES. Ooredoo",APPROVED,offline
97452206861,200mins_Upsell,Upsell,0.2278,Push,"Customer exceeded the data cap in 3 of the last 3 months, is a heavy data user (81% of cap).",You're using 81% of your data - 200mins Upsell gives you more headroom - tap to activate.,APPROVED,offline
97454119612,Data_AddOn_5GB,NBO,0.2149,Push,Customer is an active Mass customer.,Data AddOn 5GB suits your usage - tap to activate.,APPROVED,offline
97453891005,Data_AddOn_5GB,NBO,0.2039,Push,"Customer exceeded the data cap in 2 of the last 3 months, is 53 days from renewal.",Data AddOn 5GB suits your usage - tap to activate.,APPROVED,offline
97455936600,Data_AddOn_5GB,NBO,0.2424,SMS,"Customer exceeded the data cap in 2 of the last 3 months, is a heavy data user (86% of cap), is 13 days from renewal.",Hi! Data AddOn 5GB suits your usage. Reply YES. Ooredoo,APPROVED,offline
97455736319,Data_AddOn_5GB,NBO,0.1773,Email,Customer exceeded the data cap in 3 of the last 3 months.,"Dear Customer,

Customer exceeded the data cap in 3 of the last 3 months.

Data AddOn 5GB suits your usage.

Ooredoo",APPROVED,offline
97451257681,Retention_Save_25pct,Retention,0.1862,Email,"Customer exceeded the data cap in 3 of the last 3 months, is 4 days from renewal, logged a recent complaint.","Dear Customer,

Customer exceeded the data cap in 3 of the last 3 months, is 4 days from renewal, logged a recent complaint.

Based on your recent usage, our Retention Save 25pct keeps you covered and your renewal is in 4 days - switch with no penalty.

Ooredoo",APPROVED,offline
97459482626,Data_AddOn_5GB,NBO,0.1974,SMS,Customer is 34 days from renewal.,Hi! Data AddOn 5GB suits your usage. Reply YES. Ooredoo,APPROVED,offline
97456629481,Data_AddOn_5GB,NBO,0.1488,SMS,Customer exceeded the data cap in 3 of the last 3 months.,Hi! Data AddOn 5GB suits your usage. Reply YES. Ooredoo,APPROVED,offline
97453054780,Retention_Save_25pct,Retention,0.1909,SMS,"Customer exceeded the data cap in 2 of the last 3 months, is 13 days from renewal.","Hi! Based on your recent usage, our Retention Save 25pct keeps you covered and your renewal is in 13 days - switch with no penalty. Reply YES. Ooredoo",APPROVED,offline
97458991208,Data_AddOn_5GB,NBO,0.2237,SMS,Customer exceeded the data cap in 2 of the last 3 months.,Hi! Data AddOn 5GB suits your usage. Reply YES. Ooredoo,APPROVED,offline
97455423408,Data_AddOn_5GB,NBO,0.2237,SMS,Customer exceeded the data cap in 3 of the last 3 months.,Hi! Data AddOn 5GB suits your usage. Reply YES. Ooredoo,APPROVED,offline
97451842186,Data_AddOn_5GB,NBO,0.1283,Push,Customer is an active Youth customer.,Data AddOn 5GB suits your usage - tap to activate.,APPROVED,offline
97456352727,10GB_Aggressive_HVC,Retention,0.2422,Call,"Customer is a heavy data user (93% of cap), is 8 days from renewal.","AGENT: Customer is a heavy data user (93% of cap), is 8 days from renewal. Recommend: Based on your recent usage, our 10GB Aggressive HVC keeps you covered and your renewal is in 8 days - switch with no penalty.",APPROVED,offline
97458116355,Data_AddOn_5GB,NBO,0.2091,SMS,Customer exceeded the data cap in 3 of the last 3 months.,Hi! Data AddOn 5GB suits your usage. Reply YES. Ooredoo,APPROVED,offline
97458226585,Data_AddOn_5GB,NBO,0.2139,Call,Customer is 34 days from renewal.,AGENT: Customer is 34 days from renewal. Recommend: Data AddOn 5GB suits your usage.,APPROVED,offline
97456538917,Data_AddOn_5GB,NBO,0.2144,Call,Customer exceeded the data cap in 2 of the last 3 months.,AGENT: Customer exceeded the data cap in 2 of the last 3 months. Recommend: Data AddOn 5GB suits your usage.,APPROVED,offline
97452124905,Data_AddOn_5GB,NBO,0.2724,SMS,Customer exceeded the data cap in 2 of the last 3 months.,Hi! Data AddOn 5GB suits your usage. Reply YES. Ooredoo,APPROVED,offline
97454105958,Data_AddOn_5GB,NBO,0.219,SMS,Customer logged a recent complaint.,Hi! Data AddOn 5GB suits your usage. Reply YES. Ooredoo,APPROVED,offline
97456559277,Data_AddOn_5GB,NBO,0.2247,SMS,Customer is a heavy data user (85% of cap).,Hi! Data AddOn 5GB suits your usage. Reply YES. Ooredoo,APPROVED,offline
97454258084,Retention_Save_25pct,Retention,0.2529,SMS,"Customer exceeded the data cap in 2 of the last 3 months, shows elevated churn risk.","Hi! Based on your recent usage, our Retention Save 25pct keeps you covered. Reply YES. Ooredoo",APPROVED,offline
97459593059,Roaming_Daily_Pass,CrossSell,0.1901,Call,Customer is an active Youth customer.,AGENT: Customer is an active Youth customer. Recommend: Add Roaming Daily Pass to get more from your plan.,APPROVED,offline
97452980290,5G_Unlimited_Upgrade,Upsell,0.1329,Push,Customer is an active Youth customer.,You're using 77% of your data - 5G Unlimited Upgrade gives you more headroom - tap to activate.,APPROVED,offline
97451403322,Data_AddOn_5GB,NBO,0.2032,SMS,Customer is an active Mass customer.,Hi! Data AddOn 5GB suits your usage. Reply YES. Ooredoo,APPROVED,offline
97455310796,Data_AddOn_5GB,NBO,0.1275,Email,Customer exceeded the data cap in 1 of the last 3 months.,"Dear Customer,

Customer exceeded the data cap in 1 of the last 3 months.

Data AddOn 5GB suits your usage.

Ooredoo",APPROVED,offline
97456181057,Retention_Save_25pct,Retention,0.3396,Email,"Customer exceeded the data cap in 1 of the last 3 months, shows elevated churn risk, logged a recent complaint.","Dear Customer,

Customer exceeded the data cap in 1 of the last 3 months, shows elevated churn risk, logged a recent complaint.

Based on your recent usage, our Retention Save 25pct keeps you covered.

Ooredoo",APPROVED,offline
97458017403,Data_AddOn_5GB,NBO,0.1469,Call,Customer is an active Youth customer.,AGENT: Customer is an active Youth customer. Recommend: Data AddOn 5GB suits your usage.,APPROVED,offline
97455077716,Data_AddOn_5GB,NBO,0.2231,SMS,Customer is 44 days from renewal.,Hi! Data AddOn 5GB suits your usage. Reply YES. Ooredoo,APPROVED,offline
97457941447,10GB_Aggressive_HVC,Retention,0.1387,Push,Customer is an active Youth customer.,"Based on your recent usage, our 10GB Aggressive HVC keeps you covered - tap to activate.",APPROVED,offline
97456037285,Data_AddOn_5GB,NBO,0.2141,SMS,Customer exceeded the data cap in 3 of the last 3 months.,Hi! Data AddOn 5GB suits your usage. Reply YES. Ooredoo,APPROVED,offline
97452908802,Data_AddOn_5GB,NBO,0.1279,Email,"Customer exceeded the data cap in 1 of the last 3 months, logged a recent complaint.","Dear Customer,

Customer exceeded the data cap in 1 of the last 3 months, logged a recent complaint.

Data AddOn 5GB suits your usage.

Ooredoo",APPROVED,offline
97458334901,Data_AddOn_5GB,NBO,0.2578,SMS,"Customer exceeded the data cap in 1 of the last 3 months, is 4 days from renewal.",Hi! Data AddOn 5GB suits your usage. Reply YES. Ooredoo,APPROVED,offline
97452548075,Data_AddOn_5GB,NBO,0.1958,SMS,Customer is an active Mass customer.,Hi! Data AddOn 5GB suits your usage. Reply YES. Ooredoo,APPROVED,offline
97451493948,Data_AddOn_5GB,NBO,0.1348,Push,Customer is an active HVC customer.,Data AddOn 5GB suits your usage - tap to activate.,APPROVED,offline
97455168962,Data_AddOn_5GB,NBO,0.2041,Call,Customer exceeded the data cap in 2 of the last 3 months.,AGENT: Customer exceeded the data cap in 2 of the last 3 months. Recommend: Data AddOn 5GB suits your usage.,APPROVED,offline
97457520645,Data_AddOn_5GB,NBO,0.1951,Call,"Customer exceeded the data cap in 1 of the last 3 months, is 3 days from renewal.","AGENT: Customer exceeded the data cap in 1 of the last 3 months, is 3 days from renewal. Recommend: Data AddOn 5GB suits your usage.",APPROVED,offline
97457689921,Roaming_Daily_Pass,CrossSell,0.1699,SMS,Customer logged a recent complaint.,Hi! Add Roaming Daily Pass to get more from your plan. Reply YES. Ooredoo,APPROVED,offline
97459383190,Retention_Save_25pct,Retention,0.3327,SMS,"Customer exceeded the data cap in 2 of the last 3 months, shows elevated churn risk.","Hi! Based on your recent usage, our Retention Save 25pct keeps you covered. Reply YES. Ooredoo",APPROVED,offline
97458228161,Data_AddOn_5GB,NBO,0.1344,SMS,Customer exceeded the data cap in 1 of the last 3 months.,Hi! Data AddOn 5GB suits your usage. Reply YES. Ooredoo,APPROVED,offline
97451780641,Retention_Save_25pct,Retention,0.2353,SMS,"Customer exceeded the data cap in 1 of the last 3 months, is 16 days from renewal.","Hi! Based on your recent usage, our Retention Save 25pct keeps you covered and your renewal is in 16 days - switch with no penalty. Reply YES. Ooredoo",APPROVED,offline
97455466134,Data_AddOn_5GB,NBO,0.1191,Email,Customer exceeded the data cap in 1 of the last 3 months.,"Dear Customer,

Customer exceeded the data cap in 1 of the last 3 months.

Data AddOn 5GB suits your usage.

Ooredoo",APPROVED,offline
97452554205,5G_Unlimited_Upgrade,Upsell,0.1136,Email,Customer is an active HVC customer.,"Dear Customer,

Customer is an active HVC customer.

You're using 72% of your data - 5G Unlimited Upgrade gives you more headroom.

Ooredoo",APPROVED,offline
97457606963,Retention_Save_25pct,Retention,0.2403,SMS,"Customer exceeded the data cap in 1 of the last 3 months, is 15 days from renewal.","Hi! Based on your recent usage, our Retention Save 25pct keeps you covered and your renewal is in 15 days - switch with no penalty. Reply YES. Ooredoo",APPROVED,offline
97457651143,Data_AddOn_5GB,NBO,0.2125,Push,Customer exceeded the data cap in 3 of the last 3 months.,Data AddOn 5GB suits your usage - tap to activate.,APPROVED,offline
97453551331,Data_AddOn_5GB,NBO,0.2151,Push,"Customer exceeded the data cap in 3 of the last 3 months, logged a recent complaint.",Data AddOn 5GB suits your usage - tap to activate.,APPROVED,offline
97454127748,Retention_Save_25pct,Retention,0.1864,Email,"Customer exceeded the data cap in 1 of the last 3 months, is 51 days from renewal.","Dear Customer,

Customer exceeded the data cap in 1 of the last 3 months, is 51 days from renewal.

Based on your recent usage, our Retention Save 25pct keeps you covered and your renewal is in 51 days - switch with no penalty.

Ooredoo",APPROVED,offline
97455001070,Data_AddOn_5GB,NBO,0.1937,Email,Customer exceeded the data cap in 3 of the last 3 months.,"Dear Customer,

Customer exceeded the data cap in 3 of the last 3 months.

Data AddOn 5GB suits your usage.

Ooredoo",APPROVED,offline
97458365624,Data_AddOn_5GB,NBO,0.224,SMS,Customer exceeded the data cap in 3 of the last 3 months.,Hi! Data AddOn 5GB suits your usage. Reply YES. Ooredoo,APPROVED,offline
97453883791,Roaming_Daily_Pass,CrossSell,0.1778,Push,Customer exceeded the data cap in 2 of the last 3 months.,Add Roaming Daily Pass to get more from your plan - tap to activate.,APPROVED,offline
97454496605,Data_AddOn_5GB,NBO,0.2219,SMS,"Customer exceeded the data cap in 2 of the last 3 months, is 49 days from renewal.",Hi! Data AddOn 5GB suits your usage. Reply YES. Ooredoo,APPROVED,offline
97455948600,10GB_Aggressive_HVC,Retention,0.1627,SMS,Customer exceeded the data cap in 1 of the last 3 months.,"Hi! Based on your recent usage, our 10GB Aggressive HVC keeps you covered. Reply YES. Ooredoo",APPROVED,offline
97457416438,10GB_Aggressive_HVC,Retention,0.3072,Push,"Customer exceeded the data cap in 2 of the last 3 months, shows elevated churn risk.","Based on your recent usage, our 10GB Aggressive HVC keeps you covered - tap to activate.",APPROVED,offline
97456311499,Data_AddOn_5GB,NBO,0.219,Push,Customer exceeded the data cap in 3 of the last 3 months.,Data AddOn 5GB suits your usage - tap to activate.,APPROVED,offline
97451308623,Data_AddOn_5GB,NBO,0.1321,Push,Customer is an active HVC customer.,Data AddOn 5GB suits your usage - tap to activate.,APPROVED,offline
97454647371,Data_AddOn_5GB,NBO,0.1457,Push,Customer is an active HVC customer.,Data AddOn 5GB suits your usage - tap to activate.,APPROVED,offline
97454296903,Data_AddOn_5GB,NBO,0.1859,Call,Customer exceeded the data cap in 3 of the last 3 months.,AGENT: Customer exceeded the data cap in 3 of the last 3 months. Recommend: Data AddOn 5GB suits your usage.,APPROVED,offline
97456998223,Data_AddOn_5GB,NBO,0.2261,Push,Customer is an active Mass customer.,Data AddOn 5GB suits your usage - tap to activate.,APPROVED,offline
97452147116,Data_AddOn_5GB,NBO,0.1991,Push,"Customer exceeded the data cap in 2 of the last 3 months, logged a recent complaint.",Data AddOn 5GB suits your usage - tap to activate.,APPROVED,offline
97454772763,Data_AddOn_5GB,NBO,0.2122,Call,Customer exceeded the data cap in 2 of the last 3 months.,AGENT: Customer exceeded the data cap in 2 of the last 3 months. Recommend: Data AddOn 5GB suits your usage.,APPROVED,offline
97457478450,Data_AddOn_5GB,NBO,0.2022,SMS,Customer exceeded the data cap in 2 of the last 3 months.,Hi! Data AddOn 5GB suits your usage. Reply YES. Ooredoo,APPROVED,offline
97451310375,200mins_Upsell,Upsell,0.4397,Push,"Customer exceeded the data cap in 2 of the last 3 months, is a heavy data user (93% of cap).",You're using 93% of your data - 200mins Upsell gives you more headroom - tap to activate.,APPROVED,offline
97453126453,Retention_Save_25pct,Retention,0.1803,SMS,Customer is an active Youth customer.,"Hi! Based on your recent usage, our Retention Save 25pct keeps you covered. Reply YES. Ooredoo",APPROVED,offline
97452271300,Data_AddOn_5GB,NBO,0.2214,SMS,Customer is an active Mass customer.,Hi! Data AddOn 5GB suits your usage. Reply YES. Ooredoo,APPROVED,offline
97456238631,Data_AddOn_5GB,NBO,0.159,SMS,"Customer exceeded the data cap in 1 of the last 3 months, is 16 days from renewal.",Hi! Data AddOn 5GB suits your usage. Reply YES. Ooredoo,APPROVED,offline
97454842411,Data_AddOn_5GB,NBO,0.132,Call,"Customer exceeded the data cap in 2 of the last 3 months, is a heavy data user (90% of cap).","AGENT: Customer exceeded the data cap in 2 of the last 3 months, is a heavy data user (90% of cap). Recommend: Data AddOn 5GB suits your usage.",APPROVED,offline
97457310208,10GB_Aggressive_HVC,Retention,0.2703,Email,"Customer exceeded the data cap in 1 of the last 3 months, shows elevated churn risk.","Dear Customer,

Customer exceeded the data cap in 1 of the last 3 months, shows elevated churn risk.

Based on your recent usage, our 10GB Aggressive HVC keeps you covered.

Ooredoo",APPROVED,offline
97457127764,Data_AddOn_5GB,NBO,0.178,Call,"Customer exceeded the data cap in 1 of the last 3 months, is 28 days from renewal.","AGENT: Customer exceeded the data cap in 1 of the last 3 months, is 28 days from renewal. Recommend: Data AddOn 5GB suits your usage.",APPROVED,offline
97456859046,Data_AddOn_5GB,NBO,0.2028,Call,Customer exceeded the data cap in 2 of the last 3 months.,AGENT: Customer exceeded the data cap in 2 of the last 3 months. Recommend: Data AddOn 5GB suits your usage.,APPROVED,offline
97457034207,10GB_Aggressive_HVC,Retention,0.2695,Push,"Customer exceeded the data cap in 1 of the last 3 months, is 6 days from renewal, logged a recent complaint.","Based on your recent usage, our 10GB Aggressive HVC keeps you covered and your renewal is in 6 days - switch with no pen",APPROVED,offline
97458940879,Data_AddOn_5GB,NBO,0.1374,SMS,Customer exceeded the data cap in 2 of the last 3 months.,Hi! Data AddOn 5GB suits your usage. Reply YES. Ooredoo,APPROVED,offline
97454341861,5G_Unlimited_Upgrade,Upsell,0.1432,SMS,"Customer exceeded the data cap in 1 of the last 3 months, logged a recent complaint.",Hi! You're using 71% of your data - 5G Unlimited Upgrade gives you more headroom. Reply YES. Ooredoo,APPROVED,offline
97458359201,Data_AddOn_5GB,NBO,0.1905,Push,Customer exceeded the data cap in 3 of the last 3 months.,Data AddOn 5GB suits your usage - tap to activate.,APPROVED,offline
97453615804,200mins_Upsell,Upsell,0.1679,Push,Customer is a heavy data user (97% of cap).,You're using 97% of your data - 200mins Upsell gives you more headroom - tap to activate.,APPROVED,offline
97455312717,Data_AddOn_5GB,NBO,0.2967,Push,"Customer exceeded the data cap in 2 of the last 3 months, is a heavy data user (84% of cap), is 28 days from renewal.",Data AddOn 5GB suits your usage - tap to activate.,APPROVED,offline
97452982243,Data_AddOn_5GB,NBO,0.2676,SMS,Customer exceeded the data cap in 1 of the last 3 months.,Hi! Data AddOn 5GB suits your usage. Reply YES. Ooredoo,APPROVED,offline
97454413654,10GB_Aggressive_HVC,Retention,0.309,Push,"Customer exceeded the data cap in 3 of the last 3 months, shows elevated churn risk, logged a recent complaint.","Based on your recent usage, our 10GB Aggressive HVC keeps you covered - tap to activate.",APPROVED,offline
97456986417,Data_AddOn_5GB,NBO,0.2028,Call,Customer exceeded the data cap in 2 of the last 3 months.,AGENT: Customer exceeded the data cap in 2 of the last 3 months. Recommend: Data AddOn 5GB suits your usage.,APPROVED,offline
97458863020,Data_AddOn_5GB,NBO,0.1516,Call,"Customer exceeded the data cap in 2 of the last 3 months, logged a recent complaint.","AGENT: Customer exceeded the data cap in 2 of the last 3 months, logged a recent complaint. Recommend: Data AddOn 5GB suits your usage.",APPROVED,offline
97454270209,Data_AddOn_5GB,NBO,0.4138,Push,"Customer exceeded the data cap in 3 of the last 3 months, is a heavy data user (91% of cap), is 25 days from renewal.",Data AddOn 5GB suits your usage - tap to activate.,APPROVED,offline
97459604008,Data_AddOn_5GB,NBO,0.2598,Email,Customer exceeded the data cap in 2 of the last 3 months.,"Dear Customer,

Customer exceeded the data cap in 2 of the last 3 months.

Data AddOn 5GB suits your usage.

Ooredoo",APPROVED,offline
97458323988,10GB_Aggressive_HVC,Retention,0.1893,SMS,"Customer exceeded the data cap in 2 of the last 3 months, is 6 days from renewal.","Hi! Based on your recent usage, our 10GB Aggressive HVC keeps you covered and your renewal is in 6 days - switch with no penalty. Reply YES. Ooredoo",APPROVED,offline
97454324664,5G_Unlimited_Upgrade,Upsell,0.2666,SMS,"Customer exceeded the data cap in 1 of the last 3 months, is a heavy data user (82% of cap).",Hi! You're using 82% of your data - 5G Unlimited Upgrade gives you more headroom. Reply YES. Ooredoo,APPROVED,offline
97459210880,Data_AddOn_5GB,NBO,0.2539,SMS,Customer exceeded the data cap in 3 of the last 3 months.,Hi! Data AddOn 5GB suits your usage. Reply YES. Ooredoo,APPROVED,offline
97454594058,10GB_Aggressive_HVC,Retention,0.2201,Email,"Customer exceeded the data cap in 3 of the last 3 months, is 1 days from renewal, shows elevated churn risk.","Dear Customer,

Customer exceeded the data cap in 3 of the last 3 months, is 1 days from renewal, shows elevated churn risk.

Based on your recent usage, our 10GB Aggressive HVC keeps you covered and your renewal is in 1 days - switch with no penalty.

Ooredoo",APPROVED,offline
97455584258,Data_AddOn_5GB,NBO,0.2133,Call,Customer is an active Mass customer.,AGENT: Customer is an active Mass customer. Recommend: Data AddOn 5GB suits your usage.,APPROVED,offline
97459117654,Data_AddOn_5GB,NBO,0.2583,SMS,"Customer exceeded the data cap in 3 of the last 3 months, logged a recent complaint.",Hi! Data AddOn 5GB suits your usage. Reply YES. Ooredoo,APPROVED,offline
97455212377,Roaming_Daily_Pass,CrossSell,0.1829,Push,Customer exceeded the data cap in 2 of the last 3 months.,Add Roaming Daily Pass to get more from your plan - tap to activate.,APPROVED,offline
97451233782,Data_AddOn_5GB,NBO,0.2128,Email,Customer exceeded the data cap in 1 of the last 3 months.,"Dear Customer,

Customer exceeded the data cap in 1 of the last 3 months.

Data AddOn 5GB suits your usage.

Ooredoo",APPROVED,offline
97457906117,200mins_Upsell,Upsell,0.2494,SMS,"Customer exceeded the data cap in 1 of the last 3 months, is a heavy data user (90% of cap).",Hi! You're using 90% of your data - 200mins Upsell gives you more headroom. Reply YES. Ooredoo,APPROVED,offline
97457112674,Data_AddOn_5GB,NBO,0.2729,SMS,Customer logged a recent complaint.,Hi! Data AddOn 5GB suits your usage. Reply YES. Ooredoo,APPROVED,offline
97455809109,Data_AddOn_5GB,NBO,0.2209,Push,Customer exceeded the data cap in 3 of the last 3 months.,Data AddOn 5GB suits your usage - tap to activate.,APPROVED,offline
97454735466,Data_AddOn_5GB,NBO,0.1993,Call,Customer exceeded the data cap in 2 of the last 3 months.,AGENT: Customer exceeded the data cap in 2 of the last 3 months. Recommend: Data AddOn 5GB suits your usage.,APPROVED,offline
97452583246,Data_AddOn_5GB,NBO,0.2163,Push,Customer is an active Mass customer.,Data AddOn 5GB suits your usage - tap to activate.,APPROVED,offline
97451726331,Data_AddOn_5GB,NBO,0.3325,Push,Customer exceeded the data cap in 3 of the last 3 months.,Data AddOn 5GB suits your usage - tap to activate.,APPROVED,offline
97452794291,Data_AddOn_5GB,NBO,0.1981,SMS,"Customer exceeded the data cap in 3 of the last 3 months, logged a recent complaint.",Hi! Data AddOn 5GB suits your usage. Reply YES. Ooredoo,APPROVED,offline
97457353385,Retention_Save_25pct,Retention,0.2341,Push,"Customer exceeded the data cap in 1 of the last 3 months, is 22 days from renewal.","Based on your recent usage, our Retention Save 25pct keeps you covered and your renewal is in 22 days - switch with no p",APPROVED,offline
97455952075,Data_AddOn_5GB,NBO,0.1363,SMS,Customer exceeded the data cap in 3 of the last 3 months.,Hi! Data AddOn 5GB suits your usage. Reply YES. Ooredoo,APPROVED,offline
97454898606,Data_AddOn_5GB,NBO,0.2217,SMS,"Customer exceeded the data cap in 3 of the last 3 months, is 45 days from renewal.",Hi! Data AddOn 5GB suits your usage. Reply YES. Ooredoo,APPROVED,offline
97453878117,10GB_Aggressive_HVC,Retention,0.5105,SMS,"Customer exceeded the data cap in 3 of the last 3 months, shows elevated churn risk, logged a recent complaint.","Hi! Based on your recent usage, our 10GB Aggressive HVC keeps you covered. Reply YES. Ooredoo",APPROVED,offline
97455481617,Data_AddOn_5GB,NBO,0.2096,SMS,Customer exceeded the data cap in 1 of the last 3 months.,Hi! Data AddOn 5GB suits your usage. Reply YES. Ooredoo,APPROVED,offline
97458374626,Data_AddOn_5GB,NBO,0.1733,SMS,Customer exceeded the data cap in 2 of the last 3 months.,Hi! Data AddOn 5GB suits your usage. Reply YES. Ooredoo,APPROVED,offline
97456287913,200mins_Upsell,Upsell,0.2038,SMS,Customer is a heavy data user (82% of cap).,Hi! You're using 82% of your data - 200mins Upsell gives you more headroom. Reply YES. Ooredoo,APPROVED,offline
97454733149,10GB_Aggressive_HVC,Retention,0.2456,Push,"Customer exceeded the data cap in 2 of the last 3 months, shows elevated churn risk.","Based on your recent usage, our 10GB Aggressive HVC keeps you covered - tap to activate.",APPROVED,offline
97456316741,Data_AddOn_5GB,NBO,0.218,Push,Customer logged a recent complaint.,Data AddOn 5GB suits your usage - tap to activate.,APPROVED,offline
97453804802,Data_AddOn_5GB,NBO,0.1367,Push,"Customer exceeded the data cap in 1 of the last 3 months, logged a recent complaint.",Data AddOn 5GB suits your usage - tap to activate.,APPROVED,offline
97455157263,Data_AddOn_5GB,NBO,0.2183,Push,Customer is an active Mass customer.,Data AddOn 5GB suits your usage - tap to activate.,APPROVED,offline
97455488198,Data_AddOn_5GB,NBO,0.2145,SMS,Customer is 36 days from renewal.,Hi! Data AddOn 5GB suits your usage. Reply YES. Ooredoo,APPROVED,offline
97453733460,Data_AddOn_5GB,NBO,0.1776,SMS,Customer is 5 days from renewal.,Hi! Data AddOn 5GB suits your usage. Reply YES. Ooredoo,APPROVED,offline
97458084609,Roaming_Daily_Pass,CrossSell,0.1716,SMS,Customer logged a recent complaint.,Hi! Add Roaming Daily Pass to get more from your plan. Reply YES. Ooredoo,APPROVED,offline
97457216538,5G_Unlimited_Upgrade,Upsell,0.1198,SMS,"Customer exceeded the data cap in 1 of the last 3 months, logged a recent complaint.",Hi! You're using 74% of your data - 5G Unlimited Upgrade gives you more headroom. Reply YES. Ooredoo,APPROVED,offline
97455115362,Data_AddOn_5GB,NBO,0.1323,SMS,Customer exceeded the data cap in 2 of the last 3 months.,Hi! Data AddOn 5GB suits your usage. Reply YES. Ooredoo,APPROVED,offline
97452252557,Data_AddOn_5GB,NBO,0.2165,Call,Customer exceeded the data cap in 1 of the last 3 months.,AGENT: Customer exceeded the data cap in 1 of the last 3 months. Recommend: Data AddOn 5GB suits your usage.,APPROVED,offline
97452490687,Data_AddOn_5GB,NBO,0.2073,Push,Customer exceeded the data cap in 2 of the last 3 months.,Data AddOn 5GB suits your usage - tap to activate.,APPROVED,offline
97455057025,Data_AddOn_5GB,NBO,0.224,SMS,"Customer exceeded the data cap in 3 of the last 3 months, logged a recent complaint.",Hi! Data AddOn 5GB suits your usage. Reply YES. Ooredoo,APPROVED,offline
97456272864,Data_AddOn_5GB,NBO,0.1378,Push,Customer is an active Youth customer.,Data AddOn 5GB suits your usage - tap to activate.,APPROVED,offline
97454788963,Retention_Save_25pct,Retention,0.2388,SMS,"Customer exceeded the data cap in 3 of the last 3 months, is a heavy data user (86% of cap), is 49 days from renewal.","Hi! Based on your recent usage, our Retention Save 25pct keeps you covered and your renewal is in 49 days - switch with no penalty. Reply YES. Ooredoo",APPROVED,offline
97454874910,Retention_Save_25pct,Retention,0.1412,SMS,Customer exceeded the data cap in 3 of the last 3 months.,"Hi! Based on your recent usage, our Retention Save 25pct keeps you covered. Reply YES. Ooredoo",APPROVED,offline
97454368045,10GB_Aggressive_HVC,Retention,0.3927,Push,"Customer exceeded the data cap in 2 of the last 3 months, is a heavy data user (91% of cap), shows elevated churn risk.","Based on your recent usage, our 10GB Aggressive HVC keeps you covered - tap to activate.",APPROVED,offline
97456185773,Data_AddOn_5GB,NBO,0.2836,SMS,"Customer exceeded the data cap in 1 of the last 3 months, is a heavy data user (91% of cap), is 40 days from renewal.",Hi! Data AddOn 5GB suits your usage. Reply YES. Ooredoo,APPROVED,offline
97455832691,Data_AddOn_5GB,NBO,0.1111,Email,"Customer exceeded the data cap in 3 of the last 3 months, logged a recent complaint.","Dear Customer,

Customer exceeded the data cap in 3 of the last 3 months, logged a recent complaint.

Data AddOn 5GB suits your usage.

Ooredoo",APPROVED,offline
97451968616,Data_AddOn_5GB,NBO,0.215,Push,Customer is a heavy data user (86% of cap).,Data AddOn 5GB suits your usage - tap to activate.,APPROVED,offline
97455217733,Data_AddOn_5GB,NBO,0.1975,Email,"Customer exceeded the data cap in 2 of the last 3 months, is 52 days from renewal.","Dear Customer,

Customer exceeded the data cap in 2 of the last 3 months, is 52 days from renewal.

Data AddOn 5GB suits your usage.

Ooredoo",APPROVED,offline
97458914520,200mins_Upsell,Upsell,0.1606,SMS,"Customer is a heavy data user (99% of cap), is 48 days from renewal.",Hi! You're using 99% of your data - 200mins Upsell gives you more headroom. Reply YES. Ooredoo,APPROVED,offline
97452490036,10GB_Aggressive_HVC,Retention,0.5495,SMS,"Customer exceeded the data cap in 1 of the last 3 months, shows elevated churn risk.","Hi! Based on your recent usage, our 10GB Aggressive HVC keeps you covered. Reply YES. Ooredoo",APPROVED,offline
97453869729,Data_AddOn_5GB,NBO,0.208,Call,"Customer exceeded the data cap in 3 of the last 3 months, is 55 days from renewal.","AGENT: Customer exceeded the data cap in 3 of the last 3 months, is 55 days from renewal. Recommend: Data AddOn 5GB suits your usage.",APPROVED,offline
97458585159,Data_AddOn_5GB,NBO,0.2185,Push,Customer exceeded the data cap in 3 of the last 3 months.,Data AddOn 5GB suits your usage - tap to activate.,APPROVED,offline
97458179156,Data_AddOn_5GB,NBO,0.3004,Call,"Customer exceeded the data cap in 3 of the last 3 months, is a heavy data user (86% of cap), is 30 days from renewal.","AGENT: Customer exceeded the data cap in 3 of the last 3 months, is a heavy data user (86% of cap), is 30 days from renewal. Recommend: Data AddOn 5GB suits your usage.",APPROVED,offline
97459944718,Data_AddOn_5GB,NBO,0.2089,Call,"Customer exceeded the data cap in 3 of the last 3 months, logged a recent complaint.","AGENT: Customer exceeded the data cap in 3 of the last 3 months, logged a recent complaint. Recommend: Data AddOn 5GB suits your usage.",APPROVED,offline
97458904428,10GB_Aggressive_HVC,Retention,0.1263,SMS,Customer exceeded the data cap in 1 of the last 3 months.,"Hi! Based on your recent usage, our 10GB Aggressive HVC keeps you covered. Reply YES. Ooredoo",APPROVED,offline
97455202271,Data_AddOn_5GB,NBO,0.1298,Push,Customer exceeded the data cap in 3 of the last 3 months.,Data AddOn 5GB suits your usage - tap to activate.,APPROVED,offline
97455042879,Data_AddOn_5GB,NBO,0.2248,Call,Customer exceeded the data cap in 3 of the last 3 months.,AGENT: Customer exceeded the data cap in 3 of the last 3 months. Recommend: Data AddOn 5GB suits your usage.,APPROVED,offline
97453322523,Data_AddOn_5GB,NBO,0.13,SMS,Customer exceeded the data cap in 1 of the last 3 months.,Hi! Data AddOn 5GB suits your usage. Reply YES. Ooredoo,APPROVED,offline
97455746771,200mins_Upsell,Upsell,0.1519,Push,"Customer exceeded the data cap in 2 of the last 3 months, is a heavy data user (90% of cap), logged a recent complaint.",You're using 90% of your data - 200mins Upsell gives you more headroom - tap to activate.,APPROVED,offline
97459640145,5G_Unlimited_Upgrade,Upsell,0.1224,Call,Customer exceeded the data cap in 1 of the last 3 months.,AGENT: Customer exceeded the data cap in 1 of the last 3 months. Recommend: You're using 78% of your data - 5G Unlimited Upgrade gives you more headroom.,APPROVED,offline
97452756124,10GB_Aggressive_HVC,Retention,0.2866,Call,Customer shows elevated churn risk.,"AGENT: Customer shows elevated churn risk. Recommend: Based on your recent usage, our 10GB Aggressive HVC keeps you covered.",APPROVED,offline
97451841531,Data_AddOn_5GB,NBO,0.285,Push,"Customer exceeded the data cap in 1 of the last 3 months, is 35 days from renewal.",Data AddOn 5GB suits your usage - tap to activate.,APPROVED,offline
97451864645,5G_Unlimited_Upgrade,Upsell,0.1405,Push,"Customer exceeded the data cap in 3 of the last 3 months, logged a recent complaint.",You're using 78% of your data - 5G Unlimited Upgrade gives you more headroom - tap to activate.,APPROVED,offline
97452428127,Data_AddOn_5GB,NBO,0.1935,Push,Customer exceeded the data cap in 2 of the last 3 months.,Data AddOn 5GB suits your usage - tap to activate.,APPROVED,offline
97456130076,5G_Unlimited_Upgrade,Upsell,0.1385,Push,"Customer exceeded the data cap in 3 of the last 3 months, is 23 days from renewal.",You're using 76% of your data - 5G Unlimited Upgrade gives you more headroom - tap to activate.,APPROVED,offline
97459859690,Data_AddOn_5GB,NBO,0.2118,SMS,Customer exceeded the data cap in 2 of the last 3 months.,Hi! Data AddOn 5GB suits your usage. Reply YES. Ooredoo,APPROVED,offline
97455254849,Data_AddOn_5GB,NBO,0.198,SMS,Customer is an active Mass customer.,Hi! Data AddOn 5GB suits your usage. Reply YES. Ooredoo,APPROVED,offline
97458574587,Data_AddOn_5GB,NBO,0.1975,Email,Customer exceeded the data cap in 2 of the last 3 months.,"Dear Customer,

Customer exceeded the data cap in 2 of the last 3 months.

Data AddOn 5GB suits your usage.

Ooredoo",APPROVED,offline
97457515350,Data_AddOn_5GB,NBO,0.1364,SMS,Customer is an active Youth customer.,Hi! Data AddOn 5GB suits your usage. Reply YES. Ooredoo,APPROVED,offline
97459336900,Data_AddOn_5GB,NBO,0.262,Call,Customer is a heavy data user (90% of cap).,AGENT: Customer is a heavy data user (90% of cap). Recommend: Data AddOn 5GB suits your usage.,APPROVED,offline
97452615777,Data_AddOn_5GB,NBO,0.1312,SMS,Customer exceeded the data cap in 2 of the last 3 months.,Hi! Data AddOn 5GB suits your usage. Reply YES. Ooredoo,APPROVED,offline
97454512664,10GB_Aggressive_HVC,Retention,0.2091,Email,"Customer exceeded the data cap in 1 of the last 3 months, is a heavy data user (86% of cap), is 2 days from renewal.","Dear Customer,

Customer exceeded the data cap in 1 of the last 3 months, is a heavy data user (86% of cap), is 2 days from renewal.

Based on your recent usage, our 10GB Aggressive HVC keeps you covered and your renewal is in 2 days - switch with no penalty.

Ooredoo",APPROVED,offline
97451973181,Roaming_Daily_Pass,CrossSell,0.1874,SMS,"Customer exceeded the data cap in 3 of the last 3 months, is 54 days from renewal.",Hi! Add Roaming Daily Pass to get more from your plan. Reply YES. Ooredoo,APPROVED,offline
97452491633,Data_AddOn_5GB,NBO,0.2661,Call,"Customer exceeded the data cap in 1 of the last 3 months, is 37 days from renewal.","AGENT: Customer exceeded the data cap in 1 of the last 3 months, is 37 days from renewal. Recommend: Data AddOn 5GB suits your usage.",APPROVED,offline
97453061774,Data_AddOn_5GB,NBO,0.2675,Call,Customer is an active Mass customer.,AGENT: Customer is an active Mass customer. Recommend: Data AddOn 5GB suits your usage.,APPROVED,offline
97453790358,Data_AddOn_5GB,NBO,0.209,Push,Customer is an active Mass customer.,Data AddOn 5GB suits your usage - tap to activate.,APPROVED,offline
97454860562,Data_AddOn_5GB,NBO,0.1286,Push,Customer exceeded the data cap in 2 of the last 3 months.,Data AddOn 5GB suits your usage - tap to activate.,APPROVED,offline
97457976610,Data_AddOn_5GB,NBO,0.2209,SMS,"Customer exceeded the data cap in 1 of the last 3 months, is 28 days from renewal.",Hi! Data AddOn 5GB suits your usage. Reply YES. Ooredoo,APPROVED,offline
97452765524,Data_AddOn_5GB,NBO,0.1939,Push,Customer exceeded the data cap in 1 of the last 3 months.,Data AddOn 5GB suits your usage - tap to activate.,APPROVED,offline
97452250632,Data_AddOn_5GB,NBO,0.2081,Push,Customer exceeded the data cap in 1 of the last 3 months.,Data AddOn 5GB suits your usage - tap to activate.,APPROVED,offline
97457210715,Data_AddOn_5GB,NBO,0.1765,Push,Customer is an active Mass customer.,Data AddOn 5GB suits your usage - tap to activate.,APPROVED,offline
97459526086,Data_AddOn_5GB,NBO,0.1869,Email,Customer exceeded the data cap in 2 of the last 3 months.,"Dear Customer,

Customer exceeded the data cap in 2 of the last 3 months.

Data AddOn 5GB suits your usage.

Ooredoo",APPROVED,offline
97454243087,Data_AddOn_5GB,NBO,0.1838,SMS,Customer is an active Mass customer.,Hi! Data AddOn 5GB suits your usage. Reply YES. Ooredoo,APPROVED,offline
97451909711,Data_AddOn_5GB,NBO,0.3451,Push,"Customer exceeded the data cap in 3 of the last 3 months, is a heavy data user (87% of cap).",Data AddOn 5GB suits your usage - tap to activate.,APPROVED,offline
97454711584,Data_AddOn_5GB,NBO,0.2126,SMS,"Customer exceeded the data cap in 2 of the last 3 months, is 53 days from renewal.",Hi! Data AddOn 5GB suits your usage. Reply YES. Ooredoo,APPROVED,offline
97457913283,5G_Unlimited_Upgrade,Upsell,0.2774,Call,"Customer exceeded the data cap in 1 of the last 3 months, is a heavy data user (86% of cap), is 23 days from renewal.","AGENT: Customer exceeded the data cap in 1 of the last 3 months, is a heavy data user (86% of cap), is 23 days from renewal. Recommend: You're using 86% of your data - 5G Unlimited Upgrade gives you more headroom.",APPROVED,offline
97452619715,Data_AddOn_5GB,NBO,0.15,Push,Customer exceeded the data cap in 2 of the last 3 months.,Data AddOn 5GB suits your usage - tap to activate.,APPROVED,offline
97453590310,5G_Unlimited_Upgrade,Upsell,0.157,Call,Customer is an active Youth customer.,AGENT: Customer is an active Youth customer. Recommend: You're using 66% of your data - 5G Unlimited Upgrade gives you more headroom.,APPROVED,offline
97457314768,10GB_Aggressive_HVC,Retention,0.148,SMS,"Customer exceeded the data cap in 3 of the last 3 months, is a heavy data user (89% of cap), is 7 days from renewal, logged a recent complaint.","Hi! Based on your recent usage, our 10GB Aggressive HVC keeps you covered and your renewal is in 7 days - switch with no penalty. Reply YES. Ooredoo",APPROVED,offline
97459324454,Data_AddOn_5GB,NBO,0.1461,SMS,Customer exceeded the data cap in 1 of the last 3 months.,Hi! Data AddOn 5GB suits your usage. Reply YES. Ooredoo,APPROVED,offline
97459815995,10GB_Aggressive_HVC,Retention,0.1142,Push,Customer exceeded the data cap in 1 of the last 3 months.,"Based on your recent usage, our 10GB Aggressive HVC keeps you covered - tap to activate.",APPROVED,offline
97457726451,Data_AddOn_5GB,NBO,0.282,Push,"Customer exceeded the data cap in 2 of the last 3 months, logged a recent complaint.",Data AddOn 5GB suits your usage - tap to activate.,APPROVED,offline
97459064220,Data_AddOn_5GB,NBO,0.1258,Email,Customer exceeded the data cap in 1 of the last 3 months.,"Dear Customer,

Customer exceeded the data cap in 1 of the last 3 months.

Data AddOn 5GB suits your usage.

Ooredoo",APPROVED,offline
97452544613,Retention_Save_25pct,Retention,0.2301,Push,"Customer exceeded the data cap in 1 of the last 3 months, is 9 days from renewal, logged a recent complaint.","Based on your recent usage, our Retention Save 25pct keeps you covered and your renewal is in 9 days - switch with no pe",APPROVED,offline
97452297638,Data_AddOn_5GB,NBO,0.2126,SMS,"Customer exceeded the data cap in 1 of the last 3 months, is 56 days from renewal.",Hi! Data AddOn 5GB suits your usage. Reply YES. Ooredoo,APPROVED,offline
97458134897,Data_AddOn_5GB,NBO,0.2162,Push,Customer is a heavy data user (81% of cap).,Data AddOn 5GB suits your usage - tap to activate.,APPROVED,offline
97458748670,Data_AddOn_5GB,NBO,0.1979,Call,Customer is an active Mass customer.,AGENT: Customer is an active Mass customer. Recommend: Data AddOn 5GB suits your usage.,APPROVED,offline
97453430525,Data_AddOn_5GB,NBO,0.279,Push,"Customer exceeded the data cap in 1 of the last 3 months, is a heavy data user (90% of cap).",Data AddOn 5GB suits your usage - tap to activate.,APPROVED,offline
97458439103,10GB_Aggressive_HVC,Retention,0.247,SMS,"Customer exceeded the data cap in 2 of the last 3 months, is a heavy data user (83% of cap), is 3 days from renewal.","Hi! Based on your recent usage, our 10GB Aggressive HVC keeps you covered and your renewal is in 3 days - switch with no penalty. Reply YES. Ooredoo",APPROVED,offline
97453456070,Data_AddOn_5GB,NBO,0.1889,Email,Customer is an active Mass customer.,"Dear Customer,

Customer is an active Mass customer.

Data AddOn 5GB suits your usage.

Ooredoo",APPROVED,offline
97459878234,Data_AddOn_5GB,NBO,0.1397,Push,Customer exceeded the data cap in 2 of the last 3 months.,Data AddOn 5GB suits your usage - tap to activate.,APPROVED,offline
97451288859,Retention_Save_25pct,Retention,0.2253,Push,Customer is 23 days from renewal.,"Based on your recent usage, our Retention Save 25pct keeps you covered and your renewal is in 23 days - switch with no p",APPROVED,offline
97456008341,Data_AddOn_5GB,NBO,0.1277,Push,Customer exceeded the data cap in 1 of the last 3 months.,Data AddOn 5GB suits your usage - tap to activate.,APPROVED,offline
97455749766,Data_AddOn_5GB,NBO,0.2767,SMS,"Customer exceeded the data cap in 3 of the last 3 months, is a heavy data user (83% of cap).",Hi! Data AddOn 5GB suits your usage. Reply YES. Ooredoo,APPROVED,offline
97452546236,Roaming_Daily_Pass,CrossSell,0.1807,Push,"Customer exceeded the data cap in 2 of the last 3 months, is 45 days from renewal.",Add Roaming Daily Pass to get more from your plan - tap to activate.,APPROVED,offline
97459982913,10GB_Aggressive_HVC,Retention,0.3677,SMS,"Customer exceeded the data cap in 1 of the last 3 months, shows elevated churn risk, logged a recent complaint.","Hi! Based on your recent usage, our 10GB Aggressive HVC keeps you covered. Reply YES. Ooredoo",APPROVED,offline
97455257341,5G_Unlimited_Upgrade,Upsell,0.1901,SMS,Customer exceeded the data cap in 1 of the last 3 months.,Hi! You're using 43% of your data - 5G Unlimited Upgrade gives you more headroom. Reply YES. Ooredoo,APPROVED,offline
97454759834,Retention_Save_25pct,Retention,0.2317,SMS,"Customer exceeded the data cap in 1 of the last 3 months, is 11 days from renewal.","Hi! Based on your recent usage, our Retention Save 25pct keeps you covered and your renewal is in 11 days - switch with no penalty. Reply YES. Ooredoo",APPROVED,offline
97453627988,Data_AddOn_5GB,NBO,0.2227,SMS,Customer exceeded the data cap in 2 of the last 3 months.,Hi! Data AddOn 5GB suits your usage. Reply YES. Ooredoo,APPROVED,offline
97456477093,Retention_Save_25pct,Retention,0.1892,Call,Customer is an active Youth customer.,"AGENT: Customer is an active Youth customer. Recommend: Based on your recent usage, our Retention Save 25pct keeps you covered.",APPROVED,offline
97459592974,Data_AddOn_5GB,NBO,0.149,SMS,Customer is 47 days from renewal.,Hi! Data AddOn 5GB suits your usage. Reply YES. Ooredoo,APPROVED,offline
97451502420,Retention_Save_25pct,Retention,0.4901,Push,"Customer exceeded the data cap in 1 of the last 3 months, is 55 days from renewal, shows elevated churn risk.","Based on your recent usage, our Retention Save 25pct keeps you covered and your renewal is in 55 days - switch with no p",APPROVED,offline
97456529046,Data_AddOn_5GB,NBO,0.1341,SMS,Customer exceeded the data cap in 2 of the last 3 months.,Hi! Data AddOn 5GB suits your usage. Reply YES. Ooredoo,APPROVED,offline
97452679161,Retention_Save_25pct,Retention,0.1899,SMS,Customer exceeded the data cap in 1 of the last 3 months.,"Hi! Based on your recent usage, our Retention Save 25pct keeps you covered. Reply YES. Ooredoo",APPROVED,offline
97451660902,10GB_Aggressive_HVC,Retention,0.1677,Push,Customer is an active HVC customer.,"Based on your recent usage, our 10GB Aggressive HVC keeps you covered - tap to activate.",APPROVED,offline
97458562116,10GB_Aggressive_HVC,Retention,0.2067,SMS,"Customer is 42 days from renewal, logged a recent complaint.","Hi! Based on your recent usage, our 10GB Aggressive HVC keeps you covered and your renewal is in 42 days - switch with no penalty. Reply YES. Ooredoo",APPROVED,offline
97452538112,Data_AddOn_5GB,NBO,0.1406,Call,Customer exceeded the data cap in 2 of the last 3 months.,AGENT: Customer exceeded the data cap in 2 of the last 3 months. Recommend: Data AddOn 5GB suits your usage.,APPROVED,offline
97452726676,10GB_Aggressive_HVC,Retention,0.3305,SMS,"Customer exceeded the data cap in 2 of the last 3 months, shows elevated churn risk.","Hi! Based on your recent usage, our 10GB Aggressive HVC keeps you covered. Reply YES. Ooredoo",APPROVED,offline
97452685996,Retention_Save_25pct,Retention,0.2401,Push,"Customer exceeded the data cap in 1 of the last 3 months, is 15 days from renewal.","Based on your recent usage, our Retention Save 25pct keeps you covered and your renewal is in 15 days - switch with no p",APPROVED,offline
97454246417,Data_AddOn_5GB,NBO,0.1191,Email,Customer exceeded the data cap in 1 of the last 3 months.,"Dear Customer,

Customer exceeded the data cap in 1 of the last 3 months.

Data AddOn 5GB suits your usage.

Ooredoo",APPROVED,offline
97452352144,Data_AddOn_5GB,NBO,0.2931,Call,Customer exceeded the data cap in 3 of the last 3 months.,AGENT: Customer exceeded the data cap in 3 of the last 3 months. Recommend: Data AddOn 5GB suits your usage.,APPROVED,offline
97452551330,Retention_Save_25pct,Retention,0.1543,Call,"Customer exceeded the data cap in 3 of the last 3 months, is 17 days from renewal, logged a recent complaint.","AGENT: Customer exceeded the data cap in 3 of the last 3 months, is 17 days from renewal, logged a recent complaint. Recommend: Based on your recent usage, our Retention Save 25pct keeps you covered and your renewal is in 17 days - switch with no penalty.",APPROVED,offline
97451971248,Retention_Save_25pct,Retention,0.4051,Call,"Customer exceeded the data cap in 1 of the last 3 months, is 40 days from renewal, shows elevated churn risk.","AGENT: Customer exceeded the data cap in 1 of the last 3 months, is 40 days from renewal, shows elevated churn risk. Recommend: Based on your recent usage, our Retention Save 25pct keeps you covered and your renewal is in 40 days - switch with no penalty.",APPROVED,offline
97455657851,Data_AddOn_5GB,NBO,0.2238,Call,Customer is 34 days from renewal.,AGENT: Customer is 34 days from renewal. Recommend: Data AddOn 5GB suits your usage.,APPROVED,offline
97457695306,10GB_Aggressive_HVC,Retention,0.1356,Call,Customer exceeded the data cap in 1 of the last 3 months.,"AGENT: Customer exceeded the data cap in 1 of the last 3 months. Recommend: Based on your recent usage, our 10GB Aggressive HVC keeps you covered.",APPROVED,offline
97456378750,5G_Unlimited_Upgrade,Upsell,0.14,Push,Customer exceeded the data cap in 1 of the last 3 months.,You're using 56% of your data - 5G Unlimited Upgrade gives you more headroom - tap to activate.,APPROVED,offline
97453607411,200mins_Upsell,Upsell,0.2237,SMS,"Customer is a heavy data user (92% of cap), is 7 days from renewal.",Hi! You're using 92% of your data - 200mins Upsell gives you more headroom. Reply YES. Ooredoo,APPROVED,offline
97452693439,Data_AddOn_5GB,NBO,0.2139,SMS,"Customer exceeded the data cap in 1 of the last 3 months, is 49 days from renewal.",Hi! Data AddOn 5GB suits your usage. Reply YES. Ooredoo,APPROVED,offline
97452831094,Data_AddOn_5GB,NBO,0.13,SMS,Customer is an active Youth customer.,Hi! Data AddOn 5GB suits your usage. Reply YES. Ooredoo,APPROVED,offline
97454437172,Data_AddOn_5GB,NBO,0.2186,Push,Customer exceeded the data cap in 1 of the last 3 months.,Data AddOn 5GB suits your usage - tap to activate.,APPROVED,offline
97457919875,Data_AddOn_5GB,NBO,0.1141,Call,Customer exceeded the data cap in 2 of the last 3 months.,AGENT: Customer exceeded the data cap in 2 of the last 3 months. Recommend: Data AddOn 5GB suits your usage.,APPROVED,offline
97456923361,Data_AddOn_5GB,NBO,0.1739,Email,Customer exceeded the data cap in 2 of the last 3 months.,"Dear Customer,

Customer exceeded the data cap in 2 of the last 3 months.

Data AddOn 5GB suits your usage.

Ooredoo",APPROVED,offline
97452963571,Retention_Save_25pct,Retention,0.2396,SMS,Customer is 14 days from renewal.,"Hi! Based on your recent usage, our Retention Save 25pct keeps you covered and your renewal is in 14 days - switch with no penalty. Reply YES. Ooredoo",APPROVED,offline
97456542511,5G_Unlimited_Upgrade,Upsell,0.1887,Call,Customer is a heavy data user (85% of cap).,AGENT: Customer is a heavy data user (85% of cap). Recommend: You're using 85% of your data - 5G Unlimited Upgrade gives you more headroom.,APPROVED,offline
97459985826,Data_AddOn_5GB,NBO,0.1365,Call,Customer exceeded the data cap in 1 of the last 3 months.,AGENT: Customer exceeded the data cap in 1 of the last 3 months. Recommend: Data AddOn 5GB suits your usage.,APPROVED,offline
97454815144,Data_AddOn_5GB,NBO,0.2138,Push,"Customer exceeded the data cap in 1 of the last 3 months, logged a recent complaint.",Data AddOn 5GB suits your usage - tap to activate.,APPROVED,offline
97454436252,Data_AddOn_5GB,NBO,0.1849,SMS,Customer is an active Mass customer.,Hi! Data AddOn 5GB suits your usage. Reply YES. Ooredoo,APPROVED,offline
97451817052,Data_AddOn_5GB,NBO,0.1729,SMS,Customer is an active Mass customer.,Hi! Data AddOn 5GB suits your usage. Reply YES. Ooredoo,APPROVED,offline
97458596585,Data_AddOn_5GB,NBO,0.1982,Push,"Customer exceeded the data cap in 2 of the last 3 months, is 46 days from renewal.",Data AddOn 5GB suits your usage - tap to activate.,APPROVED,offline
97457269324,Data_AddOn_5GB,NBO,0.1351,SMS,"Customer exceeded the data cap in 1 of the last 3 months, logged a recent complaint.",Hi! Data AddOn 5GB suits your usage. Reply YES. Ooredoo,APPROVED,offline
97452428080,Data_AddOn_5GB,NBO,0.1872,SMS,Customer exceeded the data cap in 2 of the last 3 months.,Hi! Data AddOn 5GB suits your usage. Reply YES. Ooredoo,APPROVED,offline
97453521279,Retention_Save_25pct,Retention,0.1878,SMS,Customer exceeded the data cap in 1 of the last 3 months.,"Hi! Based on your recent usage, our Retention Save 25pct keeps you covered. Reply YES. Ooredoo",APPROVED,offline
97458503888,Roaming_Daily_Pass,CrossSell,0.1287,Push,Customer exceeded the data cap in 3 of the last 3 months.,Add Roaming Daily Pass to get more from your plan - tap to activate.,APPROVED,offline
97457119848,Data_AddOn_5GB,NBO,0.2082,Call,"Customer exceeded the data cap in 3 of the last 3 months, logged a recent complaint.","AGENT: Customer exceeded the data cap in 3 of the last 3 months, logged a recent complaint. Recommend: Data AddOn 5GB suits your usage.",APPROVED,offline
97453726016,Data_AddOn_5GB,NBO,0.2618,Push,Customer exceeded the data cap in 1 of the last 3 months.,Data AddOn 5GB suits your usage - tap to activate.,APPROVED,offline
97452244289,Data_AddOn_5GB,NBO,0.2109,Call,Customer exceeded the data cap in 1 of the last 3 months.,AGENT: Customer exceeded the data cap in 1 of the last 3 months. Recommend: Data AddOn 5GB suits your usage.,APPROVED,offline
97451442939,Data_AddOn_5GB,NBO,0.217,SMS,Customer exceeded the data cap in 3 of the last 3 months.,Hi! Data AddOn 5GB suits your usage. Reply YES. Ooredoo,APPROVED,offline
97454282972,Data_AddOn_5GB,NBO,0.2332,Call,"Customer exceeded the data cap in 3 of the last 3 months, is a heavy data user (81% of cap).","AGENT: Customer exceeded the data cap in 3 of the last 3 months, is a heavy data user (81% of cap). Recommend: Data AddOn 5GB suits your usage.",APPROVED,offline
97459692832,Data_AddOn_5GB,NBO,0.245,SMS,Customer exceeded the data cap in 1 of the last 3 months.,Hi! Data AddOn 5GB suits your usage. Reply YES. Ooredoo,APPROVED,offline
97455414473,10GB_Aggressive_HVC,Retention,0.2367,SMS,"Customer is a heavy data user (84% of cap), is 6 days from renewal.","Hi! Based on your recent usage, our 10GB Aggressive HVC keeps you covered and your renewal is in 6 days - switch with no penalty. Reply YES. Ooredoo",APPROVED,offline
97453711793,Data_AddOn_5GB,NBO,0.2121,Push,Customer exceeded the data cap in 3 of the last 3 months.,Data AddOn 5GB suits your usage - tap to activate.,APPROVED,offline
97453319124,200mins_Upsell,Upsell,0.4247,Call,"Customer exceeded the data cap in 2 of the last 3 months, is a heavy data user (95% of cap).","AGENT: Customer exceeded the data cap in 2 of the last 3 months, is a heavy data user (95% of cap). Recommend: You're using 95% of your data - 200mins Upsell gives you more headroom.",APPROVED,offline
97454923227,Data_AddOn_5GB,NBO,0.2247,SMS,Customer exceeded the data cap in 2 of the last 3 months.,Hi! Data AddOn 5GB suits your usage. Reply YES. Ooredoo,APPROVED,offline
97453073290,Retention_Save_25pct,Retention,0.2113,Call,"Customer exceeded the data cap in 2 of the last 3 months, is 27 days from renewal.","AGENT: Customer exceeded the data cap in 2 of the last 3 months, is 27 days from renewal. Recommend: Based on your recent usage, our Retention Save 25pct keeps you covered and your renewal is in 27 days - switch with no penalty.",APPROVED,offline
97453518970,Data_AddOn_5GB,NBO,0.2058,Call,"Customer exceeded the data cap in 1 of the last 3 months, is 30 days from renewal.","AGENT: Customer exceeded the data cap in 1 of the last 3 months, is 30 days from renewal. Recommend: Data AddOn 5GB suits your usage.",APPROVED,offline
97454889877,Data_AddOn_5GB,NBO,0.2742,Push,"Customer exceeded the data cap in 3 of the last 3 months, is 21 days from renewal.",Data AddOn 5GB suits your usage - tap to activate.,APPROVED,offline
97452727408,Retention_Save_25pct,Retention,0.2202,Push,"Customer exceeded the data cap in 1 of the last 3 months, is 11 days from renewal.","Based on your recent usage, our Retention Save 25pct keeps you covered and your renewal is in 11 days - switch with no p",APPROVED,offline
97453801742,Data_AddOn_5GB,NBO,0.1418,Push,Customer exceeded the data cap in 2 of the last 3 months.,Data AddOn 5GB suits your usage - tap to activate.,APPROVED,offline
97452055675,200mins_Upsell,Upsell,0.4968,Email,"Customer exceeded the data cap in 3 of the last 3 months, is a heavy data user (95% of cap).","Dear Customer,

Customer exceeded the data cap in 3 of the last 3 months, is a heavy data user (95% of cap).

You're using 95% of your data - 200mins Upsell gives you more headroom.

Ooredoo",APPROVED,offline
97457016854,Retention_Save_25pct,Retention,0.5354,Push,"Customer exceeded the data cap in 2 of the last 3 months, is 51 days from renewal, shows elevated churn risk, logged a recent complaint.","Based on your recent usage, our Retention Save 25pct keeps you covered and your renewal is in 51 days - switch with no p",APPROVED,offline
97458436754,Data_AddOn_5GB,NBO,0.1971,Email,"Customer exceeded the data cap in 3 of the last 3 months, logged a recent complaint.","Dear Customer,

Customer exceeded the data cap in 3 of the last 3 months, logged a recent complaint.

Data AddOn 5GB suits your usage.

Ooredoo",APPROVED,offline
97451965188,Data_AddOn_5GB,NBO,0.1295,Email,"Customer exceeded the data cap in 2 of the last 3 months, is 15 days from renewal.","Dear Customer,

Customer exceeded the data cap in 2 of the last 3 months, is 15 days from renewal.

Data AddOn 5GB suits your usage.

Ooredoo",APPROVED,offline
97453161088,Data_AddOn_5GB,NBO,0.2196,Push,"Customer exceeded the data cap in 3 of the last 3 months, logged a recent complaint.",Data AddOn 5GB suits your usage - tap to activate.,APPROVED,offline
97459018006,Data_AddOn_5GB,NBO,0.1938,Email,Customer exceeded the data cap in 2 of the last 3 months.,"Dear Customer,

Customer exceeded the data cap in 2 of the last 3 months.

Data AddOn 5GB suits your usage.

Ooredoo",APPROVED,offline
97453320484,Retention_Save_25pct,Retention,0.192,Push,Customer is an active Youth customer.,"Based on your recent usage, our Retention Save 25pct keeps you covered - tap to activate.",APPROVED,offline
97455105223,Data_AddOn_5GB,NBO,0.2174,Push,Customer is an active Mass customer.,Data AddOn 5GB suits your usage - tap to activate.,APPROVED,offline
97451487510,Data_AddOn_5GB,NBO,0.1301,SMS,Customer exceeded the data cap in 1 of the last 3 months.,Hi! Data AddOn 5GB suits your usage. Reply YES. Ooredoo,APPROVED,offline
97457354986,Data_AddOn_5GB,NBO,0.1784,Push,Customer exceeded the data cap in 1 of the last 3 months.,Data AddOn 5GB suits your usage - tap to activate.,APPROVED,offline
97458609964,Data_AddOn_5GB,NBO,0.2762,Push,Customer is an active Mass customer.,Data AddOn 5GB suits your usage - tap to activate.,APPROVED,offline
97456795250,Data_AddOn_5GB,NBO,0.2341,SMS,"Customer exceeded the data cap in 2 of the last 3 months, is 47 days from renewal.",Hi! Data AddOn 5GB suits your usage. Reply YES. Ooredoo,APPROVED,offline
97455055447,Data_AddOn_5GB,NBO,0.1313,Email,Customer exceeded the data cap in 3 of the last 3 months.,"Dear Customer,

Customer exceeded the data cap in 3 of the last 3 months.

Data AddOn 5GB suits your usage.

Ooredoo",APPROVED,offline
97452673879,Data_AddOn_5GB,NBO,0.2037,SMS,Customer exceeded the data cap in 2 of the last 3 months.,Hi! Data AddOn 5GB suits your usage. Reply YES. Ooredoo,APPROVED,offline
97452780752,Data_AddOn_5GB,NBO,0.2027,Push,Customer exceeded the data cap in 2 of the last 3 months.,Data AddOn 5GB suits your usage - tap to activate.,APPROVED,offline
97454293331,Data_AddOn_5GB,NBO,0.1422,Call,Customer is an active HVC customer.,AGENT: Customer is an active HVC customer. Recommend: Data AddOn 5GB suits your usage.,APPROVED,offline
97454764455,Data_AddOn_5GB,NBO,0.2078,Call,Customer exceeded the data cap in 2 of the last 3 months.,AGENT: Customer exceeded the data cap in 2 of the last 3 months. Recommend: Data AddOn 5GB suits your usage.,APPROVED,offline
97458253817,200mins_Upsell,Upsell,0.2835,Call,Customer is a heavy data user (92% of cap).,AGENT: Customer is a heavy data user (92% of cap). Recommend: You're using 92% of your data - 200mins Upsell gives you more headroom.,APPROVED,offline
97455335518,Data_AddOn_5GB,NBO,0.1333,SMS,Customer exceeded the data cap in 3 of the last 3 months.,Hi! Data AddOn 5GB suits your usage. Reply YES. Ooredoo,APPROVED,offline
97459791690,Data_AddOn_5GB,NBO,0.1299,SMS,"Customer exceeded the data cap in 2 of the last 3 months, logged a recent complaint.",Hi! Data AddOn 5GB suits your usage. Reply YES. Ooredoo,APPROVED,offline
97459589747,Data_AddOn_5GB,NBO,0.2445,Push,Customer is an active Mass customer.,Data AddOn 5GB suits your usage - tap to activate.,APPROVED,offline
97456222798,Retention_Save_25pct,Retention,0.2031,Email,"Customer exceeded the data cap in 2 of the last 3 months, logged a recent complaint.","Dear Customer,

Customer exceeded the data cap in 2 of the last 3 months, logged a recent complaint.

Based on your recent usage, our Retention Save 25pct keeps you covered.

Ooredoo",APPROVED,offline
97454904722,Data_AddOn_5GB,NBO,0.1364,Call,Customer exceeded the data cap in 2 of the last 3 months.,AGENT: Customer exceeded the data cap in 2 of the last 3 months. Recommend: Data AddOn 5GB suits your usage.,APPROVED,offline
97456215622,Retention_Save_25pct,Retention,0.1992,Email,"Customer exceeded the data cap in 2 of the last 3 months, is 49 days from renewal.","Dear Customer,

Customer exceeded the data cap in 2 of the last 3 months, is 49 days from renewal.

Based on your recent usage, our Retention Save 25pct keeps you covered and your renewal is in 49 days - switch with no penalty.

Ooredoo",APPROVED,offline
97457879771,Data_AddOn_5GB,NBO,0.2126,SMS,Customer is an active Mass customer.,Hi! Data AddOn 5GB suits your usage. Reply YES. Ooredoo,APPROVED,offline
97459481209,Roaming_Daily_Pass,CrossSell,0.1641,Email,Customer exceeded the data cap in 2 of the last 3 months.,"Dear Customer,

Customer exceeded the data cap in 2 of the last 3 months.

Add Roaming Daily Pass to get more from your plan.

Ooredoo",APPROVED,offline
97454175684,10GB_Aggressive_HVC,Retention,0.155,SMS,"Customer exceeded the data cap in 1 of the last 3 months, is 19 days from renewal.","Hi! Based on your recent usage, our 10GB Aggressive HVC keeps you covered and your renewal is in 19 days - switch with no penalty. Reply YES. Ooredoo",APPROVED,offline
97451629085,Data_AddOn_5GB,NBO,0.2157,SMS,"Customer exceeded the data cap in 3 of the last 3 months, is 16 days from renewal.",Hi! Data AddOn 5GB suits your usage. Reply YES. Ooredoo,APPROVED,offline
97457071845,Data_AddOn_5GB,NBO,0.1407,SMS,Customer exceeded the data cap in 2 of the last 3 months.,Hi! Data AddOn 5GB suits your usage. Reply YES. Ooredoo,APPROVED,offline
97453518638,Data_AddOn_5GB,NBO,0.3254,SMS,Customer is a heavy data user (88% of cap).,Hi! Data AddOn 5GB suits your usage. Reply YES. Ooredoo,APPROVED,offline
97451603103,Data_AddOn_5GB,NBO,0.2115,Email,"Customer exceeded the data cap in 3 of the last 3 months, is 2 days from renewal.","Dear Customer,

Customer exceeded the data cap in 3 of the last 3 months, is 2 days from renewal.

Data AddOn 5GB suits your usage.

Ooredoo",APPROVED,offline
97452989968,Data_AddOn_5GB,NBO,0.2149,Call,Customer exceeded the data cap in 2 of the last 3 months.,AGENT: Customer exceeded the data cap in 2 of the last 3 months. Recommend: Data AddOn 5GB suits your usage.,APPROVED,offline
97456303943,5G_Unlimited_Upgrade,Upsell,0.1648,Push,Customer is an active HVC customer.,You're using 54% of your data - 5G Unlimited Upgrade gives you more headroom - tap to activate.,APPROVED,offline
97456497191,Retention_Save_25pct,Retention,0.2857,Email,"Customer exceeded the data cap in 2 of the last 3 months, is 12 days from renewal.","Dear Customer,

Customer exceeded the data cap in 2 of the last 3 months, is 12 days from renewal.

Based on your recent usage, our Retention Save 25pct keeps you covered and your renewal is in 12 days - switch with no penalty.

Ooredoo",APPROVED,offline
97452257008,Data_AddOn_5GB,NBO,0.2049,SMS,"Customer exceeded the data cap in 2 of the last 3 months, is 43 days from renewal.",Hi! Data AddOn 5GB suits your usage. Reply YES. Ooredoo,APPROVED,offline
97457473507,Data_AddOn_5GB,NBO,0.2025,Push,Customer exceeded the data cap in 2 of the last 3 months.,Data AddOn 5GB suits your usage - tap to activate.,APPROVED,offline
97458437693,200mins_Upsell,Upsell,0.2102,Email,"Customer is a heavy data user (82% of cap), logged a recent complaint.","Dear Customer,

Customer is a heavy data user (82% of cap), logged a recent complaint.

You're using 82% of your data - 200mins Upsell gives you more headroom.

Ooredoo",APPROVED,offline
97456137997,Data_AddOn_5GB,NBO,0.1814,Email,Customer is an active Mass customer.,"Dear Customer,

Customer is an active Mass customer.

Data AddOn 5GB suits your usage.

Ooredoo",APPROVED,offline
97458270518,10GB_Aggressive_HVC,Retention,0.2124,Call,"Customer exceeded the data cap in 1 of the last 3 months, is 7 days from renewal.","AGENT: Customer exceeded the data cap in 1 of the last 3 months, is 7 days from renewal. Recommend: Based on your recent usage, our 10GB Aggressive HVC keeps you covered and your renewal is in 7 days - switch with no penalty.",APPROVED,offline
97456511934,Retention_Save_25pct,Retention,0.1649,Email,"Customer exceeded the data cap in 3 of the last 3 months, is 29 days from renewal.","Dear Customer,

Customer exceeded the data cap in 3 of the last 3 months, is 29 days from renewal.

Based on your recent usage, our Retention Save 25pct keeps you covered and your renewal is in 29 days - switch with no penalty.

Ooredoo",APPROVED,offline
97459173321,Data_AddOn_5GB,NBO,0.2048,SMS,"Customer exceeded the data cap in 1 of the last 3 months, logged a recent complaint.",Hi! Data AddOn 5GB suits your usage. Reply YES. Ooredoo,APPROVED,offline
97458899284,Data_AddOn_5GB,NBO,0.214,SMS,"Customer exceeded the data cap in 2 of the last 3 months, is 57 days from renewal.",Hi! Data AddOn 5GB suits your usage. Reply YES. Ooredoo,APPROVED,offline
97452003171,5G_Unlimited_Upgrade,Upsell,0.1809,Call,"Customer exceeded the data cap in 2 of the last 3 months, is a heavy data user (84% of cap).","AGENT: Customer exceeded the data cap in 2 of the last 3 months, is a heavy data user (84% of cap). Recommend: You're using 84% of your data - 5G Unlimited Upgrade gives you more headroom.",APPROVED,offline
97458214938,Data_AddOn_5GB,NBO,0.1907,Email,"Customer exceeded the data cap in 2 of the last 3 months, logged a recent complaint.","Dear Customer,

Customer exceeded the data cap in 2 of the last 3 months, logged a recent complaint.

Data AddOn 5GB suits your usage.

Ooredoo",APPROVED,offline
97453900737,Data_AddOn_5GB,NBO,0.2115,Push,Customer is an active Mass customer.,Data AddOn 5GB suits your usage - tap to activate.,APPROVED,offline
97452370485,Data_AddOn_5GB,NBO,0.2223,SMS,Customer exceeded the data cap in 3 of the last 3 months.,Hi! Data AddOn 5GB suits your usage. Reply YES. Ooredoo,APPROVED,offline
97458045900,Data_AddOn_5GB,NBO,0.1886,SMS,Customer exceeded the data cap in 1 of the last 3 months.,Hi! Data AddOn 5GB suits your usage. Reply YES. Ooredoo,APPROVED,offline
97452681076,10GB_Aggressive_HVC,Retention,0.3817,Push,"Customer exceeded the data cap in 1 of the last 3 months, is 11 days from renewal, shows elevated churn risk, logged a recent complaint.","Based on your recent usage, our 10GB Aggressive HVC keeps you covered and your renewal is in 11 days - switch with no pe",SOFTENED,offline
97459501598,Data_AddOn_5GB,NBO,0.2477,Push,Customer exceeded the data cap in 3 of the last 3 months.,Data AddOn 5GB suits your usage - tap to activate.,APPROVED,offline
97456312399,Data_AddOn_5GB,NBO,0.2049,Call,Customer logged a recent complaint.,AGENT: Customer logged a recent complaint. Recommend: Data AddOn 5GB suits your usage.,APPROVED,offline
97451981883,200mins_Upsell,Upsell,0.2499,Call,"Customer exceeded the data cap in 3 of the last 3 months, is a heavy data user (90% of cap).","AGENT: Customer exceeded the data cap in 3 of the last 3 months, is a heavy data user (90% of cap). Recommend: You're using 90% of your data - 200mins Upsell gives you more headroom.",APPROVED,offline
97452668321,Data_AddOn_5GB,NBO,0.2093,Call,"Customer exceeded the data cap in 3 of the last 3 months, is 50 days from renewal.","AGENT: Customer exceeded the data cap in 3 of the last 3 months, is 50 days from renewal. Recommend: Data AddOn 5GB suits your usage.",APPROVED,offline
97454293705,10GB_Aggressive_HVC,Retention,0.338,Email,"Customer exceeded the data cap in 2 of the last 3 months, is 36 days from renewal, logged a recent complaint.","Dear Customer,

Customer exceeded the data cap in 2 of the last 3 months, is 36 days from renewal, logged a recent complaint.

Based on your recent usage, our 10GB Aggressive HVC keeps you covered and your renewal is in 36 days - switch with no penalty.

Ooredoo",APPROVED,offline
97457154512,Data_AddOn_5GB,NBO,0.236,SMS,"Customer exceeded the data cap in 2 of the last 3 months, logged a recent complaint.",Hi! Data AddOn 5GB suits your usage. Reply YES. Ooredoo,APPROVED,offline
97454759505,5G_Unlimited_Upgrade,Upsell,0.2449,Email,"Customer exceeded the data cap in 2 of the last 3 months, is a heavy data user (82% of cap), is 51 days from renewal.","Dear Customer,

Customer exceeded the data cap in 2 of the last 3 months, is a heavy data user (82% of cap), is 51 days from renewal.

You're using 82% of your data - 5G Unlimited Upgrade gives you more headroom.

Ooredoo",APPROVED,offline
97459415414,Data_AddOn_5GB,NBO,0.1804,Email,"Customer exceeded the data cap in 2 of the last 3 months, logged a recent complaint.","Dear Customer,

Customer exceeded the data cap in 2 of the last 3 months, logged a recent complaint.

Data AddOn 5GB suits your usage.

Ooredoo",APPROVED,offline
97456418952,Data_AddOn_5GB,NBO,0.209,Push,Customer logged a recent complaint.,Data AddOn 5GB suits your usage - tap to activate.,APPROVED,offline
97455609688,Data_AddOn_5GB,NBO,0.2192,SMS,"Customer exceeded the data cap in 3 of the last 3 months, is 50 days from renewal.",Hi! Data AddOn 5GB suits your usage. Reply YES. Ooredoo,APPROVED,offline