msisdn,action,action_type,channel,sentiment,rationale_WHY,message_HOW,guard_status,gen_source
97451803258,Device_Upgrade_iPhone,Upsell,SMS,Neutral,"Subscriber has rising data usage, is eligible for a device upgrade (Huawei P60, 35m old).",Hi! You're eligible to upgrade your Huawei P60 — Device Upgrade iPhone is ready. Reply YES. Ooredoo,BLOCKED_NO_CONSENT,offline
97457965603,Device_Upgrade_iPhone,Upsell,Call,Positive,"Subscriber is a heavy data user (101% of 20GB), is eligible for a device upgrade (iPhone 15, 35m old).","AGENT: Subscriber is a heavy data user (101% of 20GB), is eligible for a device upgrade (iPhone 15, 35m old). Recommend: You're eligible to upgrade your iPhone 15 — Device Upgrade iPhone is ready.",REVIEW_CREDIT,offline
97456891143,5G_Unlimited_Upgrade,Upsell,Push,Negative,"Subscriber recently contacted care: ""customer asked about high bill last month"", exceeded data cap in 3 of the last 3 months, is a heavy data user (100% of 5GB), has rising data usage, is eligible for a device upgrade (iPhone 15, 41m old), shows elevated churn risk, is a Gold loyalty member.","Thanks for being with us — to make things right, our 5G Unlimited Upgrade is ready for you — tap to activate.",BLOCKED_NO_CONSENT,offline
97454949905,Loyalty_Points_2x,Retention,SMS,Negative,"Subscriber recently contacted care: ""customer reported dropped calls in their area"", exceeded data cap in 2 of the last 3 months, is 34 days from renewal, shows elevated churn risk.","Hi! Thanks for being with us — to make things right, our Loyalty Points 2x is ready for you. Reply YES. Ooredoo",APPROVED,offline
97454897136,5G_Unlimited_Upgrade,Upsell,Email,Positive,"Subscriber exceeded data cap in 2 of the last 3 months, is 31 days from renewal.","Dear Customer,

Subscriber exceeded data cap in 2 of the last 3 months, is 31 days from renewal.

You're using 74% of your 10GB — 5G Unlimited Upgrade gives you more headroom.

Ooredoo",APPROVED,offline
97458727380,Loyalty_Points_2x,Retention,SMS,Neutral,"Subscriber exceeded data cap in 1 of the last 3 months, is 1 days from renewal, shows elevated churn risk.","Hi! Thanks for being with us — to make things right, our Loyalty Points 2x is ready for you. Reply YES. Ooredoo",SOFTENED,offline
97451773510,Device_Upgrade_iPhone,Upsell,Push,Neutral,"Subscriber exceeded data cap in 3 of the last 3 months, is a heavy data user (102% of 10GB), is eligible for a device upgrade (Other, 47m old), is a Gold loyalty member.",You're eligible to upgrade your Other — Device Upgrade iPhone is ready — tap to activate.,APPROVED,offline
97457276311,Loyalty_Points_2x,Retention,Email,Negative,"Subscriber recently contacted care: ""customer unhappy after roaming charges abroad"", exceeded data cap in 2 of the last 3 months, is eligible for a device upgrade (Pixel 8, 43m old), shows elevated churn risk, is a Gold loyalty member.","Dear Customer,

Subscriber recently contacted care: ""customer unhappy after roaming charges abroad"", exceeded data cap in 2 of the last 3 months, is eligible for a device upgrade (Pixel 8, 43m old), shows elevated churn risk, is a Gold loyalty member.

Thanks for being with us — to make things right, our Loyalty Points 2x is ready for you.

Ooredoo",APPROVED,offline
97452813225,Device_Upgrade_iPhone,Upsell,SMS,Neutral,"Subscriber is a heavy data user (101% of 100GB), is eligible for a device upgrade (Huawei P60, 25m old).",Hi! You're eligible to upgrade your Huawei P60 — Device Upgrade iPhone is ready. Reply YES. Ooredoo,APPROVED,offline
97451847596,5G_Unlimited_Upgrade,Upsell,Call,Neutral,Subscriber exceeded data cap in 3 of the last 3 months.,AGENT: Subscriber exceeded data cap in 3 of the last 3 months. Recommend: You're using 72% of your 50GB — 5G Unlimited Upgrade gives you more headroom.,BLOCKED_NO_CONSENT,offline
97455738310,Loyalty_Points_2x,Retention,Push,Neutral,"Subscriber exceeded data cap in 1 of the last 3 months, has rising data usage, shows elevated churn risk.","Thanks for being with us — to make things right, our Loyalty Points 2x is ready for you — tap to activate.",APPROVED,offline
97459780600,200mins_Upsell,Upsell,SMS,Positive,"Subscriber exceeded data cap in 2 of the last 3 months, is 22 days from renewal, is a Platinum loyalty member.",Hi! You're using 59% of your 100GB — 200mins Upsell gives you more headroom. Reply YES. Ooredoo,BLOCKED_NO_CONSENT,offline
97457621770,Device_Upgrade_iPhone,Upsell,SMS,Neutral,"Subscriber exceeded data cap in 2 of the last 3 months, has rising data usage, is 35 days from renewal, is eligible for a device upgrade (Galaxy S23, 40m old).",Hi! You're eligible to upgrade your Galaxy S23 — Device Upgrade iPhone is ready. Reply YES. Ooredoo,APPROVED,offline
97457850256,Device_Upgrade_iPhone,Upsell,SMS,Neutral,Subscriber is a Gold loyalty member.,Hi! You're using 36% of your 50GB — Device Upgrade iPhone gives you more headroom. Reply YES. Ooredoo,APPROVED,offline
97457457294,Device_Upgrade_iPhone,Upsell,Push,Neutral,"Subscriber exceeded data cap in 3 of the last 3 months, is a heavy data user (101% of 100GB), is 18 days from renewal, is eligible for a device upgrade (iPhone 14, 27m old).",You're eligible to upgrade your iPhone 14 — Device Upgrade iPhone is ready — tap to activate.,APPROVED,offline
97458074577,Device_Upgrade_iPhone,Upsell,Call,Neutral,"Subscriber exceeded data cap in 3 of the last 3 months, has rising data usage, is eligible for a device upgrade (Galaxy S23, 25m old), is a Gold loyalty member.","AGENT: Subscriber exceeded data cap in 3 of the last 3 months, has rising data usage, is eligible for a device upgrade (Galaxy S23, 25m old), is a Gold loyalty member. Recommend: You're eligible to upgrade your Galaxy S23 — Device Upgrade iPhone is ready.",APPROVED,offline
97455619038,Device_Upgrade_iPhone,Upsell,Email,Positive,"Subscriber exceeded data cap in 3 of the last 3 months, is 32 days from renewal, is a Platinum loyalty member.","Dear Customer,

Subscriber exceeded data cap in 3 of the last 3 months, is 32 days from renewal, is a Platinum loyalty member.

You're using 68% of your 50GB — Device Upgrade iPhone gives you more headroom.

Ooredoo",APPROVED,offline
97452153022,5G_Unlimited_Upgrade,Upsell,Email,Neutral,"Subscriber exceeded data cap in 2 of the last 3 months, is a heavy data user (115% of 50GB).","Dear Customer,

Subscriber exceeded data cap in 2 of the last 3 months, is a heavy data user (115% of 50GB).

You're using 115% of your 50GB — 5G Unlimited Upgrade gives you more headroom.

Ooredoo",BLOCKED_NO_CONSENT,offline
97458557733,Device_Upgrade_iPhone,Upsell,WhatsApp,Positive,"Subscriber exceeded data cap in 1 of the last 3 months, has rising data usage, is 26 days from renewal, is eligible for a device upgrade (Galaxy A54, 36m old), is a Gold loyalty member.",Hi! You're eligible to upgrade your Galaxy A54 — Device Upgrade iPhone is ready. Tap below to confirm. Ooredoo,APPROVED,offline
97455053472,Device_Upgrade_iPhone,Upsell,WhatsApp,Neutral,"Subscriber is eligible for a device upgrade (Other, 32m old), is a Platinum loyalty member.",Hi! You're eligible to upgrade your Other — Device Upgrade iPhone is ready. Tap below to confirm. Ooredoo,APPROVED,offline
97455503166,Device_Upgrade_iPhone,Upsell,WhatsApp,Positive,"Subscriber exceeded data cap in 1 of the last 3 months, is eligible for a device upgrade (iPhone 15, 38m old).",Hi! You're eligible to upgrade your iPhone 15 — Device Upgrade iPhone is ready. Tap below to confirm. Ooredoo,APPROVED,offline
97454337181,Device_Upgrade_iPhone,Upsell,Push,Neutral,"Subscriber is experiencing network issues (dropped-call rate 4%), is a heavy data user (116% of 10GB).","We noticed your service hasn't been at its best lately — to make it right, our Device Upgrade iPhone is ready for you — ",NETWORK_HOLD,offline
97452642946,Device_Upgrade_iPhone,Upsell,Push,Positive,Subscriber exceeded data cap in 1 of the last 3 months.,You're using 65% of your 5GB — Device Upgrade iPhone gives you more headroom — tap to activate.,APPROVED,offline
97459340883,Device_Upgrade_iPhone,Upsell,Call,Neutral,"Subscriber is experiencing network issues (dropped-call rate 4%), exceeded data cap in 2 of the last 3 months, is eligible for a device upgrade (Other, 30m old).","AGENT: Subscriber is experiencing network issues (dropped-call rate 4%), exceeded data cap in 2 of the last 3 months, is eligible for a device upgrade (Other, 30m old). Recommend: We noticed your service hasn't been at its best lately — to make it right, our Device Upgrade iPhone is ready for you.",NETWORK_HOLD,offline
97458034106,Loyalty_Points_2x,Retention,Push,Negative,"Subscriber recently contacted care: ""customer threatened to switch to a competitor"", exceeded data cap in 2 of the last 3 months, has rising data usage.","Thanks for being with us — to make things right, our Loyalty Points 2x is ready for you — tap to activate.",APPROVED,offline
97456794785,Device_Upgrade_iPhone,Upsell,WhatsApp,Neutral,"Subscriber exceeded data cap in 1 of the last 3 months, is a heavy data user (95% of 5GB), is 30 days from renewal, is eligible for a device upgrade (iPhone 14, 37m old).",Hi! You're eligible to upgrade your iPhone 14 — Device Upgrade iPhone is ready. Tap below to confirm. Ooredoo,APPROVED,offline
97454621728,Device_Upgrade_iPhone,Upsell,Call,Neutral,"Subscriber has rising data usage, is 14 days from renewal, is eligible for a device upgrade (Pixel 8, 28m old), is a Gold loyalty member.","AGENT: Subscriber has rising data usage, is 14 days from renewal, is eligible for a device upgrade (Pixel 8, 28m old), is a Gold loyalty member. Recommend: You're eligible to upgrade your Pixel 8 — Device Upgrade iPhone is ready.",APPROVED,offline
97458404853,Device_Upgrade_iPhone,Upsell,Call,Neutral,"Subscriber exceeded data cap in 3 of the last 3 months, has rising data usage, is eligible for a device upgrade (Galaxy S23, 41m old).","AGENT: Subscriber exceeded data cap in 3 of the last 3 months, has rising data usage, is eligible for a device upgrade (Galaxy S23, 41m old). Recommend: You're eligible to upgrade your Galaxy S23 — Device Upgrade iPhone is ready.",APPROVED,offline
97455908861,Loyalty_Points_2x,Retention,Call,Negative,"Subscriber recently contacted care: ""customer unhappy after roaming charges abroad"", exceeded data cap in 3 of the last 3 months, has rising data usage, is eligible for a device upgrade (Huawei P60, 30m old).","AGENT: Subscriber recently contacted care: ""customer unhappy after roaming charges abroad"", exceeded data cap in 3 of the last 3 months, has rising data usage, is eligible for a device upgrade (Huawei P60, 30m old). Recommend: Thanks for being with us — to make things right, our Loyalty Points 2x is ready for you.",APPROVED,offline
97454990727,Device_Upgrade_iPhone,Upsell,SMS,Positive,"Subscriber is experiencing network issues (dropped-call rate 5%), exceeded data cap in 2 of the last 3 months, has rising data usage, is eligible for a device upgrade (iPhone 15, 32m old).","Hi! We noticed your service hasn't been at its best lately — to make it right, our Device Upgrade iPhone is ready for you. Reply YES. Ooredoo",NETWORK_HOLD,offline
97455054135,Device_Upgrade_iPhone,Upsell,WhatsApp,Neutral,"Subscriber exceeded data cap in 2 of the last 3 months, is a heavy data user (93% of 10GB), is 36 days from renewal, is eligible for a device upgrade (iPhone 14, 46m old).",Hi! You're eligible to upgrade your iPhone 14 — Device Upgrade iPhone is ready. Tap below to confirm. Ooredoo,APPROVED,offline
97453045148,200mins_Upsell,Upsell,SMS,Neutral,Subscriber exceeded data cap in 3 of the last 3 months.,Hi! You're using 19% of your 50GB — 200mins Upsell gives you more headroom. Reply YES. Ooredoo,APPROVED,offline
97451829223,Device_Upgrade_iPhone,Upsell,WhatsApp,Neutral,"Subscriber exceeded data cap in 1 of the last 3 months, is a heavy data user (100% of 100GB), has rising data usage, is eligible for a device upgrade (iPhone 14, 29m old).",Hi! You're eligible to upgrade your iPhone 14 — Device Upgrade iPhone is ready. Tap below to confirm. Ooredoo,APPROVED,offline
97455991262,Device_Upgrade_iPhone,Upsell,SMS,Neutral,Subscriber exceeded data cap in 2 of the last 3 months.,Hi! You're using 73% of your 5GB — Device Upgrade iPhone gives you more headroom. Reply YES. Ooredoo,APPROVED,offline
97458991007,Device_Upgrade_iPhone,Upsell,WhatsApp,Neutral,"Subscriber exceeded data cap in 2 of the last 3 months, is a heavy data user (112% of 20GB), is eligible for a device upgrade (iPhone 15, 23m old).",Hi! You're eligible to upgrade your iPhone 15 — Device Upgrade iPhone is ready. Tap below to confirm. Ooredoo,APPROVED,offline
97451574355,5G_Unlimited_Upgrade,Upsell,Call,Neutral,Subscriber exceeded data cap in 2 of the last 3 months.,AGENT: Subscriber exceeded data cap in 2 of the last 3 months. Recommend: You're using 30% of your 50GB — 5G Unlimited Upgrade gives you more headroom.,APPROVED,offline
97458724620,Loyalty_Points_2x,Retention,SMS,Negative,"Subscriber recently contacted care: ""customer threatened to switch to a competitor"", exceeded data cap in 3 of the last 3 months.","Hi! Thanks for being with us — to make things right, our Loyalty Points 2x is ready for you. Reply YES. Ooredoo",APPROVED,offline
97458448679,Device_Upgrade_iPhone,Upsell,Call,Neutral,"Subscriber is experiencing network issues (dropped-call rate 5%), is a heavy data user (111% of 50GB), has rising data usage, is eligible for a device upgrade (iPhone 15, 21m old), shows elevated churn risk.","AGENT: Subscriber is experiencing network issues (dropped-call rate 5%), is a heavy data user (111% of 50GB), has rising data usage, is eligible for a device upgrade (iPhone 15, 21m old), shows elevated churn risk. Recommend: We noticed your service hasn't been at its best lately — to make it right, our Device Upgrade iPhone is ready for you.",NETWORK_HOLD,offline
97453490836,Device_Upgrade_iPhone,Upsell,Email,Neutral,"Subscriber is experiencing network issues (dropped-call rate 13%), exceeded data cap in 1 of the last 3 months, is 47 days from renewal, is a Gold loyalty member.","Dear Customer,

Subscriber is experiencing network issues (dropped-call rate 13%), exceeded data cap in 1 of the last 3 months, is 47 days from renewal, is a Gold loyalty member.

We noticed your service hasn't been at its best lately — to make it right, our Device Upgrade iPhone is ready for you.

Ooredoo",NETWORK_HOLD,offline
97456684978,5G_Unlimited_Upgrade,Upsell,SMS,Neutral,"Subscriber exceeded data cap in 3 of the last 3 months, is 58 days from renewal.",Hi! You're using 30% of your 100GB — 5G Unlimited Upgrade gives you more headroom. Reply YES. Ooredoo,BLOCKED_NO_CONSENT,offline
97452487061,Device_Upgrade_iPhone,Upsell,SMS,Neutral,"Subscriber is eligible for a device upgrade (Other, 35m old), is a Platinum loyalty member.",Hi! You're eligible to upgrade your Other — Device Upgrade iPhone is ready. Reply YES. Ooredoo,APPROVED,offline
97457822788,Device_Upgrade_iPhone,Upsell,Push,Positive,"Subscriber exceeded data cap in 2 of the last 3 months, is eligible for a device upgrade (Pixel 8, 41m old).",You're eligible to upgrade your Pixel 8 — Device Upgrade iPhone is ready — tap to activate.,APPROVED,offline
97457304705,Device_Upgrade_iPhone,Upsell,Push,Negative,"Subscriber recently contacted care: ""customer threatened to switch to a competitor"", exceeded data cap in 2 of the last 3 months, is a heavy data user (91% of 20GB), is eligible for a device upgrade (Pixel 8, 22m old), is a Gold loyalty member.","Thanks for being with us — to make things right, our Device Upgrade iPhone is ready for you — tap to activate.",APPROVED,offline
97454190733,Loyalty_Points_2x,Retention,Push,Negative,"Subscriber recently contacted care: ""customer unhappy after roaming charges abroad"", exceeded data cap in 3 of the last 3 months, is eligible for a device upgrade (iPhone 15, 32m old).","Thanks for being with us — to make things right, our Loyalty Points 2x is ready for you — tap to activate.",APPROVED,offline
97451611279,Device_Upgrade_iPhone,Upsell,Push,Neutral,"Subscriber is experiencing network issues (dropped-call rate 10%), recently contacted care: ""customer reported dropped calls in their area"", is 13 days from renewal, is eligible for a device upgrade (Pixel 8, 39m old).","We noticed your service hasn't been at its best lately — to make it right, our Device Upgrade iPhone is ready for you — ",NETWORK_HOLD,offline
97459736281,200mins_Upsell,Upsell,SMS,Neutral,"Subscriber is experiencing network issues (dropped-call rate 8%), exceeded data cap in 2 of the last 3 months, is 21 days from renewal.","Hi! We noticed your service hasn't been at its best lately — to make it right, our 200mins Upsell is ready for you. Reply YES. Ooredoo",NETWORK_HOLD,offline
97455011186,200mins_Upsell,Upsell,Push,Positive,Subscriber exceeded data cap in 1 of the last 3 months.,You're using 54% of your 20GB — 200mins Upsell gives you more headroom — tap to activate.,APPROVED,offline
97459038089,Device_Upgrade_iPhone,Upsell,Call,Neutral,"Subscriber recently contacted care: ""customer reported dropped calls in their area"", exceeded data cap in 1 of the last 3 months, is a heavy data user (86% of 100GB), is eligible for a device upgrade (Galaxy A54, 30m old), is a Platinum loyalty member.","AGENT: Subscriber recently contacted care: ""customer reported dropped calls in their area"", exceeded data cap in 1 of the last 3 months, is a heavy data user (86% of 100GB), is eligible for a device upgrade (Galaxy A54, 30m old), is a Platinum loyalty member. Recommend: You're eligible to upgrade your Galaxy A54 — Device Upgrade iPhone is ready.",APPROVED,offline
97457101270,200mins_Upsell,Upsell,Call,Positive,"Subscriber is experiencing network issues (dropped-call rate 6%), is a Gold loyalty member.","AGENT: Subscriber is experiencing network issues (dropped-call rate 6%), is a Gold loyalty member. Recommend: We noticed your service hasn't been at its best lately — to make it right, our 200mins Upsell is ready for you.",NETWORK_HOLD,offline
97458005450,5G_Unlimited_Upgrade,Upsell,WhatsApp,Neutral,"Subscriber exceeded data cap in 1 of the last 3 months, is a Platinum loyalty member.",Hi! You're using 69% of your 5GB — 5G Unlimited Upgrade gives you more headroom. Tap below to confirm. Ooredoo,APPROVED,offline
97457839094,Device_Upgrade_iPhone,Upsell,SMS,Neutral,"Subscriber exceeded data cap in 3 of the last 3 months, is eligible for a device upgrade (iPhone 14, 36m old).",Hi! You're eligible to upgrade your iPhone 14 — Device Upgrade iPhone is ready. Reply YES. Ooredoo,APPROVED,offline
97452751748,Device_Upgrade_iPhone,Upsell,SMS,Neutral,"Subscriber is experiencing network issues (dropped-call rate 2%), exceeded data cap in 3 of the last 3 months, is a heavy data user (116% of 20GB), has rising data usage, is eligible for a device upgrade (Galaxy S23, 29m old).","Hi! We noticed your service hasn't been at its best lately — to make it right, our Device Upgrade iPhone is ready for you. Reply YES. Ooredoo",BLOCKED_NO_CONSENT,offline
97454275153,Loyalty_Points_2x,Retention,Push,Negative,"Subscriber recently contacted care: ""customer complained about slow data speeds at home"", exceeded data cap in 3 of the last 3 months, is 60 days from renewal, is eligible for a device upgrade (Other, 41m old), is a Gold loyalty member.","Thanks for being with us — to make things right, our Loyalty Points 2x is ready for you — tap to activate.",APPROVED,offline
97455200488,Loyalty_Points_2x,Retention,Email,Negative,"Subscriber recently contacted care: ""customer threatened to switch to a competitor"", exceeded data cap in 2 of the last 3 months, is a heavy data user (105% of 50GB), shows elevated churn risk.","Dear Customer,

Subscriber recently contacted care: ""customer threatened to switch to a competitor"", exceeded data cap in 2 of the last 3 months, is a heavy data user (105% of 50GB), shows elevated churn risk.

Thanks for being with us — to make things right, our Loyalty Points 2x is ready for you.

Ooredoo",BLOCKED_NO_CONSENT,offline
97455480123,Device_Upgrade_iPhone,Upsell,SMS,Neutral,"Subscriber exceeded data cap in 3 of the last 3 months, is a Platinum loyalty member.",Hi! You're using 78% of your 10GB — Device Upgrade iPhone gives you more headroom. Reply YES. Ooredoo,APPROVED,offline
97451394233,Device_Upgrade_iPhone,Upsell,Push,Neutral,"Subscriber exceeded data cap in 2 of the last 3 months, is a heavy data user (92% of 50GB).",You're using 92% of your 50GB — Device Upgrade iPhone gives you more headroom — tap to activate.,REVIEW_CREDIT,offline
97455919124,5G_Unlimited_Upgrade,Upsell,Push,Positive,Subscriber has rising data usage.,You're using 69% of your 50GB — 5G Unlimited Upgrade gives you more headroom — tap to activate.,APPROVED,offline
97452388605,Device_Upgrade_iPhone,Upsell,Email,Positive,"Subscriber exceeded data cap in 2 of the last 3 months, has rising data usage, is eligible for a device upgrade (Huawei P60, 46m old).","Dear Customer,

Subscriber exceeded data cap in 2 of the last 3 months, has rising data usage, is eligible for a device upgrade (Huawei P60, 46m old).

You're eligible to upgrade your Huawei P60 — Device Upgrade iPhone is ready.

Ooredoo",APPROVED,offline
97457690382,Device_Upgrade_iPhone,Upsell,SMS,Neutral,"Subscriber is experiencing network issues (dropped-call rate 5%), is a heavy data user (95% of 100GB), has rising data usage, is 8 days from renewal, is eligible for a device upgrade (Pixel 8, 41m old).","Hi! We noticed your service hasn't been at its best lately — to make it right, our Device Upgrade iPhone is ready for you. Reply YES. Ooredoo",NETWORK_HOLD,offline
97457147439,Device_Upgrade_iPhone,Upsell,Push,Positive,"Subscriber exceeded data cap in 1 of the last 3 months, has rising data usage, is a Platinum loyalty member.",You're using 28% of your 50GB — Device Upgrade iPhone gives you more headroom — tap to activate.,APPROVED,offline
97459302749,5G_Unlimited_Upgrade,Upsell,WhatsApp,Negative,"Subscriber recently contacted care: ""customer asked about high bill last month"", exceeded data cap in 3 of the last 3 months, is a heavy data user (86% of 5GB), has rising data usage, is 8 days from renewal.","Hi! Thanks for being with us — to make things right, our 5G Unlimited Upgrade is ready for you. Tap below to confirm. Ooredoo",APPROVED,offline
97457702858,Device_Upgrade_iPhone,Upsell,SMS,Neutral,"Subscriber exceeded data cap in 3 of the last 3 months, has rising data usage, is 5 days from renewal, is eligible for a device upgrade (Galaxy S23, 25m old).",Hi! You're eligible to upgrade your Galaxy S23 — Device Upgrade iPhone is ready. Reply YES. Ooredoo,REVIEW_CREDIT,offline
97454299783,Device_Upgrade_iPhone,Upsell,SMS,Neutral,"Subscriber exceeded data cap in 2 of the last 3 months, is eligible for a device upgrade (Pixel 8, 40m old).",Hi! You're eligible to upgrade your Pixel 8 — Device Upgrade iPhone is ready. Reply YES. Ooredoo,APPROVED,offline
97459707586,Device_Upgrade_iPhone,Upsell,Email,Neutral,"Subscriber is experiencing network issues (dropped-call rate 5%), exceeded data cap in 2 of the last 3 months, is a Platinum loyalty member.","Dear Customer,

Subscriber is experiencing network issues (dropped-call rate 5%), exceeded data cap in 2 of the last 3 months, is a Platinum loyalty member.

We noticed your service hasn't been at its best lately — to make it right, our Device Upgrade iPhone is ready for you.

Ooredoo",NETWORK_HOLD,offline
97454697652,Device_Upgrade_iPhone,Upsell,Call,Neutral,"Subscriber is experiencing network issues (dropped-call rate 3%), exceeded data cap in 1 of the last 3 months, is 39 days from renewal, is eligible for a device upgrade (Other, 37m old), is a Gold loyalty member.","AGENT: Subscriber is experiencing network issues (dropped-call rate 3%), exceeded data cap in 1 of the last 3 months, is 39 days from renewal, is eligible for a device upgrade (Other, 37m old), is a Gold loyalty member. Recommend: We noticed your service hasn't been at its best lately — to make it right, our Device Upgrade iPhone is ready for you.",REVIEW_CREDIT,offline
97453932427,Loyalty_Points_2x,Retention,Call,Negative,"Subscriber recently contacted care: ""customer reported dropped calls in their area"", exceeded data cap in 3 of the last 3 months, has rising data usage, is 49 days from renewal, shows elevated churn risk, is a Platinum loyalty member.","AGENT: Subscriber recently contacted care: ""customer reported dropped calls in their area"", exceeded data cap in 3 of the last 3 months, has rising data usage, is 49 days from renewal, shows elevated churn risk, is a Platinum loyalty member. Recommend: Thanks for being with us — to make things right, our Loyalty Points 2x is ready for you.",BLOCKED_NO_CONSENT,offline
97459149820,Loyalty_Points_2x,Retention,WhatsApp,Negative,"Subscriber recently contacted care: ""customer asked about high bill last month"", exceeded data cap in 2 of the last 3 months, is eligible for a device upgrade (iPhone 15, 22m old), shows elevated churn risk.","Hi! Thanks for being with us — to make things right, our Loyalty Points 2x is ready for you. Tap below to confirm. Ooredoo",APPROVED,offline
97454334136,Device_Upgrade_iPhone,Upsell,SMS,Positive,"Subscriber exceeded data cap in 2 of the last 3 months, is a heavy data user (83% of 5GB), has rising data usage, is eligible for a device upgrade (iPhone 15, 20m old), is a Gold loyalty member.",Hi! You're eligible to upgrade your iPhone 15 — Device Upgrade iPhone is ready. Reply YES. Ooredoo,APPROVED,offline
97451687088,Device_Upgrade_iPhone,Upsell,SMS,Neutral,"Subscriber exceeded data cap in 2 of the last 3 months, is a heavy data user (82% of 50GB), has rising data usage, is 16 days from renewal, is eligible for a device upgrade (Galaxy S23, 29m old).",Hi! You're eligible to upgrade your Galaxy S23 — Device Upgrade iPhone is ready. Reply YES. Ooredoo,APPROVED,offline
97455226001,Loyalty_Points_2x,Retention,SMS,Negative,"Subscriber is experiencing network issues (dropped-call rate 4%), recently contacted care: ""customer complained about slow data speeds at home"", exceeded data cap in 3 of the last 3 months, is eligible for a device upgrade (Other, 20m old), shows elevated churn risk.","Hi! We noticed your service hasn't been at its best lately — to make it right, our Loyalty Points 2x is ready for you. Reply YES. Ooredoo",APPROVED,offline
97458161118,Loyalty_Points_2x,Retention,SMS,Neutral,"Subscriber exceeded data cap in 2 of the last 3 months, is eligible for a device upgrade (Galaxy A54, 47m old), shows elevated churn risk.","Hi! Thanks for being with us — to make things right, our Loyalty Points 2x is ready for you. Reply YES. Ooredoo",SOFTENED,offline
97452705242,Device_Upgrade_iPhone,Upsell,SMS,Neutral,"Subscriber is experiencing network issues (dropped-call rate 9%), exceeded data cap in 1 of the last 3 months, is 16 days from renewal, is eligible for a device upgrade (iPhone 15, 44m old).","Hi! We noticed your service hasn't been at its best lately — to make it right, our Device Upgrade iPhone is ready for you. Reply YES. Ooredoo",BLOCKED_NO_CONSENT,offline
97455166464,Device_Upgrade_iPhone,Upsell,SMS,Positive,"Subscriber is experiencing network issues (dropped-call rate 13%), exceeded data cap in 1 of the last 3 months, is a heavy data user (87% of 10GB), is 22 days from renewal, is eligible for a device upgrade (Galaxy S23, 30m old), is a Gold loyalty member.","Hi! We noticed your service hasn't been at its best lately — to make it right, our Device Upgrade iPhone is ready for you. Reply YES. Ooredoo",BLOCKED_NO_CONSENT,offline
97452169293,5G_Unlimited_Upgrade,Upsell,Push,Neutral,"Subscriber exceeded data cap in 1 of the last 3 months, has rising data usage.",You're using 42% of your 50GB — 5G Unlimited Upgrade gives you more headroom — tap to activate.,APPROVED,offline
97457178303,Device_Upgrade_iPhone,Upsell,Push,Positive,"Subscriber exceeded data cap in 2 of the last 3 months, is a heavy data user (93% of 100GB).",You're using 93% of your 100GB — Device Upgrade iPhone gives you more headroom — tap to activate.,APPROVED,offline
97455281343,Device_Upgrade_iPhone,Upsell,Push,Neutral,"Subscriber exceeded data cap in 1 of the last 3 months, is 47 days from renewal, is eligible for a device upgrade (Galaxy A54, 37m old).",You're eligible to upgrade your Galaxy A54 — Device Upgrade iPhone is ready — tap to activate.,APPROVED,offline
97453971766,Device_Upgrade_iPhone,Upsell,Call,Neutral,"Subscriber is a heavy data user (86% of 50GB), is a Gold loyalty member.","AGENT: Subscriber is a heavy data user (86% of 50GB), is a Gold loyalty member. Recommend: You're using 86% of your 50GB — Device Upgrade iPhone gives you more headroom.",APPROVED,offline
97453042183,Device_Upgrade_iPhone,Upsell,SMS,Positive,"Subscriber exceeded data cap in 2 of the last 3 months, is eligible for a device upgrade (Pixel 8, 22m old).",Hi! You're eligible to upgrade your Pixel 8 — Device Upgrade iPhone is ready. Reply YES. Ooredoo,APPROVED,offline
97456080498,Device_Upgrade_iPhone,Upsell,Call,Neutral,"Subscriber exceeded data cap in 3 of the last 3 months, is 31 days from renewal, is eligible for a device upgrade (iPhone 14, 33m old), is a Gold loyalty member.","AGENT: Subscriber exceeded data cap in 3 of the last 3 months, is 31 days from renewal, is eligible for a device upgrade (iPhone 14, 33m old), is a Gold loyalty member. Recommend: You're eligible to upgrade your iPhone 14 — Device Upgrade iPhone is ready.",APPROVED,offline
97457028325,Device_Upgrade_iPhone,Upsell,WhatsApp,Neutral,"Subscriber is eligible for a device upgrade (Pixel 8, 25m old), is a Platinum loyalty member.",Hi! You're eligible to upgrade your Pixel 8 — Device Upgrade iPhone is ready. Tap below to confirm. Ooredoo,APPROVED,offline
97459462753,Roaming_Daily_Pass,CrossSell,Call,Neutral,"Subscriber is experiencing network issues (dropped-call rate 6%), exceeded data cap in 3 of the last 3 months, is eligible for a device upgrade (Other, 32m old).","AGENT: Subscriber is experiencing network issues (dropped-call rate 6%), exceeded data cap in 3 of the last 3 months, is eligible for a device upgrade (Other, 32m old). Recommend: We noticed your service hasn't been at its best lately — to make it right, our Roaming Daily Pass is ready for you.",APPROVED,offline
97454934366,Retention_Save_25pct,Retention,Call,Neutral,"Subscriber recently contacted care: ""customer asked about high bill last month"", exceeded data cap in 3 of the last 3 months.","AGENT: Subscriber recently contacted care: ""customer asked about high bill last month"", exceeded data cap in 3 of the last 3 months. Recommend: Based on your usage, our Retention Save 25pct keeps you covered.",APPROVED,offline
97452446193,Loyalty_Points_2x,Retention,Call,Negative,"Subscriber recently contacted care: ""customer unhappy after roaming charges abroad"", exceeded data cap in 3 of the last 3 months, has rising data usage, is 6 days from renewal, is eligible for a device upgrade (Pixel 8, 47m old).","AGENT: Subscriber recently contacted care: ""customer unhappy after roaming charges abroad"", exceeded data cap in 3 of the last 3 months, has rising data usage, is 6 days from renewal, is eligible for a device upgrade (Pixel 8, 47m old). Recommend: Thanks for being with us — to make things right, our Loyalty Points 2x is ready for you.",APPROVED,offline
97458494102,Device_Upgrade_iPhone,Upsell,WhatsApp,Positive,"Subscriber has rising data usage, is 13 days from renewal, is eligible for a device upgrade (Galaxy A54, 42m old).",Hi! You're eligible to upgrade your Galaxy A54 — Device Upgrade iPhone is ready. Tap below to confirm. Ooredoo,BLOCKED_NO_CONSENT,offline
97456667878,Device_Upgrade_iPhone,Upsell,SMS,Positive,"Subscriber is experiencing network issues (dropped-call rate 2%), exceeded data cap in 1 of the last 3 months, is a heavy data user (82% of 5GB), has rising data usage, is eligible for a device upgrade (iPhone 14, 35m old), is a Gold loyalty member.","Hi! We noticed your service hasn't been at its best lately — to make it right, our Device Upgrade iPhone is ready for you. Reply YES. Ooredoo",NETWORK_HOLD,offline
97457302385,200mins_Upsell,Upsell,WhatsApp,Neutral,"Subscriber is experiencing network issues (dropped-call rate 4%), exceeded data cap in 3 of the last 3 months, is a heavy data user (109% of 50GB).","Hi! We noticed your service hasn't been at its best lately — to make it right, our 200mins Upsell is ready for you. Tap below to confirm. Ooredoo",NETWORK_HOLD,offline
97451875039,Device_Upgrade_iPhone,Upsell,Push,Neutral,"Subscriber is eligible for a device upgrade (Galaxy S23, 36m old).",You're eligible to upgrade your Galaxy S23 — Device Upgrade iPhone is ready — tap to activate.,APPROVED,offline
97453811299,Device_Upgrade_iPhone,Upsell,WhatsApp,Neutral,"Subscriber exceeded data cap in 3 of the last 3 months, is eligible for a device upgrade (Pixel 8, 31m old), is a Gold loyalty member.",Hi! You're eligible to upgrade your Pixel 8 — Device Upgrade iPhone is ready. Tap below to confirm. Ooredoo,APPROVED,offline
97457910594,Device_Upgrade_iPhone,Upsell,WhatsApp,Positive,"Subscriber exceeded data cap in 2 of the last 3 months, is a heavy data user (86% of 10GB), is 35 days from renewal, is eligible for a device upgrade (Galaxy S23, 21m old).",Hi! You're eligible to upgrade your Galaxy S23 — Device Upgrade iPhone is ready. Tap below to confirm. Ooredoo,APPROVED,offline
97458490337,Device_Upgrade_iPhone,Upsell,SMS,Positive,Subscriber exceeded data cap in 1 of the last 3 months.,Hi! You're using 43% of your 5GB — Device Upgrade iPhone gives you more headroom. Reply YES. Ooredoo,BLOCKED_NO_CONSENT,offline
97454916949,Loyalty_Points_2x,Retention,SMS,Neutral,"Subscriber recently contacted care: ""customer threatened to switch to a competitor"", exceeded data cap in 1 of the last 3 months, has rising data usage, shows elevated churn risk.","Hi! Thanks for being with us — to make things right, our Loyalty Points 2x is ready for you. Reply YES. Ooredoo",SOFTENED,offline
97458242878,Device_Upgrade_iPhone,Upsell,Call,Neutral,"Subscriber exceeded data cap in 1 of the last 3 months, has rising data usage, is 54 days from renewal, is eligible for a device upgrade (Galaxy S23, 40m old).","AGENT: Subscriber exceeded data cap in 1 of the last 3 months, has rising data usage, is 54 days from renewal, is eligible for a device upgrade (Galaxy S23, 40m old). Recommend: You're eligible to upgrade your Galaxy S23 — Device Upgrade iPhone is ready.",APPROVED,offline
97458575225,Home_Free_OoredooTV,CrossSell,WhatsApp,Neutral,"Subscriber is eligible for a device upgrade (iPhone 14, 46m old).",Hi! Add Home Free OoredooTV to get more from your plan. Tap below to confirm. Ooredoo,APPROVED,offline
97454487305,Device_Upgrade_iPhone,Upsell,Email,Neutral,Subscriber exceeded data cap in 1 of the last 3 months.,"Dear Customer,

Subscriber exceeded data cap in 1 of the last 3 months.

You're using 47% of your 50GB — Device Upgrade iPhone gives you more headroom.

Ooredoo",APPROVED,offline
97459082787,Loyalty_Points_2x,Retention,SMS,Negative,"Subscriber recently contacted care: ""customer threatened to switch to a competitor"", exceeded data cap in 3 of the last 3 months, is 28 days from renewal.","Hi! Thanks for being with us — to make things right, our Loyalty Points 2x is ready for you. Reply YES. Ooredoo",APPROVED,offline
97453594952,Device_Upgrade_iPhone,Upsell,Call,Negative,"Subscriber recently contacted care: ""customer reported dropped calls in their area"", is a heavy data user (95% of 100GB), has rising data usage, is eligible for a device upgrade (Galaxy A54, 29m old), is a Gold loyalty member.","AGENT: Subscriber recently contacted care: ""customer reported dropped calls in their area"", is a heavy data user (95% of 100GB), has rising data usage, is eligible for a device upgrade (Galaxy A54, 29m old), is a Gold loyalty member. Recommend: Thanks for being with us — to make things right, our Device Upgrade iPhone is ready for you.",APPROVED,offline
97453156019,5G_Unlimited_Upgrade,Upsell,WhatsApp,Neutral,"Subscriber is experiencing network issues (dropped-call rate 9%), has rising data usage.","Hi! We noticed your service hasn't been at its best lately — to make it right, our 5G Unlimited Upgrade is ready for you. Tap below to confirm. Ooredoo",NETWORK_HOLD,offline
97457142458,Device_Upgrade_iPhone,Upsell,Email,Neutral,"Subscriber exceeded data cap in 1 of the last 3 months, has rising data usage, is 11 days from renewal, is eligible for a device upgrade (Other, 37m old).","Dear Customer,

Subscriber exceeded data cap in 1 of the last 3 months, has rising data usage, is 11 days from renewal, is eligible for a device upgrade (Other, 37m old).

You're eligible to upgrade your Other — Device Upgrade iPhone is ready.

Ooredoo",APPROVED,offline
97456730855,Device_Upgrade_iPhone,Upsell,Push,Positive,"Subscriber has rising data usage, is eligible for a device upgrade (Galaxy A54, 35m old).",You're eligible to upgrade your Galaxy A54 — Device Upgrade iPhone is ready — tap to activate.,APPROVED,offline
97452257772,200mins_Upsell,Upsell,Call,Neutral,"Subscriber exceeded data cap in 1 of the last 3 months, is 5 days from renewal.","AGENT: Subscriber exceeded data cap in 1 of the last 3 months, is 5 days from renewal. Recommend: You're using 79% of your 20GB — 200mins Upsell gives you more headroom.",APPROVED,offline
97458494629,Loyalty_Points_2x,Retention,Push,Negative,"Subscriber recently contacted care: ""customer reported dropped calls in their area"", exceeded data cap in 3 of the last 3 months, is a Platinum loyalty member.","Thanks for being with us — to make things right, our Loyalty Points 2x is ready for you — tap to activate.",BLOCKED_NO_CONSENT,offline
97452799173,Device_Upgrade_iPhone,Upsell,Call,Positive,"Subscriber is experiencing network issues (dropped-call rate 6%), exceeded data cap in 2 of the last 3 months, is a heavy data user (98% of 50GB), has rising data usage, is 40 days from renewal, is eligible for a device upgrade (Other, 32m old).","AGENT: Subscriber is experiencing network issues (dropped-call rate 6%), exceeded data cap in 2 of the last 3 months, is a heavy data user (98% of 50GB), has rising data usage, is 40 days from renewal, is eligible for a device upgrade (Other, 32m old). Recommend: We noticed your service hasn't been at its best lately — to make it right, our Device Upgrade iPhone is ready for you.",NETWORK_HOLD,offline
97458244091,5G_Unlimited_Upgrade,Upsell,WhatsApp,Negative,"Subscriber recently contacted care: ""customer unhappy after roaming charges abroad"", is a heavy data user (92% of 100GB), is 26 days from renewal.","Hi! Thanks for being with us — to make things right, our 5G Unlimited Upgrade is ready for you. Tap below to confirm. Ooredoo",APPROVED,offline
97451066260,Device_Upgrade_iPhone,Upsell,Email,Positive,"Subscriber is 44 days from renewal, is eligible for a device upgrade (Huawei P60, 22m old).","Dear Customer,

Subscriber is 44 days from renewal, is eligible for a device upgrade (Huawei P60, 22m old).

You're eligible to upgrade your Huawei P60 — Device Upgrade iPhone is ready.

Ooredoo",APPROVED,offline
97458171582,Device_Upgrade_iPhone,Upsell,Push,Neutral,"Subscriber exceeded data cap in 3 of the last 3 months, is 8 days from renewal, is eligible for a device upgrade (iPhone 14, 47m old).",You're eligible to upgrade your iPhone 14 — Device Upgrade iPhone is ready — tap to activate.,APPROVED,offline
97458082318,5G_Unlimited_Upgrade,Upsell,SMS,Neutral,"Subscriber recently contacted care: ""customer asked about high bill last month"", exceeded data cap in 3 of the last 3 months, has rising data usage.",Hi! You're using 34% of your 5GB — 5G Unlimited Upgrade gives you more headroom. Reply YES. Ooredoo,BLOCKED_NO_CONSENT,offline
97458023278,Retention_Save_25pct,Retention,SMS,Neutral,"Subscriber recently contacted care: ""customer reported dropped calls in their area"", exceeded data cap in 2 of the last 3 months, is eligible for a device upgrade (Galaxy S23, 47m old), shows elevated churn risk, is a Gold loyalty member.","Hi! Thanks for being with us — to make things right, our Retention Save 25pct is ready for you. Reply YES. Ooredoo",APPROVED,offline
97456983657,Loyalty_Points_2x,Retention,Email,Negative,"Subscriber recently contacted care: ""customer asked about high bill last month"", exceeded data cap in 1 of the last 3 months, is eligible for a device upgrade (Galaxy A54, 31m old).","Dear Customer,

Subscriber recently contacted care: ""customer asked about high bill last month"", exceeded data cap in 1 of the last 3 months, is eligible for a device upgrade (Galaxy A54, 31m old).

Thanks for being with us — to make things right, our Loyalty Points 2x is ready for you.

Ooredoo",APPROVED,offline
97455244103,Device_Upgrade_iPhone,Upsell,Email,Positive,"Subscriber exceeded data cap in 2 of the last 3 months, is 49 days from renewal, is eligible for a device upgrade (Pixel 8, 38m old), is a Gold loyalty member.","Dear Customer,

Subscriber exceeded data cap in 2 of the last 3 months, is 49 days from renewal, is eligible for a device upgrade (Pixel 8, 38m old), is a Gold loyalty member.

You're eligible to upgrade your Pixel 8 — Device Upgrade iPhone is ready.

Ooredoo",APPROVED,offline
97457346487,Device_Upgrade_iPhone,Upsell,Email,Positive,"Subscriber exceeded data cap in 3 of the last 3 months, is eligible for a device upgrade (iPhone 15, 21m old).","Dear Customer,

Subscriber exceeded data cap in 3 of the last 3 months, is eligible for a device upgrade (iPhone 15, 21m old).

You're eligible to upgrade your iPhone 15 — Device Upgrade iPhone is ready.

Ooredoo",APPROVED,offline
97453494094,Device_Upgrade_iPhone,Upsell,Push,Positive,"Subscriber is experiencing network issues (dropped-call rate 14%), is a heavy data user (96% of 10GB), has rising data usage, is eligible for a device upgrade (Huawei P60, 36m old), is a Gold loyalty member.","We noticed your service hasn't been at its best lately — to make it right, our Device Upgrade iPhone is ready for you — ",NETWORK_HOLD,offline
97458026560,5G_Unlimited_Upgrade,Upsell,Push,Neutral,"Subscriber recently contacted care: ""customer reported dropped calls in their area"", exceeded data cap in 2 of the last 3 months, has rising data usage, is 32 days from renewal.",You're using 74% of your 20GB — 5G Unlimited Upgrade gives you more headroom — tap to activate.,APPROVED,offline
97456000822,Device_Upgrade_iPhone,Upsell,Push,Neutral,"Subscriber exceeded data cap in 1 of the last 3 months, is a heavy data user (87% of 5GB), has rising data usage, is 51 days from renewal, is eligible for a device upgrade (iPhone 14, 40m old), is a Gold loyalty member.",You're eligible to upgrade your iPhone 14 — Device Upgrade iPhone is ready — tap to activate.,APPROVED,offline
97455130241,Loyalty_Points_2x,Retention,Push,Negative,"Subscriber recently contacted care: ""customer reported dropped calls in their area"", exceeded data cap in 1 of the last 3 months, shows elevated churn risk.","Thanks for being with us — to make things right, our Loyalty Points 2x is ready for you — tap to activate.",APPROVED,offline
97455550455,Device_Upgrade_iPhone,Upsell,SMS,Neutral,"Subscriber exceeded data cap in 3 of the last 3 months, is 53 days from renewal, is eligible for a device upgrade (Galaxy S23, 39m old), is a Platinum loyalty member.",Hi! You're eligible to upgrade your Galaxy S23 — Device Upgrade iPhone is ready. Reply YES. Ooredoo,APPROVED,offline
97456118670,Device_Upgrade_iPhone,Upsell,SMS,Positive,"Subscriber exceeded data cap in 3 of the last 3 months, is eligible for a device upgrade (Galaxy S23, 33m old).",Hi! You're eligible to upgrade your Galaxy S23 — Device Upgrade iPhone is ready. Reply YES. Ooredoo,APPROVED,offline
97451335360,5G_Unlimited_Upgrade,Upsell,Push,Neutral,"Subscriber exceeded data cap in 2 of the last 3 months, is a Platinum loyalty member.",You're using 41% of your 50GB — 5G Unlimited Upgrade gives you more headroom — tap to activate.,APPROVED,offline
97452258172,Device_Upgrade_iPhone,Upsell,SMS,Positive,"Subscriber exceeded data cap in 2 of the last 3 months, has rising data usage, is 24 days from renewal.",Hi! You're using 79% of your 50GB — Device Upgrade iPhone gives you more headroom. Reply YES. Ooredoo,APPROVED,offline
97453209330,Device_Upgrade_iPhone,Upsell,SMS,Neutral,"Subscriber exceeded data cap in 1 of the last 3 months, is a Gold loyalty member.",Hi! You're using 70% of your 5GB — Device Upgrade iPhone gives you more headroom. Reply YES. Ooredoo,APPROVED,offline
97452030770,Device_Upgrade_iPhone,Upsell,SMS,Neutral,"Subscriber is experiencing network issues (dropped-call rate 3%), exceeded data cap in 3 of the last 3 months, is 54 days from renewal, is eligible for a device upgrade (Other, 39m old).","Hi! We noticed your service hasn't been at its best lately — to make it right, our Device Upgrade iPhone is ready for you. Reply YES. Ooredoo",NETWORK_HOLD,offline
97454956521,Device_Upgrade_iPhone,Upsell,SMS,Neutral,"Subscriber is a heavy data user (87% of 20GB), is 10 days from renewal, is eligible for a device upgrade (iPhone 14, 34m old), shows elevated churn risk.","Hi! Thanks for being with us — to make things right, our Device Upgrade iPhone is ready for you. Reply YES. Ooredoo",REVIEW_CREDIT,offline
97457015625,Device_Upgrade_iPhone,Upsell,SMS,Neutral,"Subscriber exceeded data cap in 1 of the last 3 months, is a heavy data user (100% of 50GB), has rising data usage, is 6 days from renewal.",Hi! You're using 100% of your 50GB — Device Upgrade iPhone gives you more headroom. Reply YES. Ooredoo,BLOCKED_NO_CONSENT,offline
97456889859,Device_Upgrade_iPhone,Upsell,Call,Neutral,"Subscriber is experiencing network issues (dropped-call rate 4%), is eligible for a device upgrade (iPhone 14, 42m old).","AGENT: Subscriber is experiencing network issues (dropped-call rate 4%), is eligible for a device upgrade (iPhone 14, 42m old). Recommend: We noticed your service hasn't been at its best lately — to make it right, our Device Upgrade iPhone is ready for you.",NETWORK_HOLD,offline
97455239865,Loyalty_Points_2x,Retention,SMS,Negative,"Subscriber recently contacted care: ""customer threatened to switch to a competitor"", is a heavy data user (84% of 10GB), shows elevated churn risk.","Hi! Thanks for being with us — to make things right, our Loyalty Points 2x is ready for you. Reply YES. Ooredoo",APPROVED,offline
97458695719,Device_Upgrade_iPhone,Upsell,Push,Neutral,"Subscriber exceeded data cap in 3 of the last 3 months, is a heavy data user (81% of 100GB), is eligible for a device upgrade (iPhone 14, 29m old).",You're eligible to upgrade your iPhone 14 — Device Upgrade iPhone is ready — tap to activate.,APPROVED,offline
97456087124,Device_Upgrade_iPhone,Upsell,Email,Neutral,"Subscriber is a heavy data user (83% of 100GB), has rising data usage, is eligible for a device upgrade (Galaxy S23, 43m old).","Dear Customer,

Subscriber is a heavy data user (83% of 100GB), has rising data usage, is eligible for a device upgrade (Galaxy S23, 43m old).

You're eligible to upgrade your Galaxy S23 — Device Upgrade iPhone is ready.

Ooredoo",APPROVED,offline
97451712776,Device_Upgrade_iPhone,Upsell,Push,Neutral,"Subscriber is experiencing network issues (dropped-call rate 14%), exceeded data cap in 1 of the last 3 months, is a heavy data user (80% of 5GB), is eligible for a device upgrade (Huawei P60, 27m old), is a Gold loyalty member.","We noticed your service hasn't been at its best lately — to make it right, our Device Upgrade iPhone is ready for you — ",NETWORK_HOLD,offline
97457884988,Device_Upgrade_iPhone,Upsell,Push,Neutral,"Subscriber exceeded data cap in 2 of the last 3 months, is eligible for a device upgrade (iPhone 15, 36m old), is a Gold loyalty member.",You're eligible to upgrade your iPhone 15 — Device Upgrade iPhone is ready — tap to activate.,REVIEW_CREDIT,offline
97456171405,Loyalty_Points_2x,Retention,SMS,Negative,"Subscriber recently contacted care: ""customer asked about high bill last month"", exceeded data cap in 1 of the last 3 months, has rising data usage, is 23 days from renewal, is eligible for a device upgrade (Pixel 8, 35m old).","Hi! Thanks for being with us — to make things right, our Loyalty Points 2x is ready for you. Reply YES. Ooredoo",APPROVED,offline
97456712464,Device_Upgrade_iPhone,Upsell,WhatsApp,Neutral,"Subscriber is experiencing network issues (dropped-call rate 3%), exceeded data cap in 1 of the last 3 months, is a heavy data user (103% of 5GB), has rising data usage, is eligible for a device upgrade (Huawei P60, 39m old).","Hi! We noticed your service hasn't been at its best lately — to make it right, our Device Upgrade iPhone is ready for you. Tap below to confirm. Ooredoo",NETWORK_HOLD,offline
97456088359,Device_Upgrade_iPhone,Upsell,SMS,Neutral,"Subscriber exceeded data cap in 3 of the last 3 months, is 56 days from renewal, is eligible for a device upgrade (iPhone 14, 33m old).",Hi! You're eligible to upgrade your iPhone 14 — Device Upgrade iPhone is ready. Reply YES. Ooredoo,APPROVED,offline
97455982214,Device_Upgrade_iPhone,Upsell,WhatsApp,Positive,"Subscriber is experiencing network issues (dropped-call rate 6%), exceeded data cap in 1 of the last 3 months.","Hi! We noticed your service hasn't been at its best lately — to make it right, our Device Upgrade iPhone is ready for you. Tap below to confirm. Ooredoo",BLOCKED_NO_CONSENT,offline
97451815097,Device_Upgrade_iPhone,Upsell,SMS,Neutral,"Subscriber exceeded data cap in 1 of the last 3 months, is a heavy data user (102% of 100GB), is eligible for a device upgrade (Galaxy A54, 20m old).",Hi! You're eligible to upgrade your Galaxy A54 — Device Upgrade iPhone is ready. Reply YES. Ooredoo,APPROVED,offline
97456032863,Device_Upgrade_iPhone,Upsell,Email,Neutral,"Subscriber is eligible for a device upgrade (Galaxy A54, 44m old).","Dear Customer,

Subscriber is eligible for a device upgrade (Galaxy A54, 44m old).

You're eligible to upgrade your Galaxy A54 — Device Upgrade iPhone is ready.

Ooredoo",APPROVED,offline
97458154212,Device_Upgrade_iPhone,Upsell,Push,Positive,"Subscriber is experiencing network issues (dropped-call rate 6%), exceeded data cap in 1 of the last 3 months, is a heavy data user (98% of 50GB), is 47 days from renewal, is eligible for a device upgrade (Galaxy S23, 24m old), is a Gold loyalty member.","We noticed your service hasn't been at its best lately — to make it right, our Device Upgrade iPhone is ready for you — ",NETWORK_HOLD,offline
97453735550,5G_Unlimited_Upgrade,Upsell,SMS,Positive,"Subscriber is experiencing network issues (dropped-call rate 4%), is a Platinum loyalty member.","Hi! We noticed your service hasn't been at its best lately — to make it right, our 5G Unlimited Upgrade is ready for you. Reply YES. Ooredoo",NETWORK_HOLD,offline
97456425543,Loyalty_Points_2x,Retention,Call,Negative,"Subscriber recently contacted care: ""customer threatened to switch to a competitor"", has rising data usage, is 43 days from renewal, is eligible for a device upgrade (Galaxy A54, 45m old), shows elevated churn risk, is a Gold loyalty member.","AGENT: Subscriber recently contacted care: ""customer threatened to switch to a competitor"", has rising data usage, is 43 days from renewal, is eligible for a device upgrade (Galaxy A54, 45m old), shows elevated churn risk, is a Gold loyalty member. Recommend: Thanks for being with us — to make things right, our Loyalty Points 2x is ready for you.",SOFTENED,offline
97451277360,200mins_Upsell,Upsell,WhatsApp,Positive,"Subscriber is experiencing network issues (dropped-call rate 3%), is a heavy data user (94% of 50GB), is 17 days from renewal, is a Gold loyalty member.","Hi! We noticed your service hasn't been at its best lately — to make it right, our 200mins Upsell is ready for you. Tap below to confirm. Ooredoo",NETWORK_HOLD,offline
97454127492,Device_Upgrade_iPhone,Upsell,Email,Neutral,"Subscriber exceeded data cap in 3 of the last 3 months, has rising data usage, is eligible for a device upgrade (Galaxy S23, 22m old), is a Gold loyalty member.","Dear Customer,

Subscriber exceeded data cap in 3 of the last 3 months, has rising data usage, is eligible for a device upgrade (Galaxy S23, 22m old), is a Gold loyalty member.

You're eligible to upgrade your Galaxy S23 — Device Upgrade iPhone is ready.

Ooredoo",BLOCKED_NO_CONSENT,offline
97454930456,Device_Upgrade_iPhone,Upsell,Push,Neutral,"Subscriber exceeded data cap in 1 of the last 3 months, is a heavy data user (97% of 50GB), has rising data usage, is eligible for a device upgrade (iPhone 14, 39m old), is a Gold loyalty member.",You're eligible to upgrade your iPhone 14 — Device Upgrade iPhone is ready — tap to activate.,APPROVED,offline
97459844644,Device_Upgrade_iPhone,Upsell,Push,Neutral,"Subscriber exceeded data cap in 1 of the last 3 months, is a heavy data user (99% of 50GB).",You're using 99% of your 50GB — Device Upgrade iPhone gives you more headroom — tap to activate.,APPROVED,offline
97452931261,5G_Unlimited_Upgrade,Upsell,SMS,Neutral,"Subscriber exceeded data cap in 1 of the last 3 months, is a heavy data user (97% of 10GB).",Hi! You're using 97% of your 10GB — 5G Unlimited Upgrade gives you more headroom. Reply YES. Ooredoo,APPROVED,offline
97453488934,5G_Unlimited_Upgrade,Upsell,SMS,Neutral,Subscriber exceeded data cap in 3 of the last 3 months.,Hi! You're using 58% of your 100GB — 5G Unlimited Upgrade gives you more headroom. Reply YES. Ooredoo,APPROVED,offline
97454676757,Device_Upgrade_iPhone,Upsell,Push,Neutral,"Subscriber exceeded data cap in 3 of the last 3 months, is 20 days from renewal, is eligible for a device upgrade (Pixel 8, 26m old).",You're eligible to upgrade your Pixel 8 — Device Upgrade iPhone is ready — tap to activate.,APPROVED,offline
97459933989,Device_Upgrade_iPhone,Upsell,SMS,Neutral,"Subscriber is a heavy data user (97% of 20GB), has rising data usage.",Hi! You're using 97% of your 20GB — Device Upgrade iPhone gives you more headroom. Reply YES. Ooredoo,APPROVED,offline
97458680626,Device_Upgrade_iPhone,Upsell,Call,Neutral,"Subscriber is experiencing network issues (dropped-call rate 4%), is eligible for a device upgrade (Galaxy S23, 26m old).","AGENT: Subscriber is experiencing network issues (dropped-call rate 4%), is eligible for a device upgrade (Galaxy S23, 26m old). Recommend: We noticed your service hasn't been at its best lately — to make it right, our Device Upgrade iPhone is ready for you.",NETWORK_HOLD,offline
97451312236,Device_Upgrade_iPhone,Upsell,Call,Neutral,"Subscriber is eligible for a device upgrade (Pixel 8, 20m old).","AGENT: Subscriber is eligible for a device upgrade (Pixel 8, 20m old). Recommend: You're eligible to upgrade your Pixel 8 — Device Upgrade iPhone is ready.",BLOCKED_NO_CONSENT,offline
97453105455,Device_Upgrade_iPhone,Upsell,WhatsApp,Positive,Subscriber is 13 days from renewal.,Hi! You're using 77% of your 10GB — Device Upgrade iPhone gives you more headroom. Tap below to confirm. Ooredoo,APPROVED,offline
97458395069,200mins_Upsell,Upsell,Push,Neutral,Subscriber is an active Youth customer (tenure 66m).,You're using 66% of your 100GB — 200mins Upsell gives you more headroom — tap to activate.,APPROVED,offline
97451524724,Device_Upgrade_iPhone,Upsell,SMS,Neutral,"Subscriber exceeded data cap in 2 of the last 3 months, has rising data usage.",Hi! You're using 52% of your 100GB — Device Upgrade iPhone gives you more headroom. Reply YES. Ooredoo,APPROVED,offline
97458701036,Device_Upgrade_iPhone,Upsell,Push,Negative,"Subscriber recently contacted care: ""customer reported dropped calls in their area"", exceeded data cap in 2 of the last 3 months, has rising data usage, is 27 days from renewal, is eligible for a device upgrade (Galaxy S23, 24m old), is a Gold loyalty member.","Thanks for being with us — to make things right, our Device Upgrade iPhone is ready for you — tap to activate.",APPROVED,offline
97453532454,Device_Upgrade_iPhone,Upsell,Call,Positive,"Subscriber exceeded data cap in 2 of the last 3 months, is eligible for a device upgrade (Other, 31m old).","AGENT: Subscriber exceeded data cap in 2 of the last 3 months, is eligible for a device upgrade (Other, 31m old). Recommend: You're eligible to upgrade your Other — Device Upgrade iPhone is ready.",APPROVED,offline
97459258868,Device_Upgrade_iPhone,Upsell,SMS,Positive,"Subscriber exceeded data cap in 2 of the last 3 months, has rising data usage, shows elevated churn risk.","Hi! Thanks for being with us — to make things right, our Device Upgrade iPhone is ready for you. Reply YES. Ooredoo",APPROVED,offline
97453642343,5G_Unlimited_Upgrade,Upsell,Call,Positive,"Subscriber exceeded data cap in 1 of the last 3 months, is a heavy data user (89% of 5GB).","AGENT: Subscriber exceeded data cap in 1 of the last 3 months, is a heavy data user (89% of 5GB). Recommend: You're using 89% of your 5GB — 5G Unlimited Upgrade gives you more headroom.",BLOCKED_NO_CONSENT,offline
97454908850,5G_Unlimited_Upgrade,Upsell,WhatsApp,Neutral,"Subscriber recently contacted care: ""customer reported dropped calls in their area"", exceeded data cap in 1 of the last 3 months, is a heavy data user (90% of 5GB).",Hi! You're using 90% of your 5GB — 5G Unlimited Upgrade gives you more headroom. Tap below to confirm. Ooredoo,APPROVED,offline
97456957247,Device_Upgrade_iPhone,Upsell,Email,Positive,"Subscriber has rising data usage, is eligible for a device upgrade (Galaxy S23, 28m old).","Dear Customer,

Subscriber has rising data usage, is eligible for a device upgrade (Galaxy S23, 28m old).

You're eligible to upgrade your Galaxy S23 — Device Upgrade iPhone is ready.

Ooredoo",APPROVED,offline
97452136526,Loyalty_Points_2x,Retention,SMS,Negative,"Subscriber recently contacted care: ""customer reported dropped calls in their area"", exceeded data cap in 1 of the last 3 months, has rising data usage, is 56 days from renewal, is eligible for a device upgrade (Galaxy S23, 25m old).","Hi! Thanks for being with us — to make things right, our Loyalty Points 2x is ready for you. Reply YES. Ooredoo",APPROVED,offline
97456013288,5G_Unlimited_Upgrade,Upsell,SMS,Negative,"Subscriber recently contacted care: ""customer asked about high bill last month"", exceeded data cap in 1 of the last 3 months, is a heavy data user (97% of 100GB), has rising data usage.","Hi! Thanks for being with us — to make things right, our 5G Unlimited Upgrade is ready for you. Reply YES. Ooredoo",APPROVED,offline
97455545138,5G_Unlimited_Upgrade,Upsell,Push,Neutral,"Subscriber exceeded data cap in 1 of the last 3 months, has rising data usage.",You're using 55% of your 50GB — 5G Unlimited Upgrade gives you more headroom — tap to activate.,BLOCKED_NO_CONSENT,offline
97458055083,Loyalty_Points_2x,Retention,WhatsApp,Neutral,"Subscriber is experiencing network issues (dropped-call rate 7%), recently contacted care: ""customer reported dropped calls in their area"", exceeded data cap in 3 of the last 3 months, shows elevated churn risk.","Hi! We noticed your service hasn't been at its best lately — to make it right, our Loyalty Points 2x is ready for you. Tap below to confirm. Ooredoo",APPROVED,offline
97459964961,Device_Upgrade_iPhone,Upsell,Push,Positive,"Subscriber exceeded data cap in 1 of the last 3 months, has rising data usage, is eligible for a device upgrade (Huawei P60, 31m old).",You're eligible to upgrade your Huawei P60 — Device Upgrade iPhone is ready — tap to activate.,APPROVED,offline
97456978821,Device_Upgrade_iPhone,Upsell,SMS,Positive,"Subscriber exceeded data cap in 3 of the last 3 months, is 5 days from renewal, is eligible for a device upgrade (Galaxy S23, 43m old).",Hi! You're eligible to upgrade your Galaxy S23 — Device Upgrade iPhone is ready. Reply YES. Ooredoo,BLOCKED_NO_CONSENT,offline
97454682677,Device_Upgrade_iPhone,Upsell,Call,Neutral,"Subscriber is experiencing network issues (dropped-call rate 7%), recently contacted care: ""customer threatened to switch to a competitor"", exceeded data cap in 1 of the last 3 months, is 26 days from renewal, is eligible for a device upgrade (Pixel 8, 33m old).","AGENT: Subscriber is experiencing network issues (dropped-call rate 7%), recently contacted care: ""customer threatened to switch to a competitor"", exceeded data cap in 1 of the last 3 months, is 26 days from renewal, is eligible for a device upgrade (Pixel 8, 33m old). Recommend: We noticed your service hasn't been at its best lately — to make it right, our Device Upgrade iPhone is ready for you.",BLOCKED_NO_CONSENT,offline
97454657481,Device_Upgrade_iPhone,Upsell,Push,Neutral,"Subscriber recently contacted care: ""customer reported dropped calls in their area"", exceeded data cap in 3 of the last 3 months, is eligible for a device upgrade (Galaxy A54, 35m old), is a Platinum loyalty member.",You're eligible to upgrade your Galaxy A54 — Device Upgrade iPhone is ready — tap to activate.,APPROVED,offline
97454761628,Device_Upgrade_iPhone,Upsell,Push,Neutral,"Subscriber exceeded data cap in 1 of the last 3 months, is eligible for a device upgrade (iPhone 15, 21m old), is a Gold loyalty member.",You're eligible to upgrade your iPhone 15 — Device Upgrade iPhone is ready — tap to activate.,BLOCKED_NO_CONSENT,offline
97458326182,Device_Upgrade_iPhone,Upsell,WhatsApp,Neutral,"Subscriber exceeded data cap in 3 of the last 3 months, has rising data usage, is 2 days from renewal, is eligible for a device upgrade (iPhone 14, 40m old), is a Gold loyalty member.",Hi! You're eligible to upgrade your iPhone 14 — Device Upgrade iPhone is ready. Tap below to confirm. Ooredoo,APPROVED,offline
97453890941,Device_Upgrade_iPhone,Upsell,WhatsApp,Positive,"Subscriber is experiencing network issues (dropped-call rate 2%), exceeded data cap in 3 of the last 3 months, has rising data usage, is 60 days from renewal, is eligible for a device upgrade (Pixel 8, 32m old).","Hi! We noticed your service hasn't been at its best lately — to make it right, our Device Upgrade iPhone is ready for you. Tap below to confirm. Ooredoo",NETWORK_HOLD,offline
97452502756,5G_Unlimited_Upgrade,Upsell,SMS,Positive,"Subscriber is experiencing network issues (dropped-call rate 6%), exceeded data cap in 3 of the last 3 months.","Hi! We noticed your service hasn't been at its best lately — to make it right, our 5G Unlimited Upgrade is ready for you. Reply YES. Ooredoo",NETWORK_HOLD,offline
97454008622,Device_Upgrade_iPhone,Upsell,WhatsApp,Neutral,"Subscriber exceeded data cap in 2 of the last 3 months, is eligible for a device upgrade (Huawei P60, 22m old).",Hi! You're eligible to upgrade your Huawei P60 — Device Upgrade iPhone is ready. Tap below to confirm. Ooredoo,APPROVED,offline
97451204408,Device_Upgrade_iPhone,Upsell,Push,Neutral,"Subscriber exceeded data cap in 3 of the last 3 months, is a heavy data user (80% of 50GB).",You're using 80% of your 50GB — Device Upgrade iPhone gives you more headroom — tap to activate.,APPROVED,offline
97451955283,Device_Upgrade_iPhone,Upsell,Push,Neutral,"Subscriber recently contacted care: ""customer reported dropped calls in their area"", exceeded data cap in 3 of the last 3 months, is a heavy data user (81% of 5GB), has rising data usage, is 13 days from renewal, is eligible for a device upgrade (Other, 27m old), shows elevated churn risk.","Thanks for being with us — to make things right, our Device Upgrade iPhone is ready for you — tap to activate.",APPROVED,offline
97451810430,5G_Unlimited_Upgrade,Upsell,Push,Positive,"Subscriber has rising data usage, is 6 days from renewal.",You're using 67% of your 5GB — 5G Unlimited Upgrade gives you more headroom — tap to activate.,APPROVED,offline
97457943970,5G_Unlimited_Upgrade,Upsell,Email,Neutral,"Subscriber exceeded data cap in 2 of the last 3 months, has rising data usage.","Dear Customer,

Subscriber exceeded data cap in 2 of the last 3 months, has rising data usage.

You're using 67% of your 100GB — 5G Unlimited Upgrade gives you more headroom.

Ooredoo",BLOCKED_NO_CONSENT,offline
97457501233,Device_Upgrade_iPhone,Upsell,Call,Neutral,"Subscriber is experiencing network issues (dropped-call rate 6%), exceeded data cap in 2 of the last 3 months, is a heavy data user (80% of 100GB), is eligible for a device upgrade (Huawei P60, 20m old).","AGENT: Subscriber is experiencing network issues (dropped-call rate 6%), exceeded data cap in 2 of the last 3 months, is a heavy data user (80% of 100GB), is eligible for a device upgrade (Huawei P60, 20m old). Recommend: We noticed your service hasn't been at its best lately — to make it right, our Device Upgrade iPhone is ready for you.",NETWORK_HOLD,offline
97457270936,Device_Upgrade_iPhone,Upsell,Push,Positive,"Subscriber exceeded data cap in 1 of the last 3 months, is eligible for a device upgrade (Pixel 8, 25m old).",You're eligible to upgrade your Pixel 8 — Device Upgrade iPhone is ready — tap to activate.,APPROVED,offline
97455156894,Device_Upgrade_iPhone,Upsell,Push,Neutral,"Subscriber exceeded data cap in 2 of the last 3 months, is 29 days from renewal, is eligible for a device upgrade (iPhone 15, 29m old), is a Gold loyalty member.",You're eligible to upgrade your iPhone 15 — Device Upgrade iPhone is ready — tap to activate.,BLOCKED_NO_CONSENT,offline
97457453525,Device_Upgrade_iPhone,Upsell,SMS,Positive,"Subscriber exceeded data cap in 3 of the last 3 months, has rising data usage, is 41 days from renewal, is a Gold loyalty member.",Hi! You're using 47% of your 100GB — Device Upgrade iPhone gives you more headroom. Reply YES. Ooredoo,APPROVED,offline
97452451445,Device_Upgrade_iPhone,Upsell,Push,Neutral,"Subscriber exceeded data cap in 1 of the last 3 months, is a heavy data user (119% of 10GB), is a Platinum loyalty member.",You're using 119% of your 10GB — Device Upgrade iPhone gives you more headroom — tap to activate.,APPROVED,offline
97459105594,Device_Upgrade_iPhone,Upsell,Push,Positive,Subscriber has rising data usage.,You're using 56% of your 10GB — Device Upgrade iPhone gives you more headroom — tap to activate.,APPROVED,offline
97455509402,Device_Upgrade_iPhone,Upsell,SMS,Positive,"Subscriber is experiencing network issues (dropped-call rate 7%), exceeded data cap in 2 of the last 3 months, is a heavy data user (84% of 20GB), has rising data usage.","Hi! We noticed your service hasn't been at its best lately — to make it right, our Device Upgrade iPhone is ready for you. Reply YES. Ooredoo",BLOCKED_NO_CONSENT,offline
97459442461,5G_Unlimited_Upgrade,Upsell,Call,Neutral,"Subscriber exceeded data cap in 3 of the last 3 months, has rising data usage.","AGENT: Subscriber exceeded data cap in 3 of the last 3 months, has rising data usage. Recommend: You're using 65% of your 10GB — 5G Unlimited Upgrade gives you more headroom.",APPROVED,offline
97452370808,Device_Upgrade_iPhone,Upsell,SMS,Positive,"Subscriber is a heavy data user (80% of 10GB), is eligible for a device upgrade (Huawei P60, 40m old).",Hi! You're eligible to upgrade your Huawei P60 — Device Upgrade iPhone is ready. Reply YES. Ooredoo,APPROVED,offline
97455475970,5G_Unlimited_Upgrade,Upsell,SMS,Neutral,Subscriber exceeded data cap in 3 of the last 3 months.,Hi! You're using 32% of your 10GB — 5G Unlimited Upgrade gives you more headroom. Reply YES. Ooredoo,APPROVED,offline
97457266882,Device_Upgrade_iPhone,Upsell,SMS,Positive,"Subscriber exceeded data cap in 2 of the last 3 months, is eligible for a device upgrade (Galaxy A54, 29m old), is a Platinum loyalty member.",Hi! You're eligible to upgrade your Galaxy A54 — Device Upgrade iPhone is ready. Reply YES. Ooredoo,APPROVED,offline
97455460632,Device_Upgrade_iPhone,Upsell,SMS,Neutral,"Subscriber is a heavy data user (107% of 20GB), is eligible for a device upgrade (Huawei P60, 47m old).",Hi! You're eligible to upgrade your Huawei P60 — Device Upgrade iPhone is ready. Reply YES. Ooredoo,APPROVED,offline
97455015406,Device_Upgrade_iPhone,Upsell,SMS,Positive,"Subscriber exceeded data cap in 1 of the last 3 months, is 34 days from renewal, is eligible for a device upgrade (Huawei P60, 31m old).",Hi! You're eligible to upgrade your Huawei P60 — Device Upgrade iPhone is ready. Reply YES. Ooredoo,APPROVED,offline
97452495926,Device_Upgrade_iPhone,Upsell,Push,Positive,"Subscriber has rising data usage, is eligible for a device upgrade (iPhone 14, 34m old), is a Platinum loyalty member.",You're eligible to upgrade your iPhone 14 — Device Upgrade iPhone is ready — tap to activate.,APPROVED,offline
97454429190,Loyalty_Points_2x,Retention,Push,Negative,"Subscriber recently contacted care: ""customer threatened to switch to a competitor"", exceeded data cap in 2 of the last 3 months, is eligible for a device upgrade (iPhone 15, 27m old).","Thanks for being with us — to make things right, our Loyalty Points 2x is ready for you — tap to activate.",APPROVED,offline
97453148896,Loyalty_Points_2x,Retention,SMS,Neutral,"Subscriber is experiencing network issues (dropped-call rate 3%), recently contacted care: ""customer asked about high bill last month"", exceeded data cap in 1 of the last 3 months, has rising data usage, shows elevated churn risk.","Hi! We noticed your service hasn't been at its best lately — to make it right, our Loyalty Points 2x is ready for you. Reply YES. Ooredoo",APPROVED,offline
97453713608,5G_Unlimited_Upgrade,Upsell,SMS,Positive,Subscriber exceeded data cap in 2 of the last 3 months.,Hi! You're using 17% of your 50GB — 5G Unlimited Upgrade gives you more headroom. Reply YES. Ooredoo,APPROVED,offline
97457153305,Device_Upgrade_iPhone,Upsell,SMS,Neutral,"Subscriber exceeded data cap in 2 of the last 3 months, has rising data usage, is eligible for a device upgrade (iPhone 15, 34m old).",Hi! You're eligible to upgrade your iPhone 15 — Device Upgrade iPhone is ready. Reply YES. Ooredoo,BLOCKED_NO_CONSENT,offline
97456672542,Device_Upgrade_iPhone,Upsell,WhatsApp,Neutral,"Subscriber exceeded data cap in 3 of the last 3 months, has rising data usage, is eligible for a device upgrade (Huawei P60, 26m old), is a Platinum loyalty member.",Hi! You're eligible to upgrade your Huawei P60 — Device Upgrade iPhone is ready. Tap below to confirm. Ooredoo,APPROVED,offline
97456464767,Device_Upgrade_iPhone,Upsell,WhatsApp,Neutral,"Subscriber exceeded data cap in 1 of the last 3 months, is eligible for a device upgrade (Other, 39m old).",Hi! You're eligible to upgrade your Other — Device Upgrade iPhone is ready. Tap below to confirm. Ooredoo,APPROVED,offline
97454256313,Device_Upgrade_iPhone,Upsell,SMS,Positive,"Subscriber exceeded data cap in 2 of the last 3 months, is a heavy data user (91% of 100GB).",Hi! You're using 91% of your 100GB — Device Upgrade iPhone gives you more headroom. Reply YES. Ooredoo,APPROVED,offline
97459637232,Device_Upgrade_iPhone,Upsell,Email,Neutral,"Subscriber exceeded data cap in 3 of the last 3 months, is 11 days from renewal, is eligible for a device upgrade (Other, 25m old).","Dear Customer,

Subscriber exceeded data cap in 3 of the last 3 months, is 11 days from renewal, is eligible for a device upgrade (Other, 25m old).

You're eligible to upgrade your Other — Device Upgrade iPhone is ready.

Ooredoo",APPROVED,offline
97451788849,Device_Upgrade_iPhone,Upsell,Push,Positive,"Subscriber exceeded data cap in 1 of the last 3 months, is eligible for a device upgrade (Galaxy A54, 27m old).",You're eligible to upgrade your Galaxy A54 — Device Upgrade iPhone is ready — tap to activate.,REVIEW_CREDIT,offline
97454083316,Loyalty_Points_2x,Retention,SMS,Neutral,"Subscriber exceeded data cap in 3 of the last 3 months, has rising data usage, is 50 days from renewal, is eligible for a device upgrade (Galaxy S23, 33m old), shows elevated churn risk.","Hi! Thanks for being with us — to make things right, our Loyalty Points 2x is ready for you. Reply YES. Ooredoo",SOFTENED,offline
97454050493,Device_Upgrade_iPhone,Upsell,SMS,Positive,"Subscriber exceeded data cap in 1 of the last 3 months, is 7 days from renewal, is eligible for a device upgrade (iPhone 14, 32m old).",Hi! You're eligible to upgrade your iPhone 14 — Device Upgrade iPhone is ready. Reply YES. Ooredoo,APPROVED,offline
97459657078,Home_Free_OoredooTV,CrossSell,Call,Neutral,"Subscriber exceeded data cap in 1 of the last 3 months, is eligible for a device upgrade (Huawei P60, 33m old).","AGENT: Subscriber exceeded data cap in 1 of the last 3 months, is eligible for a device upgrade (Huawei P60, 33m old). Recommend: Add Home Free OoredooTV to get more from your plan.",APPROVED,offline
97454296371,Device_Upgrade_iPhone,Upsell,SMS,Positive,"Subscriber is experiencing network issues (dropped-call rate 6%), exceeded data cap in 2 of the last 3 months, is eligible for a device upgrade (Galaxy S23, 32m old), is a Gold loyalty member.","Hi! We noticed your service hasn't been at its best lately — to make it right, our Device Upgrade iPhone is ready for you. Reply YES. Ooredoo",NETWORK_HOLD,offline
97459177225,Device_Upgrade_iPhone,Upsell,Push,Positive,"Subscriber is a heavy data user (98% of 20GB), is 4 days from renewal, is eligible for a device upgrade (Galaxy S23, 43m old).",You're eligible to upgrade your Galaxy S23 — Device Upgrade iPhone is ready — tap to activate.,APPROVED,offline
97455455590,Device_Upgrade_iPhone,Upsell,SMS,Positive,"Subscriber exceeded data cap in 2 of the last 3 months, has rising data usage, is eligible for a device upgrade (Other, 28m old).",Hi! You're eligible to upgrade your Other — Device Upgrade iPhone is ready. Reply YES. Ooredoo,APPROVED,offline
97457297363,Device_Upgrade_iPhone,Upsell,SMS,Neutral,"Subscriber exceeded data cap in 3 of the last 3 months, is eligible for a device upgrade (Huawei P60, 39m old).",Hi! You're eligible to upgrade your Huawei P60 — Device Upgrade iPhone is ready. Reply YES. Ooredoo,APPROVED,offline
97455116756,Device_Upgrade_iPhone,Upsell,Push,Positive,"Subscriber exceeded data cap in 2 of the last 3 months, has rising data usage, is eligible for a device upgrade (iPhone 14, 29m old).",You're eligible to upgrade your iPhone 14 — Device Upgrade iPhone is ready — tap to activate.,BLOCKED_NO_CONSENT,offline
97453392829,Device_Upgrade_iPhone,Upsell,Push,Positive,"Subscriber exceeded data cap in 1 of the last 3 months, has rising data usage, is 53 days from renewal, is eligible for a device upgrade (iPhone 15, 21m old), is a Gold loyalty member.",You're eligible to upgrade your iPhone 15 — Device Upgrade iPhone is ready — tap to activate.,APPROVED,offline
97457878064,Device_Upgrade_iPhone,Upsell,WhatsApp,Positive,"Subscriber exceeded data cap in 1 of the last 3 months, has rising data usage, is eligible for a device upgrade (iPhone 14, 20m old), is a Gold loyalty member.",Hi! You're eligible to upgrade your iPhone 14 — Device Upgrade iPhone is ready. Tap below to confirm. Ooredoo,BLOCKED_NO_CONSENT,offline
97459722586,Retention_Save_25pct,Retention,Push,Positive,"Subscriber is experiencing network issues (dropped-call rate 2%), exceeded data cap in 2 of the last 3 months, is a heavy data user (80% of 10GB).","We noticed your service hasn't been at its best lately — to make it right, our Retention Save 25pct is ready for you — t",APPROVED,offline
97453371723,Device_Upgrade_iPhone,Upsell,WhatsApp,Neutral,"Subscriber recently contacted care: ""customer asked about high bill last month"", has rising data usage, is eligible for a device upgrade (iPhone 15, 34m old).",Hi! You're eligible to upgrade your iPhone 15 — Device Upgrade iPhone is ready. Tap below to confirm. Ooredoo,APPROVED,offline
97458008757,Device_Upgrade_iPhone,Upsell,WhatsApp,Neutral,"Subscriber exceeded data cap in 2 of the last 3 months, is a heavy data user (108% of 10GB), has rising data usage, is a Gold loyalty member.",Hi! You're using 108% of your 10GB — Device Upgrade iPhone gives you more headroom. Tap below to confirm. Ooredoo,APPROVED,offline
97453350259,Device_Upgrade_iPhone,Upsell,Email,Neutral,Subscriber is a heavy data user (107% of 100GB).,"Dear Customer,

Subscriber is a heavy data user (107% of 100GB).

You're using 107% of your 100GB — Device Upgrade iPhone gives you more headroom.

Ooredoo",BLOCKED_NO_CONSENT,offline
97457452010,Device_Upgrade_iPhone,Upsell,Call,Positive,"Subscriber is experiencing network issues (dropped-call rate 13%), exceeded data cap in 3 of the last 3 months.","AGENT: Subscriber is experiencing network issues (dropped-call rate 13%), exceeded data cap in 3 of the last 3 months. Recommend: We noticed your service hasn't been at its best lately — to make it right, our Device Upgrade iPhone is ready for you.",NETWORK_HOLD,offline
97458101058,Device_Upgrade_iPhone,Upsell,Push,Positive,"Subscriber is eligible for a device upgrade (iPhone 14, 32m old).",You're eligible to upgrade your iPhone 14 — Device Upgrade iPhone is ready — tap to activate.,APPROVED,offline
97455044253,Device_Upgrade_iPhone,Upsell,SMS,Positive,"Subscriber exceeded data cap in 1 of the last 3 months, has rising data usage, is eligible for a device upgrade (Huawei P60, 29m old), is a Gold loyalty member.",Hi! You're eligible to upgrade your Huawei P60 — Device Upgrade iPhone is ready. Reply YES. Ooredoo,APPROVED,offline
97457632275,Device_Upgrade_iPhone,Upsell,SMS,Positive,Subscriber exceeded data cap in 3 of the last 3 months.,Hi! You're using 57% of your 5GB — Device Upgrade iPhone gives you more headroom. Reply YES. Ooredoo,APPROVED,offline
97453450173,Device_Upgrade_iPhone,Upsell,Call,Positive,"Subscriber has rising data usage, is eligible for a device upgrade (Galaxy S23, 38m old).","AGENT: Subscriber has rising data usage, is eligible for a device upgrade (Galaxy S23, 38m old). Recommend: You're eligible to upgrade your Galaxy S23 — Device Upgrade iPhone is ready.",BLOCKED_NO_CONSENT,offline
97451713281,Device_Upgrade_iPhone,Upsell,Push,Neutral,Subscriber is a heavy data user (95% of 20GB).,You're using 95% of your 20GB — Device Upgrade iPhone gives you more headroom — tap to activate.,APPROVED,offline
97451867518,Home_Free_OoredooTV,CrossSell,Push,Neutral,"Subscriber exceeded data cap in 2 of the last 3 months, is 28 days from renewal.",Add Home Free OoredooTV to get more from your plan — tap to activate.,APPROVED,offline
97455023213,Loyalty_Points_2x,Retention,WhatsApp,Negative,"Subscriber recently contacted care: ""customer asked about high bill last month"", exceeded data cap in 2 of the last 3 months, is eligible for a device upgrade (iPhone 15, 47m old).","Hi! Thanks for being with us — to make things right, our Loyalty Points 2x is ready for you. Tap below to confirm. Ooredoo",APPROVED,offline
97459123420,Device_Upgrade_iPhone,Upsell,Call,Positive,"Subscriber exceeded data cap in 1 of the last 3 months, has rising data usage, is eligible for a device upgrade (Other, 23m old).","AGENT: Subscriber exceeded data cap in 1 of the last 3 months, has rising data usage, is eligible for a device upgrade (Other, 23m old). Recommend: You're eligible to upgrade your Other — Device Upgrade iPhone is ready.",APPROVED,offline
97452148191,Device_Upgrade_iPhone,Upsell,Push,Positive,Subscriber is a Gold loyalty member.,You're using 26% of your 20GB — Device Upgrade iPhone gives you more headroom — tap to activate.,APPROVED,offline
97455101986,Device_Upgrade_iPhone,Upsell,SMS,Neutral,Subscriber exceeded data cap in 2 of the last 3 months.,Hi! You're using 16% of your 10GB — Device Upgrade iPhone gives you more headroom. Reply YES. Ooredoo,BLOCKED_NO_CONSENT,offline
97457336287,200mins_Upsell,Upsell,Push,Neutral,"Subscriber recently contacted care: ""customer asked about high bill last month"", exceeded data cap in 2 of the last 3 months, is 55 days from renewal.",You're using 80% of your 100GB — 200mins Upsell gives you more headroom — tap to activate.,APPROVED,offline
97452821270,Loyalty_Points_2x,Retention,Call,Negative,"Subscriber recently contacted care: ""customer asked about high bill last month"", exceeded data cap in 1 of the last 3 months, is eligible for a device upgrade (iPhone 15, 37m old).","AGENT: Subscriber recently contacted care: ""customer asked about high bill last month"", exceeded data cap in 1 of the last 3 months, is eligible for a device upgrade (iPhone 15, 37m old). Recommend: Thanks for being with us — to make things right, our Loyalty Points 2x is ready for you.",APPROVED,offline
97457494546,Device_Upgrade_iPhone,Upsell,Push,Positive,"Subscriber is experiencing network issues (dropped-call rate 9%), is 14 days from renewal, is eligible for a device upgrade (Other, 42m old).","We noticed your service hasn't been at its best lately — to make it right, our Device Upgrade iPhone is ready for you — ",BLOCKED_NO_CONSENT,offline
97453753609,Device_Upgrade_iPhone,Upsell,SMS,Neutral,"Subscriber recently contacted care: ""customer reported dropped calls in their area"", is a heavy data user (102% of 5GB), is 24 days from renewal, is eligible for a device upgrade (Huawei P60, 21m old), is a Platinum loyalty member.",Hi! You're eligible to upgrade your Huawei P60 — Device Upgrade iPhone is ready. Reply YES. Ooredoo,APPROVED,offline
97458277945,Loyalty_Points_2x,Retention,Push,Negative,"Subscriber is experiencing network issues (dropped-call rate 7%), recently contacted care: ""customer reported dropped calls in their area"", exceeded data cap in 3 of the last 3 months, is 54 days from renewal.","We noticed your service hasn't been at its best lately — to make it right, our Loyalty Points 2x is ready for you — tap ",APPROVED,offline
97456212975,Device_Upgrade_iPhone,Upsell,WhatsApp,Positive,"Subscriber has rising data usage, is a Gold loyalty member.",Hi! You're using 38% of your 50GB — Device Upgrade iPhone gives you more headroom. Tap below to confirm. Ooredoo,BLOCKED_NO_CONSENT,offline
97455922164,5G_Unlimited_Upgrade,Upsell,Call,Positive,"Subscriber exceeded data cap in 2 of the last 3 months, is a heavy data user (94% of 10GB).","AGENT: Subscriber exceeded data cap in 2 of the last 3 months, is a heavy data user (94% of 10GB). Recommend: You're using 94% of your 10GB — 5G Unlimited Upgrade gives you more headroom.",APPROVED,offline
97452590954,200mins_Upsell,Upsell,WhatsApp,Neutral,"Subscriber is experiencing network issues (dropped-call rate 16%), exceeded data cap in 2 of the last 3 months, is a Platinum loyalty member.","Hi! We noticed your service hasn't been at its best lately — to make it right, our 200mins Upsell is ready for you. Tap below to confirm. Ooredoo",NETWORK_HOLD,offline
97455168852,Device_Upgrade_iPhone,Upsell,WhatsApp,Neutral,"Subscriber exceeded data cap in 2 of the last 3 months, is a heavy data user (96% of 5GB), is eligible for a device upgrade (iPhone 15, 47m old), is a Platinum loyalty member.",Hi! You're eligible to upgrade your iPhone 15 — Device Upgrade iPhone is ready. Tap below to confirm. Ooredoo,APPROVED,offline
97458709527,Loyalty_Points_2x,Retention,Push,Neutral,"Subscriber exceeded data cap in 2 of the last 3 months, shows elevated churn risk.","Thanks for being with us — to make things right, our Loyalty Points 2x is ready for you — tap to activate.",APPROVED,offline
97451175715,Device_Upgrade_iPhone,Upsell,Push,Neutral,"Subscriber recently contacted care: ""customer reported dropped calls in their area"", has rising data usage, is 3 days from renewal, is eligible for a device upgrade (Pixel 8, 38m old).",You're eligible to upgrade your Pixel 8 — Device Upgrade iPhone is ready — tap to activate.,APPROVED,offline
97457826675,Loyalty_Points_2x,Retention,Push,Negative,"Subscriber recently contacted care: ""customer complained about slow data speeds at home"", has rising data usage, is 10 days from renewal, is eligible for a device upgrade (Galaxy S23, 46m old), shows elevated churn risk.","Thanks for being with us — to make things right, our Loyalty Points 2x is ready for you — tap to activate.",APPROVED,offline
97455434861,Device_Upgrade_iPhone,Upsell,Call,Positive,"Subscriber exceeded data cap in 2 of the last 3 months, is 25 days from renewal.","AGENT: Subscriber exceeded data cap in 2 of the last 3 months, is 25 days from renewal. Recommend: You're using 53% of your 100GB — Device Upgrade iPhone gives you more headroom.",APPROVED,offline
97457475165,Loyalty_Points_2x,Retention,Call,Neutral,"Subscriber recently contacted care: ""customer threatened to switch to a competitor"", exceeded data cap in 1 of the last 3 months, shows elevated churn risk, is a Gold loyalty member.","AGENT: Subscriber recently contacted care: ""customer threatened to switch to a competitor"", exceeded data cap in 1 of the last 3 months, shows elevated churn risk, is a Gold loyalty member. Recommend: Thanks for being with us — to make things right, our Loyalty Points 2x is ready for you.",BLOCKED_NO_CONSENT,offline
97456969681,200mins_Upsell,Upsell,Push,Neutral,Subscriber exceeded data cap in 2 of the last 3 months.,You're using 34% of your 100GB — 200mins Upsell gives you more headroom — tap to activate.,APPROVED,offline
97454888836,Device_Upgrade_iPhone,Upsell,Push,Neutral,"Subscriber exceeded data cap in 2 of the last 3 months, is a heavy data user (93% of 100GB).",You're using 93% of your 100GB — Device Upgrade iPhone gives you more headroom — tap to activate.,BLOCKED_NO_CONSENT,offline
97453778004,Device_Upgrade_iPhone,Upsell,SMS,Neutral,"Subscriber recently contacted care: ""customer unhappy after roaming charges abroad"", exceeded data cap in 3 of the last 3 months.",Hi! You're using 31% of your 10GB — Device Upgrade iPhone gives you more headroom. Reply YES. Ooredoo,APPROVED,offline
97456645778,Home_Free_OoredooTV,CrossSell,SMS,Positive,"Subscriber exceeded data cap in 1 of the last 3 months, is 29 days from renewal.",Hi! Add Home Free OoredooTV to get more from your plan. Reply YES. Ooredoo,BLOCKED_NO_CONSENT,offline
97452262018,Loyalty_Points_2x,Retention,Call,Positive,"Subscriber exceeded data cap in 2 of the last 3 months, is 40 days from renewal, shows elevated churn risk.","AGENT: Subscriber exceeded data cap in 2 of the last 3 months, is 40 days from renewal, shows elevated churn risk. Recommend: Thanks for being with us — to make things right, our Loyalty Points 2x is ready for you.",APPROVED,offline
97456256881,Device_Upgrade_iPhone,Upsell,SMS,Neutral,"Subscriber exceeded data cap in 2 of the last 3 months, is a heavy data user (97% of 100GB), is eligible for a device upgrade (Galaxy S23, 46m old), is a Platinum loyalty member.",Hi! You're eligible to upgrade your Galaxy S23 — Device Upgrade iPhone is ready. Reply YES. Ooredoo,APPROVED,offline
97451852252,5G_Unlimited_Upgrade,Upsell,SMS,Positive,"Subscriber exceeded data cap in 1 of the last 3 months, has rising data usage, is a Gold loyalty member.",Hi! You're using 72% of your 5GB — 5G Unlimited Upgrade gives you more headroom. Reply YES. Ooredoo,APPROVED,offline
97456848618,5G_Unlimited_Upgrade,Upsell,WhatsApp,Neutral,"Subscriber is experiencing network issues (dropped-call rate 4%), exceeded data cap in 3 of the last 3 months, is a heavy data user (117% of 5GB), has rising data usage, is a Platinum loyalty member.","Hi! We noticed your service hasn't been at its best lately — to make it right, our 5G Unlimited Upgrade is ready for you. Tap below to confirm. Ooredoo",NETWORK_HOLD,offline
97456658706,Loyalty_Points_2x,Retention,WhatsApp,Negative,"Subscriber recently contacted care: ""customer asked about high bill last month"", exceeded data cap in 3 of the last 3 months, has rising data usage, is 1 days from renewal, is eligible for a device upgrade (Other, 32m old).","Hi! Thanks for being with us — to make things right, our Loyalty Points 2x is ready for you. Tap below to confirm. Ooredoo",APPROVED,offline
97451759998,Device_Upgrade_iPhone,Upsell,WhatsApp,Neutral,"Subscriber is experiencing network issues (dropped-call rate 13%), exceeded data cap in 1 of the last 3 months, is eligible for a device upgrade (Galaxy S23, 36m old).","Hi! We noticed your service hasn't been at its best lately — to make it right, our Device Upgrade iPhone is ready for you. Tap below to confirm. Ooredoo",NETWORK_HOLD,offline
97457817390,Device_Upgrade_iPhone,Upsell,WhatsApp,Neutral,"Subscriber recently contacted care: ""customer unhappy after roaming charges abroad"", exceeded data cap in 1 of the last 3 months, is a heavy data user (95% of 100GB), has rising data usage, is eligible for a device upgrade (Huawei P60, 27m old), is a Platinum loyalty member.",Hi! You're eligible to upgrade your Huawei P60 — Device Upgrade iPhone is ready. Tap below to confirm. Ooredoo,APPROVED,offline
97454742266,Device_Upgrade_iPhone,Upsell,Push,Positive,"Subscriber exceeded data cap in 3 of the last 3 months, is a Platinum loyalty member.",You're using 71% of your 100GB — Device Upgrade iPhone gives you more headroom — tap to activate.,APPROVED,offline
97458081977,Loyalty_Points_2x,Retention,Email,Negative,"Subscriber recently contacted care: ""customer complained about slow data speeds at home"", exceeded data cap in 2 of the last 3 months.","Dear Customer,

Subscriber recently contacted care: ""customer complained about slow data speeds at home"", exceeded data cap in 2 of the last 3 months.

Thanks for being with us — to make things right, our Loyalty Points 2x is ready for you.

Ooredoo",APPROVED,offline
97451374527,Device_Upgrade_iPhone,Upsell,SMS,Positive,"Subscriber is eligible for a device upgrade (Galaxy A54, 44m old).",Hi! You're eligible to upgrade your Galaxy A54 — Device Upgrade iPhone is ready. Reply YES. Ooredoo,REVIEW_CREDIT,offline
97452615108,Device_Upgrade_iPhone,Upsell,SMS,Neutral,"Subscriber is eligible for a device upgrade (iPhone 15, 46m old).",Hi! You're eligible to upgrade your iPhone 15 — Device Upgrade iPhone is ready. Reply YES. Ooredoo,APPROVED,offline
97455445916,Device_Upgrade_iPhone,Upsell,Push,Neutral,"Subscriber exceeded data cap in 2 of the last 3 months, has rising data usage, is 36 days from renewal, is eligible for a device upgrade (Pixel 8, 31m old).",You're eligible to upgrade your Pixel 8 — Device Upgrade iPhone is ready — tap to activate.,BLOCKED_NO_CONSENT,offline
97452694026,5G_Unlimited_Upgrade,Upsell,WhatsApp,Neutral,"Subscriber is experiencing network issues (dropped-call rate 3%), exceeded data cap in 2 of the last 3 months, has rising data usage.","Hi! We noticed your service hasn't been at its best lately — to make it right, our 5G Unlimited Upgrade is ready for you. Tap below to confirm. Ooredoo",BLOCKED_NO_CONSENT,offline
97453968750,5G_Unlimited_Upgrade,Upsell,Push,Positive,"Subscriber exceeded data cap in 3 of the last 3 months, is a heavy data user (81% of 20GB), has rising data usage.",You're using 81% of your 20GB — 5G Unlimited Upgrade gives you more headroom — tap to activate.,APPROVED,offline
97456945390,5G_Unlimited_Upgrade,Upsell,Email,Negative,"Subscriber recently contacted care: ""customer reported dropped calls in their area"", exceeded data cap in 1 of the last 3 months, is a heavy data user (81% of 10GB), has rising data usage, is 35 days from renewal, shows elevated churn risk, is a Platinum loyalty member.","Dear Customer,

Subscriber recently contacted care: ""customer reported dropped calls in their area"", exceeded data cap in 1 of the last 3 months, is a heavy data user (81% of 10GB), has rising data usage, is 35 days from renewal, shows elevated churn risk, is a Platinum loyalty member.

Thanks for being with us — to make things right, our 5G Unlimited Upgrade is ready for you.

Ooredoo",APPROVED,offline
97452300717,Device_Upgrade_iPhone,Upsell,Call,Neutral,"Subscriber exceeded data cap in 3 of the last 3 months, is 26 days from renewal, is eligible for a device upgrade (Galaxy A54, 27m old).","AGENT: Subscriber exceeded data cap in 3 of the last 3 months, is 26 days from renewal, is eligible for a device upgrade (Galaxy A54, 27m old). Recommend: You're eligible to upgrade your Galaxy A54 — Device Upgrade iPhone is ready.",APPROVED,offline
97457099325,Roaming_Daily_Pass,CrossSell,Call,Negative,"Subscriber recently contacted care: ""customer threatened to switch to a competitor"", exceeded data cap in 3 of the last 3 months, has rising data usage.","AGENT: Subscriber recently contacted care: ""customer threatened to switch to a competitor"", exceeded data cap in 3 of the last 3 months, has rising data usage. Recommend: Thanks for being with us — to make things right, our Roaming Daily Pass is ready for you.",APPROVED,offline
97451930626,Device_Upgrade_iPhone,Upsell,Call,Positive,"Subscriber exceeded data cap in 1 of the last 3 months, is a heavy data user (97% of 20GB), is eligible for a device upgrade (Other, 42m old).","AGENT: Subscriber exceeded data cap in 1 of the last 3 months, is a heavy data user (97% of 20GB), is eligible for a device upgrade (Other, 42m old). Recommend: You're eligible to upgrade your Other — Device Upgrade iPhone is ready.",BLOCKED_NO_CONSENT,offline
97452576666,Loyalty_Points_2x,Retention,SMS,Negative,"Subscriber recently contacted care: ""customer asked about high bill last month"", exceeded data cap in 3 of the last 3 months, is 6 days from renewal, is eligible for a device upgrade (Pixel 8, 43m old), is a Platinum loyalty member.","Hi! Thanks for being with us — to make things right, our Loyalty Points 2x is ready for you. Reply YES. Ooredoo",APPROVED,offline
97456288800,Device_Upgrade_iPhone,Upsell,WhatsApp,Positive,"Subscriber exceeded data cap in 3 of the last 3 months, has rising data usage, is eligible for a device upgrade (Galaxy S23, 40m old), is a Gold loyalty member.",Hi! You're eligible to upgrade your Galaxy S23 — Device Upgrade iPhone is ready. Tap below to confirm. Ooredoo,APPROVED,offline
97458141348,Home_Free_OoredooTV,CrossSell,WhatsApp,Neutral,"Subscriber exceeded data cap in 3 of the last 3 months, is 24 days from renewal.",Hi! Add Home Free OoredooTV to get more from your plan. Tap below to confirm. Ooredoo,APPROVED,offline
97452535336,5G_Unlimited_Upgrade,Upsell,WhatsApp,Positive,"Subscriber exceeded data cap in 1 of the last 3 months, is a heavy data user (87% of 50GB).",Hi! You're using 87% of your 50GB — 5G Unlimited Upgrade gives you more headroom. Tap below to confirm. Ooredoo,APPROVED,offline
97453699934,5G_Unlimited_Upgrade,Upsell,WhatsApp,Neutral,"Subscriber is experiencing network issues (dropped-call rate 5%), exceeded data cap in 2 of the last 3 months, is a heavy data user (92% of 10GB), has rising data usage, shows elevated churn risk, is a Gold loyalty member.","Hi! We noticed your service hasn't been at its best lately — to make it right, our 5G Unlimited Upgrade is ready for you. Tap below to confirm. Ooredoo",NETWORK_HOLD,offline
97459326080,5G_Unlimited_Upgrade,Upsell,SMS,Neutral,"Subscriber recently contacted care: ""customer reported dropped calls in their area"", exceeded data cap in 2 of the last 3 months, is 13 days from renewal.",Hi! You're using 53% of your 10GB — 5G Unlimited Upgrade gives you more headroom. Reply YES. Ooredoo,APPROVED,offline
97459907152,Device_Upgrade_iPhone,Upsell,Call,Neutral,"Subscriber exceeded data cap in 1 of the last 3 months, is a heavy data user (96% of 100GB), has rising data usage.","AGENT: Subscriber exceeded data cap in 1 of the last 3 months, is a heavy data user (96% of 100GB), has rising data usage. Recommend: You're using 96% of your 100GB — Device Upgrade iPhone gives you more headroom.",BLOCKED_NO_CONSENT,offline
97456229549,Device_Upgrade_iPhone,Upsell,WhatsApp,Neutral,"Subscriber exceeded data cap in 2 of the last 3 months, is a heavy data user (96% of 100GB), has rising data usage, is eligible for a device upgrade (iPhone 15, 31m old).",Hi! You're eligible to upgrade your iPhone 15 — Device Upgrade iPhone is ready. Tap below to confirm. Ooredoo,APPROVED,offline
97455023342,Device_Upgrade_iPhone,Upsell,SMS,Neutral,"Subscriber exceeded data cap in 2 of the last 3 months, has rising data usage, is eligible for a device upgrade (Galaxy S23, 47m old).",Hi! You're eligible to upgrade your Galaxy S23 — Device Upgrade iPhone is ready. Reply YES. Ooredoo,APPROVED,offline
97454121827,Device_Upgrade_iPhone,Upsell,Push,Positive,"Subscriber exceeded data cap in 2 of the last 3 months, is a heavy data user (81% of 50GB), is 40 days from renewal, is eligible for a device upgrade (Other, 35m old), is a Platinum loyalty member.",You're eligible to upgrade your Other — Device Upgrade iPhone is ready — tap to activate.,APPROVED,offline
97456512066,5G_Unlimited_Upgrade,Upsell,SMS,Neutral,"Subscriber exceeded data cap in 1 of the last 3 months, is a Gold loyalty member.",Hi! You're using 55% of your 5GB — 5G Unlimited Upgrade gives you more headroom. Reply YES. Ooredoo,APPROVED,offline
97456318238,Device_Upgrade_iPhone,Upsell,Call,Neutral,"Subscriber is a heavy data user (83% of 100GB), has rising data usage, is eligible for a device upgrade (Huawei P60, 34m old), is a Platinum loyalty member.","AGENT: Subscriber is a heavy data user (83% of 100GB), has rising data usage, is eligible for a device upgrade (Huawei P60, 34m old), is a Platinum loyalty member. Recommend: You're eligible to upgrade your Huawei P60 — Device Upgrade iPhone is ready.",APPROVED,offline
97453652777,Device_Upgrade_iPhone,Upsell,Push,Neutral,"Subscriber is experiencing network issues (dropped-call rate 13%), exceeded data cap in 2 of the last 3 months, has rising data usage, is eligible for a device upgrade (Galaxy S23, 38m old), is a Gold loyalty member.","We noticed your service hasn't been at its best lately — to make it right, our Device Upgrade iPhone is ready for you — ",NETWORK_HOLD,offline
97451205234,Device_Upgrade_iPhone,Upsell,Push,Neutral,"Subscriber exceeded data cap in 3 of the last 3 months, has rising data usage, is eligible for a device upgrade (Galaxy A54, 25m old).",You're eligible to upgrade your Galaxy A54 — Device Upgrade iPhone is ready — tap to activate.,APPROVED,offline
97452363484,5G_Unlimited_Upgrade,Upsell,Call,Positive,"Subscriber is experiencing network issues (dropped-call rate 4%), exceeded data cap in 2 of the last 3 months, has rising data usage, shows elevated churn risk.","AGENT: Subscriber is experiencing network issues (dropped-call rate 4%), exceeded data cap in 2 of the last 3 months, has rising data usage, shows elevated churn risk. Recommend: We noticed your service hasn't been at its best lately — to make it right, our 5G Unlimited Upgrade is ready for you.",NETWORK_HOLD,offline
97459627031,Device_Upgrade_iPhone,Upsell,SMS,Neutral,"Subscriber recently contacted care: ""customer reported dropped calls in their area"", exceeded data cap in 1 of the last 3 months, is eligible for a device upgrade (Galaxy A54, 42m old).",Hi! You're eligible to upgrade your Galaxy A54 — Device Upgrade iPhone is ready. Reply YES. Ooredoo,APPROVED,offline
97454763393,Device_Upgrade_iPhone,Upsell,WhatsApp,Neutral,"Subscriber exceeded data cap in 2 of the last 3 months, is eligible for a device upgrade (Galaxy A54, 30m old).",Hi! You're eligible to upgrade your Galaxy A54 — Device Upgrade iPhone is ready. Tap below to confirm. Ooredoo,APPROVED,offline
97455340730,Loyalty_Points_2x,Retention,SMS,Neutral,"Subscriber is eligible for a device upgrade (iPhone 15, 34m old), shows elevated churn risk.","Hi! Thanks for being with us — to make things right, our Loyalty Points 2x is ready for you. Reply YES. Ooredoo",APPROVED,offline
97455203967,Loyalty_Points_2x,Retention,WhatsApp,Negative,"Subscriber recently contacted care: ""customer unhappy after roaming charges abroad"", exceeded data cap in 2 of the last 3 months, shows elevated churn risk.","Hi! Thanks for being with us — to make things right, our Loyalty Points 2x is ready for you. Tap below to confirm. Ooredoo",BLOCKED_NO_CONSENT,offline
97458044616,Device_Upgrade_iPhone,Upsell,SMS,Positive,"Subscriber exceeded data cap in 1 of the last 3 months, is a heavy data user (84% of 50GB).",Hi! You're using 84% of your 50GB — Device Upgrade iPhone gives you more headroom. Reply YES. Ooredoo,BLOCKED_NO_CONSENT,offline
97451584609,5G_Unlimited_Upgrade,Upsell,Push,Negative,"Subscriber recently contacted care: ""customer unhappy after roaming charges abroad"", exceeded data cap in 2 of the last 3 months, is a heavy data user (112% of 20GB), is a Gold loyalty member.","Thanks for being with us — to make things right, our 5G Unlimited Upgrade is ready for you — tap to activate.",REVIEW_CREDIT,offline
97451744569,Device_Upgrade_iPhone,Upsell,Push,Neutral,Subscriber is 36 days from renewal.,You're using 33% of your 10GB — Device Upgrade iPhone gives you more headroom — tap to activate.,APPROVED,offline
97453482624,Device_Upgrade_iPhone,Upsell,Call,Positive,"Subscriber exceeded data cap in 1 of the last 3 months, is eligible for a device upgrade (Galaxy S23, 40m old), is a Gold loyalty member.","AGENT: Subscriber exceeded data cap in 1 of the last 3 months, is eligible for a device upgrade (Galaxy S23, 40m old), is a Gold loyalty member. Recommend: You're eligible to upgrade your Galaxy S23 — Device Upgrade iPhone is ready.",APPROVED,offline
97455379924,5G_Unlimited_Upgrade,Upsell,SMS,Positive,"Subscriber is a heavy data user (95% of 20GB), is 13 days from renewal, is a Platinum loyalty member.",Hi! You're using 95% of your 20GB — 5G Unlimited Upgrade gives you more headroom. Reply YES. Ooredoo,APPROVED,offline
97457040115,5G_Unlimited_Upgrade,Upsell,Push,Neutral,"Subscriber exceeded data cap in 3 of the last 3 months, has rising data usage.",You're using 29% of your 100GB — 5G Unlimited Upgrade gives you more headroom — tap to activate.,APPROVED,offline
97455416362,5G_Unlimited_Upgrade,Upsell,SMS,Neutral,"Subscriber recently contacted care: ""customer threatened to switch to a competitor"", exceeded data cap in 1 of the last 3 months, has rising data usage, is 28 days from renewal.",Hi! You're using 38% of your 5GB — 5G Unlimited Upgrade gives you more headroom. Reply YES. Ooredoo,APPROVED,offline
97454970512,5G_Unlimited_Upgrade,Upsell,SMS,Neutral,"Subscriber is experiencing network issues (dropped-call rate 5%), exceeded data cap in 3 of the last 3 months.","Hi! We noticed your service hasn't been at its best lately — to make it right, our 5G Unlimited Upgrade is ready for you. Reply YES. Ooredoo",NETWORK_HOLD,offline
97459440437,5G_Unlimited_Upgrade,Upsell,Push,Neutral,"Subscriber exceeded data cap in 1 of the last 3 months, is 40 days from renewal, is a Gold loyalty member.",You're using 66% of your 50GB — 5G Unlimited Upgrade gives you more headroom — tap to activate.,BLOCKED_NO_CONSENT,offline
97452449170,Device_Upgrade_iPhone,Upsell,Push,Neutral,"Subscriber is 13 days from renewal, is eligible for a device upgrade (Galaxy A54, 25m old).",You're eligible to upgrade your Galaxy A54 — Device Upgrade iPhone is ready — tap to activate.,APPROVED,offline
97456145551,Device_Upgrade_iPhone,Upsell,Push,Positive,"Subscriber is experiencing network issues (dropped-call rate 3%), exceeded data cap in 3 of the last 3 months, is 20 days from renewal, is eligible for a device upgrade (iPhone 15, 37m old).","We noticed your service hasn't been at its best lately — to make it right, our Device Upgrade iPhone is ready for you — ",NETWORK_HOLD,offline
97455880201,5G_Unlimited_Upgrade,Upsell,WhatsApp,Positive,"Subscriber exceeded data cap in 1 of the last 3 months, has rising data usage, is 18 days from renewal, is a Gold loyalty member.",Hi! You're using 78% of your 10GB — 5G Unlimited Upgrade gives you more headroom. Tap below to confirm. Ooredoo,APPROVED,offline
97455261404,Device_Upgrade_iPhone,Upsell,Call,Neutral,"Subscriber is experiencing network issues (dropped-call rate 5%), exceeded data cap in 1 of the last 3 months, is 44 days from renewal, is eligible for a device upgrade (Galaxy S23, 32m old).","AGENT: Subscriber is experiencing network issues (dropped-call rate 5%), exceeded data cap in 1 of the last 3 months, is 44 days from renewal, is eligible for a device upgrade (Galaxy S23, 32m old). Recommend: We noticed your service hasn't been at its best lately — to make it right, our Device Upgrade iPhone is ready for you.",NETWORK_HOLD,offline
97458268376,Device_Upgrade_iPhone,Upsell,Push,Neutral,"Subscriber recently contacted care: ""customer complained about slow data speeds at home"", exceeded data cap in 2 of the last 3 months.",You're using 52% of your 100GB — Device Upgrade iPhone gives you more headroom — tap to activate.,APPROVED,offline
97453402780,Device_Upgrade_iPhone,Upsell,Push,Positive,"Subscriber exceeded data cap in 3 of the last 3 months, is a heavy data user (84% of 100GB), is 50 days from renewal, is eligible for a device upgrade (Galaxy A54, 24m old), is a Platinum loyalty member.",You're eligible to upgrade your Galaxy A54 — Device Upgrade iPhone is ready — tap to activate.,APPROVED,offline
97459583954,Device_Upgrade_iPhone,Upsell,SMS,Neutral,"Subscriber exceeded data cap in 2 of the last 3 months, has rising data usage, is 7 days from renewal, is a Gold loyalty member.",Hi! You're using 70% of your 10GB — Device Upgrade iPhone gives you more headroom. Reply YES. Ooredoo,APPROVED,offline
97453984120,Device_Upgrade_iPhone,Upsell,WhatsApp,Neutral,"Subscriber exceeded data cap in 2 of the last 3 months, is eligible for a device upgrade (Galaxy S23, 45m old), is a Gold loyalty member.",Hi! You're eligible to upgrade your Galaxy S23 — Device Upgrade iPhone is ready. Tap below to confirm. Ooredoo,APPROVED,offline
97455905039,5G_Unlimited_Upgrade,Upsell,Push,Neutral,"Subscriber recently contacted care: ""customer threatened to switch to a competitor"", exceeded data cap in 3 of the last 3 months, is 29 days from renewal, is a Gold loyalty member.",You're using 29% of your 100GB — 5G Unlimited Upgrade gives you more headroom — tap to activate.,APPROVED,offline
97455686051,Device_Upgrade_iPhone,Upsell,Push,Neutral,"Subscriber is experiencing network issues (dropped-call rate 11%), exceeded data cap in 1 of the last 3 months, is eligible for a device upgrade (Other, 31m old).","We noticed your service hasn't been at its best lately — to make it right, our Device Upgrade iPhone is ready for you — ",NETWORK_HOLD,offline
97458648000,Device_Upgrade_iPhone,Upsell,Call,Neutral,"Subscriber recently contacted care: ""customer threatened to switch to a competitor"", exceeded data cap in 1 of the last 3 months, has rising data usage, is 59 days from renewal, is eligible for a device upgrade (Galaxy A54, 28m old).","AGENT: Subscriber recently contacted care: ""customer threatened to switch to a competitor"", exceeded data cap in 1 of the last 3 months, has rising data usage, is 59 days from renewal, is eligible for a device upgrade (Galaxy A54, 28m old). Recommend: You're eligible to upgrade your Galaxy A54 — Device Upgrade iPhone is ready.",APPROVED,offline
97454950202,Device_Upgrade_iPhone,Upsell,Call,Neutral,Subscriber is an active Mass customer (tenure 114m).,AGENT: Subscriber is an active Mass customer (tenure 114m). Recommend: You're using 65% of your 50GB — Device Upgrade iPhone gives you more headroom.,APPROVED,offline
97453561030,Device_Upgrade_iPhone,Upsell,SMS,Neutral,"Subscriber is experiencing network issues (dropped-call rate 7%), exceeded data cap in 2 of the last 3 months, is eligible for a device upgrade (iPhone 15, 41m old).","Hi! We noticed your service hasn't been at its best lately — to make it right, our Device Upgrade iPhone is ready for you. Reply YES. Ooredoo",NETWORK_HOLD,offline
97451194508,Device_Upgrade_iPhone,Upsell,SMS,Neutral,"Subscriber recently contacted care: ""customer reported dropped calls in their area"", exceeded data cap in 3 of the last 3 months, is eligible for a device upgrade (Galaxy S23, 31m old).",Hi! You're eligible to upgrade your Galaxy S23 — Device Upgrade iPhone is ready. Reply YES. Ooredoo,APPROVED,offline
97454273103,Device_Upgrade_iPhone,Upsell,Push,Positive,"Subscriber exceeded data cap in 1 of the last 3 months, is 1 days from renewal, is eligible for a device upgrade (Galaxy A54, 31m old), is a Gold loyalty member.",You're eligible to upgrade your Galaxy A54 — Device Upgrade iPhone is ready — tap to activate.,APPROVED,offline
97458436626,Device_Upgrade_iPhone,Upsell,SMS,Neutral,"Subscriber exceeded data cap in 2 of the last 3 months, has rising data usage, is eligible for a device upgrade (iPhone 15, 25m old).",Hi! You're eligible to upgrade your iPhone 15 — Device Upgrade iPhone is ready. Reply YES. Ooredoo,APPROVED,offline
97451089245,Device_Upgrade_iPhone,Upsell,Push,Positive,"Subscriber exceeded data cap in 3 of the last 3 months, is eligible for a device upgrade (Other, 40m old), is a Gold loyalty member.",You're eligible to upgrade your Other — Device Upgrade iPhone is ready — tap to activate.,APPROVED,offline
97459065446,Device_Upgrade_iPhone,Upsell,SMS,Positive,"Subscriber is a heavy data user (83% of 20GB), is eligible for a device upgrade (Galaxy S23, 32m old).",Hi! You're eligible to upgrade your Galaxy S23 — Device Upgrade iPhone is ready. Reply YES. Ooredoo,APPROVED,offline
97455885443,Device_Upgrade_iPhone,Upsell,Push,Neutral,"Subscriber is eligible for a device upgrade (Huawei P60, 26m old), is a Platinum loyalty member.",You're eligible to upgrade your Huawei P60 — Device Upgrade iPhone is ready — tap to activate.,APPROVED,offline
97452262241,200mins_Upsell,Upsell,Push,Positive,"Subscriber exceeded data cap in 1 of the last 3 months, is 24 days from renewal.",You're using 10% of your 100GB — 200mins Upsell gives you more headroom — tap to activate.,APPROVED,offline
97453719613,Device_Upgrade_iPhone,Upsell,Push,Positive,"Subscriber has rising data usage, is eligible for a device upgrade (Other, 23m old).",You're eligible to upgrade your Other — Device Upgrade iPhone is ready — tap to activate.,APPROVED,offline
97455986324,Device_Upgrade_iPhone,Upsell,SMS,Positive,"Subscriber exceeded data cap in 2 of the last 3 months, is a heavy data user (81% of 5GB), is eligible for a device upgrade (Other, 28m old).",Hi! You're eligible to upgrade your Other — Device Upgrade iPhone is ready. Reply YES. Ooredoo,APPROVED,offline
97453841229,Loyalty_Points_2x,Retention,Email,Negative,"Subscriber recently contacted care: ""customer unhappy after roaming charges abroad"", exceeded data cap in 1 of the last 3 months, shows elevated churn risk.","Dear Customer,

Subscriber recently contacted care: ""customer unhappy after roaming charges abroad"", exceeded data cap in 1 of the last 3 months, shows elevated churn risk.

Thanks for being with us — to make things right, our Loyalty Points 2x is ready for you.

Ooredoo",SOFTENED,offline
97451977181,Device_Upgrade_iPhone,Upsell,SMS,Positive,"Subscriber is experiencing network issues (dropped-call rate 3%), exceeded data cap in 3 of the last 3 months, is eligible for a device upgrade (Other, 41m old).","Hi! We noticed your service hasn't been at its best lately — to make it right, our Device Upgrade iPhone is ready for you. Reply YES. Ooredoo",NETWORK_HOLD,offline
97456993899,Loyalty_Points_2x,Retention,WhatsApp,Negative,"Subscriber recently contacted care: ""customer unhappy after roaming charges abroad"", exceeded data cap in 3 of the last 3 months, is 50 days from renewal, is a Platinum loyalty member.","Hi! Thanks for being with us — to make things right, our Loyalty Points 2x is ready for you. Tap below to confirm. Ooredoo",APPROVED,offline
97457050160,Device_Upgrade_iPhone,Upsell,Push,Positive,"Subscriber exceeded data cap in 2 of the last 3 months, is eligible for a device upgrade (iPhone 14, 25m old).",You're eligible to upgrade your iPhone 14 — Device Upgrade iPhone is ready — tap to activate.,APPROVED,offline
97452069868,Device_Upgrade_iPhone,Upsell,WhatsApp,Positive,"Subscriber is experiencing network issues (dropped-call rate 16%), exceeded data cap in 1 of the last 3 months, is eligible for a device upgrade (Galaxy A54, 25m old).","Hi! We noticed your service hasn't been at its best lately — to make it right, our Device Upgrade iPhone is ready for you. Tap below to confirm. Ooredoo",BLOCKED_NO_CONSENT,offline
97453531103,5G_Unlimited_Upgrade,Upsell,WhatsApp,Positive,"Subscriber is a heavy data user (82% of 10GB), is 26 days from renewal, is a Gold loyalty member.",Hi! You're using 82% of your 10GB — 5G Unlimited Upgrade gives you more headroom. Tap below to confirm. Ooredoo,REVIEW_CREDIT,offline
97453194859,Device_Upgrade_iPhone,Upsell,SMS,Neutral,"Subscriber exceeded data cap in 1 of the last 3 months, is eligible for a device upgrade (Galaxy S23, 41m old).",Hi! You're eligible to upgrade your Galaxy S23 — Device Upgrade iPhone is ready. Reply YES. Ooredoo,APPROVED,offline
97456934803,5G_Unlimited_Upgrade,Upsell,Call,Negative,"Subscriber is experiencing network issues (dropped-call rate 10%), recently contacted care: ""customer threatened to switch to a competitor"", is a heavy data user (116% of 100GB).","AGENT: Subscriber is experiencing network issues (dropped-call rate 10%), recently contacted care: ""customer threatened to switch to a competitor"", is a heavy data user (116% of 100GB). Recommend: We noticed your service hasn't been at its best lately — to make it right, our 5G Unlimited Upgrade is ready for you.",BLOCKED_NO_CONSENT,offline
97457572659,200mins_Upsell,Upsell,WhatsApp,Neutral,"Subscriber recently contacted care: ""customer threatened to switch to a competitor"", exceeded data cap in 1 of the last 3 months, is a Gold loyalty member.",Hi! You're using 51% of your 5GB — 200mins Upsell gives you more headroom. Tap below to confirm. Ooredoo,APPROVED,offline
97457542950,Device_Upgrade_iPhone,Upsell,SMS,Neutral,"Subscriber exceeded data cap in 1 of the last 3 months, is a heavy data user (102% of 20GB), has rising data usage, is 2 days from renewal, is eligible for a device upgrade (Huawei P60, 43m old), is a Gold loyalty member.",Hi! You're eligible to upgrade your Huawei P60 — Device Upgrade iPhone is ready. Reply YES. Ooredoo,APPROVED,offline
97459448850,Loyalty_Points_2x,Retention,Email,Negative,"Subscriber recently contacted care: ""customer asked about high bill last month"", exceeded data cap in 2 of the last 3 months, is a heavy data user (95% of 50GB), is 52 days from renewal, is eligible for a device upgrade (Galaxy A54, 40m old), shows elevated churn risk.","Dear Customer,

Subscriber recently contacted care: ""customer asked about high bill last month"", exceeded data cap in 2 of the last 3 months, is a heavy data user (95% of 50GB), is 52 days from renewal, is eligible for a device upgrade (Galaxy A54, 40m old), shows elevated churn risk.

Thanks for being with us — to make things right, our Loyalty Points 2x is ready for you.

Ooredoo",SOFTENED,offline
97457917826,Loyalty_Points_2x,Retention,SMS,Neutral,"Subscriber is experiencing network issues (dropped-call rate 5%), recently contacted care: ""customer unhappy after roaming charges abroad"", exceeded data cap in 2 of the last 3 months, has rising data usage, is eligible for a device upgrade (iPhone 15, 46m old), shows elevated churn risk, is a Platinum loyalty member.","Hi! We noticed your service hasn't been at its best lately — to make it right, our Loyalty Points 2x is ready for you. Reply YES. Ooredoo",APPROVED,offline
97453886114,Device_Upgrade_iPhone,Upsell,Call,Positive,"Subscriber exceeded data cap in 3 of the last 3 months, has rising data usage, is eligible for a device upgrade (iPhone 15, 44m old).","AGENT: Subscriber exceeded data cap in 3 of the last 3 months, has rising data usage, is eligible for a device upgrade (iPhone 15, 44m old). Recommend: You're eligible to upgrade your iPhone 15 — Device Upgrade iPhone is ready.",APPROVED,offline
97451969668,5G_Unlimited_Upgrade,Upsell,WhatsApp,Positive,Subscriber exceeded data cap in 2 of the last 3 months.,Hi! You're using 41% of your 100GB — 5G Unlimited Upgrade gives you more headroom. Tap below to confirm. Ooredoo,APPROVED,offline
97456531784,Device_Upgrade_iPhone,Upsell,Email,Neutral,"Subscriber is experiencing network issues (dropped-call rate 13%), exceeded data cap in 3 of the last 3 months.","Dear Customer,

Subscriber is experiencing network issues (dropped-call rate 13%), exceeded data cap in 3 of the last 3 months.

We noticed your service hasn't been at its best lately — to make it right, our Device Upgrade iPhone is ready for you.

Ooredoo",BLOCKED_NO_CONSENT,offline
97459244105,5G_Unlimited_Upgrade,Upsell,SMS,Neutral,"Subscriber exceeded data cap in 2 of the last 3 months, is a heavy data user (84% of 5GB), is 47 days from renewal, is a Gold loyalty member.",Hi! You're using 84% of your 5GB — 5G Unlimited Upgrade gives you more headroom. Reply YES. Ooredoo,APPROVED,offline
97459776396,Device_Upgrade_iPhone,Upsell,SMS,Neutral,"Subscriber is a heavy data user (82% of 100GB), is 58 days from renewal, is eligible for a device upgrade (Galaxy S23, 31m old), is a Gold loyalty member.",Hi! You're eligible to upgrade your Galaxy S23 — Device Upgrade iPhone is ready. Reply YES. Ooredoo,APPROVED,offline
97453071925,Device_Upgrade_iPhone,Upsell,Email,Positive,"Subscriber exceeded data cap in 2 of the last 3 months, has rising data usage, is 42 days from renewal, is eligible for a device upgrade (iPhone 14, 45m old).","Dear Customer,

Subscriber exceeded data cap in 2 of the last 3 months, has rising data usage, is 42 days from renewal, is eligible for a device upgrade (iPhone 14, 45m old).

You're eligible to upgrade your iPhone 14 — Device Upgrade iPhone is ready.

Ooredoo",APPROVED,offline
97453128098,Loyalty_Points_2x,Retention,WhatsApp,Negative,"Subscriber recently contacted care: ""customer reported dropped calls in their area"", exceeded data cap in 3 of the last 3 months, is a heavy data user (84% of 5GB), shows elevated churn risk.","Hi! Thanks for being with us — to make things right, our Loyalty Points 2x is ready for you. Tap below to confirm. Ooredoo",SOFTENED,offline
97451336712,Device_Upgrade_iPhone,Upsell,Call,Positive,"Subscriber exceeded data cap in 2 of the last 3 months, has rising data usage, is eligible for a device upgrade (Huawei P60, 39m old).","AGENT: Subscriber exceeded data cap in 2 of the last 3 months, has rising data usage, is eligible for a device upgrade (Huawei P60, 39m old). Recommend: You're eligible to upgrade your Huawei P60 — Device Upgrade iPhone is ready.",REVIEW_CREDIT,offline
97452271359,Device_Upgrade_iPhone,Upsell,SMS,Positive,"Subscriber exceeded data cap in 2 of the last 3 months, has rising data usage, is 1 days from renewal.",Hi! You're using 41% of your 100GB — Device Upgrade iPhone gives you more headroom. Reply YES. Ooredoo,BLOCKED_NO_CONSENT,offline
97455993671,Device_Upgrade_iPhone,Upsell,WhatsApp,Neutral,"Subscriber is a heavy data user (101% of 100GB), is 16 days from renewal, is eligible for a device upgrade (Other, 24m old).",Hi! You're eligible to upgrade your Other — Device Upgrade iPhone is ready. Tap below to confirm. Ooredoo,APPROVED,offline
97455921229,Device_Upgrade_iPhone,Upsell,SMS,Positive,"Subscriber exceeded data cap in 3 of the last 3 months, is eligible for a device upgrade (Galaxy S23, 27m old), is a Gold loyalty member.",Hi! You're eligible to upgrade your Galaxy S23 — Device Upgrade iPhone is ready. Reply YES. Ooredoo,APPROVED,offline
97454338300,5G_Unlimited_Upgrade,Upsell,SMS,Positive,"Subscriber is experiencing network issues (dropped-call rate 7%), has rising data usage.","Hi! We noticed your service hasn't been at its best lately — to make it right, our 5G Unlimited Upgrade is ready for you. Reply YES. Ooredoo",NETWORK_HOLD,offline
97453789598,200mins_Upsell,Upsell,Call,Neutral,Subscriber exceeded data cap in 2 of the last 3 months.,AGENT: Subscriber exceeded data cap in 2 of the last 3 months. Recommend: You're using 24% of your 100GB — 200mins Upsell gives you more headroom.,APPROVED,offline
97458468106,Device_Upgrade_iPhone,Upsell,SMS,Neutral,"Subscriber exceeded data cap in 1 of the last 3 months, has rising data usage, is eligible for a device upgrade (iPhone 14, 21m old).",Hi! You're eligible to upgrade your iPhone 14 — Device Upgrade iPhone is ready. Reply YES. Ooredoo,APPROVED,offline
97455140304,Device_Upgrade_iPhone,Upsell,SMS,Neutral,"Subscriber exceeded data cap in 3 of the last 3 months, is a heavy data user (98% of 20GB), is eligible for a device upgrade (iPhone 15, 29m old).",Hi! You're eligible to upgrade your iPhone 15 — Device Upgrade iPhone is ready. Reply YES. Ooredoo,APPROVED,offline
97458274262,5G_Unlimited_Upgrade,Upsell,SMS,Positive,Subscriber is 17 days from renewal.,Hi! You're using 53% of your 10GB — 5G Unlimited Upgrade gives you more headroom. Reply YES. Ooredoo,APPROVED,offline
97459668905,Device_Upgrade_iPhone,Upsell,WhatsApp,Positive,"Subscriber exceeded data cap in 1 of the last 3 months, is eligible for a device upgrade (Galaxy S23, 26m old).",Hi! You're eligible to upgrade your Galaxy S23 — Device Upgrade iPhone is ready. Tap below to confirm. Ooredoo,APPROVED,offline
97453854249,Device_Upgrade_iPhone,Upsell,SMS,Neutral,"Subscriber exceeded data cap in 1 of the last 3 months, has rising data usage, is 55 days from renewal, is eligible for a device upgrade (Galaxy S23, 35m old), is a Gold loyalty member.",Hi! You're eligible to upgrade your Galaxy S23 — Device Upgrade iPhone is ready. Reply YES. Ooredoo,APPROVED,offline
97452824644,Loyalty_Points_2x,Retention,SMS,Negative,"Subscriber recently contacted care: ""customer threatened to switch to a competitor"", exceeded data cap in 3 of the last 3 months, has rising data usage, is a Gold loyalty member.","Hi! Thanks for being with us — to make things right, our Loyalty Points 2x is ready for you. Reply YES. Ooredoo",APPROVED,offline
97459576093,Device_Upgrade_iPhone,Upsell,WhatsApp,Positive,"Subscriber is eligible for a device upgrade (Huawei P60, 25m old).",Hi! You're eligible to upgrade your Huawei P60 — Device Upgrade iPhone is ready. Tap below to confirm. Ooredoo,APPROVED,offline
97456713479,Home_Free_OoredooTV,CrossSell,Push,Neutral,"Subscriber exceeded data cap in 1 of the last 3 months, is eligible for a device upgrade (iPhone 14, 42m old).",Add Home Free OoredooTV to get more from your plan — tap to activate.,APPROVED,offline
97453618260,5G_Unlimited_Upgrade,Upsell,Email,Positive,"Subscriber exceeded data cap in 1 of the last 3 months, has rising data usage.","Dear Customer,

Subscriber exceeded data cap in 1 of the last 3 months, has rising data usage.

You're using 39% of your 10GB — 5G Unlimited Upgrade gives you more headroom.

Ooredoo",APPROVED,offline
97456596739,Loyalty_Points_2x,Retention,SMS,Negative,"Subscriber recently contacted care: ""customer threatened to switch to a competitor"", exceeded data cap in 2 of the last 3 months, is eligible for a device upgrade (Huawei P60, 43m old).","Hi! Thanks for being with us — to make things right, our Loyalty Points 2x is ready for you. Reply YES. Ooredoo",APPROVED,offline
97455635513,Device_Upgrade_iPhone,Upsell,SMS,Neutral,"Subscriber is a heavy data user (83% of 20GB), is a Gold loyalty member.",Hi! You're using 83% of your 20GB — Device Upgrade iPhone gives you more headroom. Reply YES. Ooredoo,APPROVED,offline
97459149788,Device_Upgrade_iPhone,Upsell,SMS,Positive,"Subscriber exceeded data cap in 1 of the last 3 months, is eligible for a device upgrade (Galaxy A54, 38m old).",Hi! You're eligible to upgrade your Galaxy A54 — Device Upgrade iPhone is ready. Reply YES. Ooredoo,BLOCKED_NO_CONSENT,offline
97453303685,Device_Upgrade_iPhone,Upsell,Email,Neutral,"Subscriber exceeded data cap in 1 of the last 3 months, has rising data usage.","Dear Customer,

Subscriber exceeded data cap in 1 of the last 3 months, has rising data usage.

You're using 77% of your 50GB — Device Upgrade iPhone gives you more headroom.

Ooredoo",BLOCKED_NO_CONSENT,offline
97459922444,Device_Upgrade_iPhone,Upsell,Push,Neutral,"Subscriber recently contacted care: ""customer unhappy after roaming charges abroad"", is eligible for a device upgrade (Other, 36m old).",You're eligible to upgrade your Other — Device Upgrade iPhone is ready — tap to activate.,APPROVED,offline
97459424391,Device_Upgrade_iPhone,Upsell,SMS,Neutral,"Subscriber is 20 days from renewal, is eligible for a device upgrade (Other, 32m old), is a Gold loyalty member.",Hi! You're eligible to upgrade your Other — Device Upgrade iPhone is ready. Reply YES. Ooredoo,APPROVED,offline
97452626317,Device_Upgrade_iPhone,Upsell,WhatsApp,Positive,"Subscriber is a heavy data user (102% of 100GB), is eligible for a device upgrade (Galaxy S23, 42m old).",Hi! You're eligible to upgrade your Galaxy S23 — Device Upgrade iPhone is ready. Tap below to confirm. Ooredoo,APPROVED,offline
97452481470,Roaming_Daily_Pass,CrossSell,WhatsApp,Negative,"Subscriber is experiencing network issues (dropped-call rate 6%), recently contacted care: ""customer asked about high bill last month"", exceeded data cap in 2 of the last 3 months, has rising data usage.","Hi! We noticed your service hasn't been at its best lately — to make it right, our Roaming Daily Pass is ready for you. Tap below to confirm. Ooredoo",APPROVED,offline
97455798410,Device_Upgrade_iPhone,Upsell,Call,Neutral,"Subscriber is experiencing network issues (dropped-call rate 4%), recently contacted care: ""customer reported dropped calls in their area"", exceeded data cap in 2 of the last 3 months, is 1 days from renewal, is eligible for a device upgrade (iPhone 15, 27m old).","AGENT: Subscriber is experiencing network issues (dropped-call rate 4%), recently contacted care: ""customer reported dropped calls in their area"", exceeded data cap in 2 of the last 3 months, is 1 days from renewal, is eligible for a device upgrade (iPhone 15, 27m old). Recommend: We noticed your service hasn't been at its best lately — to make it right, our Device Upgrade iPhone is ready for you.",NETWORK_HOLD,offline
97451404195,Device_Upgrade_iPhone,Upsell,Call,Neutral,"Subscriber exceeded data cap in 2 of the last 3 months, has rising data usage, is eligible for a device upgrade (Galaxy S23, 47m old).","AGENT: Subscriber exceeded data cap in 2 of the last 3 months, has rising data usage, is eligible for a device upgrade (Galaxy S23, 47m old). Recommend: You're eligible to upgrade your Galaxy S23 — Device Upgrade iPhone is ready.",APPROVED,offline
97453689181,200mins_Upsell,Upsell,WhatsApp,Neutral,Subscriber is a Gold loyalty member.,Hi! You're using 52% of your 10GB — 200mins Upsell gives you more headroom. Tap below to confirm. Ooredoo,APPROVED,offline
97454915873,Device_Upgrade_iPhone,Upsell,Email,Neutral,"Subscriber exceeded data cap in 2 of the last 3 months, has rising data usage, is eligible for a device upgrade (iPhone 15, 23m old).","Dear Customer,

Subscriber exceeded data cap in 2 of the last 3 months, has rising data usage, is eligible for a device upgrade (iPhone 15, 23m old).

You're eligible to upgrade your iPhone 15 — Device Upgrade iPhone is ready.

Ooredoo",APPROVED,offline
97459724358,Retention_Save_25pct,Retention,Email,Neutral,Subscriber is an active Youth customer (tenure 84m).,"Dear Customer,

Subscriber is an active Youth customer (tenure 84m).

Based on your usage, our Retention Save 25pct keeps you covered.

Ooredoo",APPROVED,offline
97459931379,Device_Upgrade_iPhone,Upsell,Call,Positive,"Subscriber exceeded data cap in 3 of the last 3 months, has rising data usage.","AGENT: Subscriber exceeded data cap in 3 of the last 3 months, has rising data usage. Recommend: You're using 15% of your 50GB — Device Upgrade iPhone gives you more headroom.",APPROVED,offline
97452363859,Device_Upgrade_iPhone,Upsell,WhatsApp,Negative,"Subscriber recently contacted care: ""customer complained about slow data speeds at home"", is a heavy data user (102% of 5GB), is eligible for a device upgrade (iPhone 14, 31m old).","Hi! Thanks for being with us — to make things right, our Device Upgrade iPhone is ready for you. Tap below to confirm. Ooredoo",APPROVED,offline
97459025094,Device_Upgrade_iPhone,Upsell,SMS,Neutral,"Subscriber recently contacted care: ""customer threatened to switch to a competitor"", exceeded data cap in 1 of the last 3 months.",Hi! You're using 33% of your 50GB — Device Upgrade iPhone gives you more headroom. Reply YES. Ooredoo,APPROVED,offline
97451818359,5G_Unlimited_Upgrade,Upsell,WhatsApp,Positive,"Subscriber exceeded data cap in 2 of the last 3 months, is 50 days from renewal, is a Gold loyalty member.",Hi! You're using 31% of your 5GB — 5G Unlimited Upgrade gives you more headroom. Tap below to confirm. Ooredoo,APPROVED,offline
97457737471,Device_Upgrade_iPhone,Upsell,WhatsApp,Neutral,"Subscriber is experiencing network issues (dropped-call rate 13%), is a Gold loyalty member.","Hi! We noticed your service hasn't been at its best lately — to make it right, our Device Upgrade iPhone is ready for you. Tap below to confirm. Ooredoo",NETWORK_HOLD,offline
97458610783,Device_Upgrade_iPhone,Upsell,SMS,Neutral,"Subscriber is a heavy data user (87% of 20GB), has rising data usage, is 17 days from renewal, is eligible for a device upgrade (Huawei P60, 34m old).",Hi! You're eligible to upgrade your Huawei P60 — Device Upgrade iPhone is ready. Reply YES. Ooredoo,APPROVED,offline
97459017131,Device_Upgrade_iPhone,Upsell,WhatsApp,Neutral,"Subscriber exceeded data cap in 3 of the last 3 months, has rising data usage, is eligible for a device upgrade (Galaxy A54, 47m old), is a Platinum loyalty member.",Hi! You're eligible to upgrade your Galaxy A54 — Device Upgrade iPhone is ready. Tap below to confirm. Ooredoo,APPROVED,offline
97453010761,Device_Upgrade_iPhone,Upsell,Push,Neutral,"Subscriber exceeded data cap in 1 of the last 3 months, has rising data usage, is eligible for a device upgrade (Galaxy S23, 31m old).",You're eligible to upgrade your Galaxy S23 — Device Upgrade iPhone is ready — tap to activate.,BLOCKED_NO_CONSENT,offline
97459041018,Device_Upgrade_iPhone,Upsell,Push,Neutral,"Subscriber is experiencing network issues (dropped-call rate 13%), exceeded data cap in 1 of the last 3 months, is 41 days from renewal, is eligible for a device upgrade (Galaxy A54, 27m old).","We noticed your service hasn't been at its best lately — to make it right, our Device Upgrade iPhone is ready for you — ",REVIEW_CREDIT,offline
97452043828,Device_Upgrade_iPhone,Upsell,WhatsApp,Neutral,"Subscriber is experiencing network issues (dropped-call rate 3%), exceeded data cap in 2 of the last 3 months, is eligible for a device upgrade (Pixel 8, 26m old).","Hi! We noticed your service hasn't been at its best lately — to make it right, our Device Upgrade iPhone is ready for you. Tap below to confirm. Ooredoo",NETWORK_HOLD,offline
97455669724,Device_Upgrade_iPhone,Upsell,SMS,Neutral,"Subscriber exceeded data cap in 1 of the last 3 months, is a heavy data user (83% of 20GB), is eligible for a device upgrade (iPhone 14, 26m old).",Hi! You're eligible to upgrade your iPhone 14 — Device Upgrade iPhone is ready. Reply YES. Ooredoo,APPROVED,offline
97455225907,Device_Upgrade_iPhone,Upsell,Push,Neutral,"Subscriber exceeded data cap in 1 of the last 3 months, is a heavy data user (93% of 100GB), is eligible for a device upgrade (iPhone 14, 31m old), is a Gold loyalty member.",You're eligible to upgrade your iPhone 14 — Device Upgrade iPhone is ready — tap to activate.,BLOCKED_NO_CONSENT,offline
97453843361,5G_Unlimited_Upgrade,Upsell,WhatsApp,Neutral,"Subscriber exceeded data cap in 2 of the last 3 months, is a Platinum loyalty member.",Hi! You're using 20% of your 20GB — 5G Unlimited Upgrade gives you more headroom. Tap below to confirm. Ooredoo,APPROVED,offline
97451199027,Device_Upgrade_iPhone,Upsell,Push,Positive,"Subscriber is experiencing network issues (dropped-call rate 10%), exceeded data cap in 3 of the last 3 months, has rising data usage, is eligible for a device upgrade (Galaxy A54, 34m old).","We noticed your service hasn't been at its best lately — to make it right, our Device Upgrade iPhone is ready for you — ",NETWORK_HOLD,offline
97457948111,5G_Unlimited_Upgrade,Upsell,SMS,Neutral,Subscriber is an active HVC customer (tenure 35m).,Hi! You're using 30% of your 5GB — 5G Unlimited Upgrade gives you more headroom. Reply YES. Ooredoo,BLOCKED_NO_CONSENT,offline
97454020252,Loyalty_Points_2x,Retention,Push,Negative,"Subscriber is experiencing network issues (dropped-call rate 5%), recently contacted care: ""customer asked about high bill last month"", exceeded data cap in 3 of the last 3 months, is a heavy data user (92% of 10GB), is eligible for a device upgrade (iPhone 14, 37m old), shows elevated churn risk.","We noticed your service hasn't been at its best lately — to make it right, our Loyalty Points 2x is ready for you — tap ",APPROVED,offline
97456954950,Home_Free_OoredooTV,CrossSell,Push,Neutral,"Subscriber exceeded data cap in 3 of the last 3 months, has rising data usage.",Add Home Free OoredooTV to get more from your plan — tap to activate.,APPROVED,offline
97454691978,Loyalty_Points_2x,Retention,Push,Negative,"Subscriber recently contacted care: ""customer unhappy after roaming charges abroad"", exceeded data cap in 2 of the last 3 months, is eligible for a device upgrade (iPhone 15, 20m old), is a Gold loyalty member.","Thanks for being with us — to make things right, our Loyalty Points 2x is ready for you — tap to activate.",APPROVED,offline
97454362919,Device_Upgrade_iPhone,Upsell,Push,Neutral,"Subscriber exceeded data cap in 3 of the last 3 months, is a heavy data user (81% of 5GB), is 22 days from renewal, is eligible for a device upgrade (Other, 39m old).",You're eligible to upgrade your Other — Device Upgrade iPhone is ready — tap to activate.,APPROVED,offline
97458976662,Device_Upgrade_iPhone,Upsell,SMS,Positive,"Subscriber exceeded data cap in 2 of the last 3 months, is eligible for a device upgrade (Huawei P60, 45m old), is a Platinum loyalty member.",Hi! You're eligible to upgrade your Huawei P60 — Device Upgrade iPhone is ready. Reply YES. Ooredoo,APPROVED,offline
97451850199,Device_Upgrade_iPhone,Upsell,Push,Positive,"Subscriber exceeded data cap in 3 of the last 3 months, is a heavy data user (97% of 20GB), is eligible for a device upgrade (iPhone 14, 47m old).",You're eligible to upgrade your iPhone 14 — Device Upgrade iPhone is ready — tap to activate.,APPROVED,offline
97457629555,Device_Upgrade_iPhone,Upsell,SMS,Positive,"Subscriber is 9 days from renewal, is eligible for a device upgrade (Pixel 8, 33m old).",Hi! You're eligible to upgrade your Pixel 8 — Device Upgrade iPhone is ready. Reply YES. Ooredoo,REVIEW_CREDIT,offline
97457721105,Device_Upgrade_iPhone,Upsell,Call,Neutral,"Subscriber recently contacted care: ""customer unhappy after roaming charges abroad"", exceeded data cap in 1 of the last 3 months, is eligible for a device upgrade (Other, 35m old), is a Platinum loyalty member.","AGENT: Subscriber recently contacted care: ""customer unhappy after roaming charges abroad"", exceeded data cap in 1 of the last 3 months, is eligible for a device upgrade (Other, 35m old), is a Platinum loyalty member. Recommend: You're eligible to upgrade your Other — Device Upgrade iPhone is ready.",APPROVED,offline
97454419922,5G_Unlimited_Upgrade,Upsell,Push,Neutral,"Subscriber exceeded data cap in 3 of the last 3 months, is a heavy data user (90% of 20GB).",You're using 90% of your 20GB — 5G Unlimited Upgrade gives you more headroom — tap to activate.,APPROVED,offline
97453362144,Device_Upgrade_iPhone,Upsell,SMS,Neutral,"Subscriber recently contacted care: ""customer threatened to switch to a competitor"", exceeded data cap in 1 of the last 3 months, is a heavy data user (115% of 10GB), has rising data usage, is eligible for a device upgrade (iPhone 15, 38m old), shows elevated churn risk.","Hi! Thanks for being with us — to make things right, our Device Upgrade iPhone is ready for you. Reply YES. Ooredoo",APPROVED,offline
97451047763,Device_Upgrade_iPhone,Upsell,WhatsApp,Positive,"Subscriber exceeded data cap in 3 of the last 3 months, is a heavy data user (109% of 5GB), is eligible for a device upgrade (Galaxy S23, 21m old).",Hi! You're eligible to upgrade your Galaxy S23 — Device Upgrade iPhone is ready. Tap below to confirm. Ooredoo,APPROVED,offline
97459431317,Device_Upgrade_iPhone,Upsell,SMS,Neutral,"Subscriber is experiencing network issues (dropped-call rate 4%), is eligible for a device upgrade (iPhone 15, 30m old).","Hi! We noticed your service hasn't been at its best lately — to make it right, our Device Upgrade iPhone is ready for you. Reply YES. Ooredoo",NETWORK_HOLD,offline
97459529582,Device_Upgrade_iPhone,Upsell,SMS,Neutral,"Subscriber is eligible for a device upgrade (iPhone 14, 20m old).",Hi! You're eligible to upgrade your iPhone 14 — Device Upgrade iPhone is ready. Reply YES. Ooredoo,APPROVED,offline
97453168734,Device_Upgrade_iPhone,Upsell,Push,Neutral,"Subscriber exceeded data cap in 2 of the last 3 months, is eligible for a device upgrade (Huawei P60, 41m old).",You're eligible to upgrade your Huawei P60 — Device Upgrade iPhone is ready — tap to activate.,APPROVED,offline
97451287199,5G_Unlimited_Upgrade,Upsell,Push,Negative,"Subscriber recently contacted care: ""customer unhappy after roaming charges abroad"", exceeded data cap in 3 of the last 3 months, is a heavy data user (86% of 100GB), has rising data usage, is eligible for a device upgrade (Huawei P60, 31m old), shows elevated churn risk.","Thanks for being with us — to make things right, our 5G Unlimited Upgrade is ready for you — tap to activate.",APPROVED,offline
97452104821,Device_Upgrade_iPhone,Upsell,Call,Positive,"Subscriber is 9 days from renewal, is eligible for a device upgrade (Other, 21m old).","AGENT: Subscriber is 9 days from renewal, is eligible for a device upgrade (Other, 21m old). Recommend: You're eligible to upgrade your Other — Device Upgrade iPhone is ready.",BLOCKED_NO_CONSENT,offline
97451608785,Device_Upgrade_iPhone,Upsell,WhatsApp,Positive,"Subscriber is experiencing network issues (dropped-call rate 9%), exceeded data cap in 3 of the last 3 months.","Hi! We noticed your service hasn't been at its best lately — to make it right, our Device Upgrade iPhone is ready for you. Tap below to confirm. Ooredoo",NETWORK_HOLD,offline
97458480013,Device_Upgrade_iPhone,Upsell,WhatsApp,Positive,"Subscriber exceeded data cap in 1 of the last 3 months, is eligible for a device upgrade (Other, 36m old).",Hi! You're eligible to upgrade your Other — Device Upgrade iPhone is ready. Tap below to confirm. Ooredoo,BLOCKED_NO_CONSENT,offline
97459027202,Device_Upgrade_iPhone,Upsell,SMS,Neutral,"Subscriber exceeded data cap in 3 of the last 3 months, is a heavy data user (95% of 5GB), is 47 days from renewal.",Hi! You're using 95% of your 5GB — Device Upgrade iPhone gives you more headroom. Reply YES. Ooredoo,APPROVED,offline
97452379558,5G_Unlimited_Upgrade,Upsell,WhatsApp,Positive,Subscriber has rising data usage.,Hi! You're using 26% of your 50GB — 5G Unlimited Upgrade gives you more headroom. Tap below to confirm. Ooredoo,APPROVED,offline
97457720654,Loyalty_Points_2x,Retention,Push,Negative,"Subscriber recently contacted care: ""customer reported dropped calls in their area"", exceeded data cap in 2 of the last 3 months, is 55 days from renewal, shows elevated churn risk.","Thanks for being with us — to make things right, our Loyalty Points 2x is ready for you — tap to activate.",APPROVED,offline
97452613414,Loyalty_Points_2x,Retention,Email,Negative,"Subscriber is experiencing network issues (dropped-call rate 6%), recently contacted care: ""customer unhappy after roaming charges abroad"", exceeded data cap in 3 of the last 3 months, is 25 days from renewal, is eligible for a device upgrade (Galaxy S23, 26m old).","Dear Customer,

Subscriber is experiencing network issues (dropped-call rate 6%), recently contacted care: ""customer unhappy after roaming charges abroad"", exceeded data cap in 3 of the last 3 months, is 25 days from renewal, is eligible for a device upgrade (Galaxy S23, 26m old).

We noticed your service hasn't been at its best lately — to make it right, our Loyalty Points 2x is ready for you.

Ooredoo",APPROVED,offline
97454304880,Device_Upgrade_iPhone,Upsell,Email,Positive,"Subscriber exceeded data cap in 2 of the last 3 months, has rising data usage, is eligible for a device upgrade (iPhone 15, 23m old).","Dear Customer,

Subscriber exceeded data cap in 2 of the last 3 months, has rising data usage, is eligible for a device upgrade (iPhone 15, 23m old).

You're eligible to upgrade your iPhone 15 — Device Upgrade iPhone is ready.

Ooredoo",BLOCKED_NO_CONSENT,offline
97456394444,Device_Upgrade_iPhone,Upsell,Push,Neutral,"Subscriber exceeded data cap in 3 of the last 3 months, has rising data usage, is eligible for a device upgrade (Other, 22m old), is a Gold loyalty member.",You're eligible to upgrade your Other — Device Upgrade iPhone is ready — tap to activate.,BLOCKED_NO_CONSENT,offline
97457479340,Device_Upgrade_iPhone,Upsell,Push,Neutral,"Subscriber is experiencing network issues (dropped-call rate 6%), is a heavy data user (108% of 5GB), is eligible for a device upgrade (Galaxy A54, 27m old).","We noticed your service hasn't been at its best lately — to make it right, our Device Upgrade iPhone is ready for you — ",REVIEW_CREDIT,offline
97458871057,Device_Upgrade_iPhone,Upsell,SMS,Neutral,"Subscriber is experiencing network issues (dropped-call rate 8%), exceeded data cap in 2 of the last 3 months, is a heavy data user (110% of 100GB), is eligible for a device upgrade (Other, 23m old).","Hi! We noticed your service hasn't been at its best lately — to make it right, our Device Upgrade iPhone is ready for you. Reply YES. Ooredoo",BLOCKED_NO_CONSENT,offline
97451403063,5G_Unlimited_Upgrade,Upsell,Push,Positive,Subscriber is an active Business customer (tenure 104m).,You're using 64% of your 10GB — 5G Unlimited Upgrade gives you more headroom — tap to activate.,APPROVED,offline
97452767911,Home_Free_OoredooTV,CrossSell,SMS,Neutral,Subscriber exceeded data cap in 3 of the last 3 months.,Hi! Add Home Free OoredooTV to get more from your plan. Reply YES. Ooredoo,APPROVED,offline
97453524577,Device_Upgrade_iPhone,Upsell,SMS,Neutral,"Subscriber recently contacted care: ""customer complained about slow data speeds at home"", is 56 days from renewal, is eligible for a device upgrade (iPhone 14, 34m old).",Hi! You're eligible to upgrade your iPhone 14 — Device Upgrade iPhone is ready. Reply YES. Ooredoo,APPROVED,offline
97453792912,200mins_Upsell,Upsell,WhatsApp,Positive,Subscriber exceeded data cap in 3 of the last 3 months.,Hi! You're using 39% of your 20GB — 200mins Upsell gives you more headroom. Tap below to confirm. Ooredoo,APPROVED,offline
97459982249,Device_Upgrade_iPhone,Upsell,Push,Neutral,"Subscriber exceeded data cap in 2 of the last 3 months, is a heavy data user (107% of 50GB), is eligible for a device upgrade (iPhone 14, 35m old), shows elevated churn risk.","Thanks for being with us — to make things right, our Device Upgrade iPhone is ready for you — tap to activate.",APPROVED,offline
97457996642,Device_Upgrade_iPhone,Upsell,Call,Positive,"Subscriber is a heavy data user (108% of 20GB), has rising data usage, is 48 days from renewal, is eligible for a device upgrade (Galaxy A54, 21m old).","AGENT: Subscriber is a heavy data user (108% of 20GB), has rising data usage, is 48 days from renewal, is eligible for a device upgrade (Galaxy A54, 21m old). Recommend: You're eligible to upgrade your Galaxy A54 — Device Upgrade iPhone is ready.",APPROVED,offline
97453883754,5G_Unlimited_Upgrade,Upsell,Push,Neutral,"Subscriber exceeded data cap in 3 of the last 3 months, is 56 days from renewal.",You're using 73% of your 10GB — 5G Unlimited Upgrade gives you more headroom — tap to activate.,BLOCKED_NO_CONSENT,offline
97459746436,Device_Upgrade_iPhone,Upsell,Push,Neutral,"Subscriber exceeded data cap in 1 of the last 3 months, has rising data usage, is eligible for a device upgrade (Other, 47m old).",You're eligible to upgrade your Other — Device Upgrade iPhone is ready — tap to activate.,BLOCKED_NO_CONSENT,offline
97455493762,200mins_Upsell,Upsell,WhatsApp,Positive,"Subscriber is experiencing network issues (dropped-call rate 6%), exceeded data cap in 3 of the last 3 months.","Hi! We noticed your service hasn't been at its best lately — to make it right, our 200mins Upsell is ready for you. Tap below to confirm. Ooredoo",NETWORK_HOLD,offline
97455506670,Device_Upgrade_iPhone,Upsell,Push,Neutral,"Subscriber is experiencing network issues (dropped-call rate 3%), exceeded data cap in 1 of the last 3 months, is eligible for a device upgrade (Other, 34m old).","We noticed your service hasn't been at its best lately — to make it right, our Device Upgrade iPhone is ready for you — ",NETWORK_HOLD,offline
97454903289,Device_Upgrade_iPhone,Upsell,SMS,Neutral,"Subscriber exceeded data cap in 1 of the last 3 months, is a heavy data user (107% of 50GB), is 33 days from renewal, is a Gold loyalty member.",Hi! You're using 107% of your 50GB — Device Upgrade iPhone gives you more headroom. Reply YES. Ooredoo,APPROVED,offline
97452295077,Device_Upgrade_iPhone,Upsell,SMS,Neutral,"Subscriber has rising data usage, is 10 days from renewal, is eligible for a device upgrade (Other, 45m old).",Hi! You're eligible to upgrade your Other — Device Upgrade iPhone is ready. Reply YES. Ooredoo,APPROVED,offline
97459409351,Device_Upgrade_iPhone,Upsell,Call,Neutral,"Subscriber is experiencing network issues (dropped-call rate 3%), has rising data usage, is eligible for a device upgrade (iPhone 15, 27m old).","AGENT: Subscriber is experiencing network issues (dropped-call rate 3%), has rising data usage, is eligible for a device upgrade (iPhone 15, 27m old). Recommend: We noticed your service hasn't been at its best lately — to make it right, our Device Upgrade iPhone is ready for you.",NETWORK_HOLD,offline
97451125426,Device_Upgrade_iPhone,Upsell,SMS,Neutral,"Subscriber exceeded data cap in 2 of the last 3 months, is eligible for a device upgrade (Other, 35m old).",Hi! You're eligible to upgrade your Other — Device Upgrade iPhone is ready. Reply YES. Ooredoo,APPROVED,offline
97452568506,Home_Free_OoredooTV,CrossSell,Call,Neutral,"Subscriber is experiencing network issues (dropped-call rate 2%), exceeded data cap in 1 of the last 3 months, is eligible for a device upgrade (Galaxy A54, 31m old).","AGENT: Subscriber is experiencing network issues (dropped-call rate 2%), exceeded data cap in 1 of the last 3 months, is eligible for a device upgrade (Galaxy A54, 31m old). Recommend: We noticed your service hasn't been at its best lately — to make it right, our Home Free OoredooTV is ready for you.",APPROVED,offline
97453066904,Device_Upgrade_iPhone,Upsell,SMS,Neutral,Subscriber is a heavy data user (119% of 5GB).,Hi! You're using 119% of your 5GB — Device Upgrade iPhone gives you more headroom. Reply YES. Ooredoo,APPROVED,offline
97453513677,Loyalty_Points_2x,Retention,SMS,Negative,"Subscriber recently contacted care: ""customer threatened to switch to a competitor"", is a heavy data user (87% of 20GB), has rising data usage, shows elevated churn risk.","Hi! Thanks for being with us — to make things right, our Loyalty Points 2x is ready for you. Reply YES. Ooredoo",BLOCKED_NO_CONSENT,offline
97452186399,Device_Upgrade_iPhone,Upsell,WhatsApp,Neutral,"Subscriber recently contacted care: ""customer asked about high bill last month"", exceeded data cap in 2 of the last 3 months, is a heavy data user (103% of 20GB), is 18 days from renewal, shows elevated churn risk.","Hi! Thanks for being with us — to make things right, our Device Upgrade iPhone is ready for you. Tap below to confirm. Ooredoo",APPROVED,offline
97451161652,Device_Upgrade_iPhone,Upsell,SMS,Neutral,"Subscriber exceeded data cap in 1 of the last 3 months, is eligible for a device upgrade (iPhone 14, 28m old).",Hi! You're eligible to upgrade your iPhone 14 — Device Upgrade iPhone is ready. Reply YES. Ooredoo,REVIEW_CREDIT,offline
97457098927,Loyalty_Points_2x,Retention,Call,Negative,"Subscriber recently contacted care: ""customer asked about high bill last month"", exceeded data cap in 2 of the last 3 months, shows elevated churn risk.","AGENT: Subscriber recently contacted care: ""customer asked about high bill last month"", exceeded data cap in 2 of the last 3 months, shows elevated churn risk. Recommend: Thanks for being with us — to make things right, our Loyalty Points 2x is ready for you.",SOFTENED,offline
97459723788,Device_Upgrade_iPhone,Upsell,Push,Neutral,"Subscriber exceeded data cap in 3 of the last 3 months, is eligible for a device upgrade (Pixel 8, 43m old), is a Platinum loyalty member.",You're eligible to upgrade your Pixel 8 — Device Upgrade iPhone is ready — tap to activate.,APPROVED,offline
97452096492,Device_Upgrade_iPhone,Upsell,Push,Negative,"Subscriber recently contacted care: ""customer threatened to switch to a competitor"", is 51 days from renewal, is eligible for a device upgrade (Other, 29m old).","Thanks for being with us — to make things right, our Device Upgrade iPhone is ready for you — tap to activate.",APPROVED,offline
97453668816,Device_Upgrade_iPhone,Upsell,Push,Neutral,Subscriber is an active HVC customer (tenure 22m).,You're using 38% of your 50GB — Device Upgrade iPhone gives you more headroom — tap to activate.,APPROVED,offline
97455556968,Device_Upgrade_iPhone,Upsell,Email,Neutral,Subscriber is a heavy data user (109% of 50GB).,"Dear Customer,

Subscriber is a heavy data user (109% of 50GB).

You're using 109% of your 50GB — Device Upgrade iPhone gives you more headroom.

Ooredoo",BLOCKED_NO_CONSENT,offline
97459347520,Device_Upgrade_iPhone,Upsell,WhatsApp,Positive,"Subscriber is a heavy data user (96% of 100GB), is eligible for a device upgrade (Galaxy S23, 28m old), is a Gold loyalty member.",Hi! You're eligible to upgrade your Galaxy S23 — Device Upgrade iPhone is ready. Tap below to confirm. Ooredoo,APPROVED,offline
97457248361,Device_Upgrade_iPhone,Upsell,Email,Neutral,Subscriber exceeded data cap in 3 of the last 3 months.,"Dear Customer,

Subscriber exceeded data cap in 3 of the last 3 months.

You're using 47% of your 10GB — Device Upgrade iPhone gives you more headroom.

Ooredoo",APPROVED,offline
97457895692,Device_Upgrade_iPhone,Upsell,SMS,Neutral,"Subscriber is experiencing network issues (dropped-call rate 4%), recently contacted care: ""customer asked about high bill last month"", exceeded data cap in 2 of the last 3 months, has rising data usage, is eligible for a device upgrade (Pixel 8, 27m old).","Hi! We noticed your service hasn't been at its best lately — to make it right, our Device Upgrade iPhone is ready for you. Reply YES. Ooredoo",NETWORK_HOLD,offline
97456230048,5G_Unlimited_Upgrade,Upsell,SMS,Neutral,"Subscriber exceeded data cap in 2 of the last 3 months, is a Gold loyalty member.",Hi! You're using 52% of your 5GB — 5G Unlimited Upgrade gives you more headroom. Reply YES. Ooredoo,APPROVED,offline
97454753321,Device_Upgrade_iPhone,Upsell,Push,Positive,"Subscriber exceeded data cap in 3 of the last 3 months, is eligible for a device upgrade (Huawei P60, 28m old), is a Gold loyalty member.",You're eligible to upgrade your Huawei P60 — Device Upgrade iPhone is ready — tap to activate.,APPROVED,offline
97452797980,5G_Unlimited_Upgrade,Upsell,Push,Positive,Subscriber exceeded data cap in 3 of the last 3 months.,You're using 12% of your 50GB — 5G Unlimited Upgrade gives you more headroom — tap to activate.,APPROVED,offline
97458778828,Device_Upgrade_iPhone,Upsell,Push,Neutral,"Subscriber exceeded data cap in 3 of the last 3 months, is eligible for a device upgrade (Pixel 8, 42m old).",You're eligible to upgrade your Pixel 8 — Device Upgrade iPhone is ready — tap to activate.,APPROVED,offline
97458237119,Device_Upgrade_iPhone,Upsell,SMS,Neutral,Subscriber is an active Mass customer (tenure 103m).,Hi! You're using 77% of your 5GB — Device Upgrade iPhone gives you more headroom. Reply YES. Ooredoo,APPROVED,offline
97451225911,200mins_Upsell,Upsell,Push,Positive,"Subscriber exceeded data cap in 3 of the last 3 months, is 46 days from renewal, is a Gold loyalty member.",You're using 57% of your 50GB — 200mins Upsell gives you more headroom — tap to activate.,APPROVED,offline
97457438663,Device_Upgrade_iPhone,Upsell,SMS,Negative,"Subscriber recently contacted care: ""customer unhappy after roaming charges abroad"", exceeded data cap in 2 of the last 3 months, is a heavy data user (108% of 10GB), is eligible for a device upgrade (Huawei P60, 22m old).","Hi! Thanks for being with us — to make things right, our Device Upgrade iPhone is ready for you. Reply YES. Ooredoo",APPROVED,offline
97451759492,Device_Upgrade_iPhone,Upsell,Push,Neutral,"Subscriber is a heavy data user (110% of 20GB), is eligible for a device upgrade (iPhone 14, 33m old), is a Gold loyalty member.",You're eligible to upgrade your iPhone 14 — Device Upgrade iPhone is ready — tap to activate.,APPROVED,offline
97457650855,Device_Upgrade_iPhone,Upsell,Email,Neutral,"Subscriber is eligible for a device upgrade (Huawei P60, 45m old).","Dear Customer,

Subscriber is eligible for a device upgrade (Huawei P60, 45m old).

You're eligible to upgrade your Huawei P60 — Device Upgrade iPhone is ready.

Ooredoo",APPROVED,offline
97458433583,Device_Upgrade_iPhone,Upsell,WhatsApp,Positive,"Subscriber exceeded data cap in 2 of the last 3 months, is eligible for a device upgrade (Galaxy A54, 44m old).",Hi! You're eligible to upgrade your Galaxy A54 — Device Upgrade iPhone is ready. Tap below to confirm. Ooredoo,APPROVED,offline
97452179519,Device_Upgrade_iPhone,Upsell,SMS,Neutral,"Subscriber exceeded data cap in 1 of the last 3 months, is 48 days from renewal, is eligible for a device upgrade (Huawei P60, 37m old), is a Gold loyalty member.",Hi! You're eligible to upgrade your Huawei P60 — Device Upgrade iPhone is ready. Reply YES. Ooredoo,APPROVED,offline
97454904522,Device_Upgrade_iPhone,Upsell,Push,Neutral,"Subscriber exceeded data cap in 1 of the last 3 months, is eligible for a device upgrade (Galaxy A54, 41m old).",You're eligible to upgrade your Galaxy A54 — Device Upgrade iPhone is ready — tap to activate.,APPROVED,offline
97452113784,5G_Unlimited_Upgrade,Upsell,Call,Neutral,Subscriber is an active Mass customer (tenure 89m).,AGENT: Subscriber is an active Mass customer (tenure 89m). Recommend: You're using 27% of your 20GB — 5G Unlimited Upgrade gives you more headroom.,APPROVED,offline
97456105539,Retention_Save_25pct,Retention,SMS,Neutral,Subscriber exceeded data cap in 1 of the last 3 months.,"Hi! Based on your usage, our Retention Save 25pct keeps you covered. Reply YES. Ooredoo",APPROVED,offline
97459348062,Device_Upgrade_iPhone,Upsell,Push,Neutral,"Subscriber exceeded data cap in 1 of the last 3 months, is a heavy data user (89% of 100GB), has rising data usage, is eligible for a device upgrade (Other, 47m old).",You're eligible to upgrade your Other — Device Upgrade iPhone is ready — tap to activate.,APPROVED,offline
97451727825,Loyalty_Points_2x,Retention,SMS,Neutral,"Subscriber recently contacted care: ""customer reported dropped calls in their area"", exceeded data cap in 1 of the last 3 months, is 40 days from renewal, shows elevated churn risk.","Hi! Thanks for being with us — to make things right, our Loyalty Points 2x is ready for you. Reply YES. Ooredoo",APPROVED,offline
97454578203,200mins_Upsell,Upsell,SMS,Neutral,"Subscriber is experiencing network issues (dropped-call rate 16%), exceeded data cap in 3 of the last 3 months.","Hi! We noticed your service hasn't been at its best lately — to make it right, our 200mins Upsell is ready for you. Reply YES. Ooredoo",NETWORK_HOLD,offline
97459758083,Device_Upgrade_iPhone,Upsell,SMS,Positive,"Subscriber is eligible for a device upgrade (Galaxy S23, 47m old), is a Gold loyalty member.",Hi! You're eligible to upgrade your Galaxy S23 — Device Upgrade iPhone is ready. Reply YES. Ooredoo,APPROVED,offline
97453708537,Loyalty_Points_2x,Retention,SMS,Negative,"Subscriber recently contacted care: ""customer complained about slow data speeds at home"", exceeded data cap in 2 of the last 3 months, has rising data usage, is 53 days from renewal, is eligible for a device upgrade (Galaxy S23, 44m old), is a Platinum loyalty member.","Hi! Thanks for being with us — to make things right, our Loyalty Points 2x is ready for you. Reply YES. Ooredoo",BLOCKED_NO_CONSENT,offline
97452189950,5G_Unlimited_Upgrade,Upsell,Call,Neutral,"Subscriber exceeded data cap in 2 of the last 3 months, has rising data usage.","AGENT: Subscriber exceeded data cap in 2 of the last 3 months, has rising data usage. Recommend: You're using 48% of your 50GB — 5G Unlimited Upgrade gives you more headroom.",REVIEW_CREDIT,offline
97455397255,Device_Upgrade_iPhone,Upsell,WhatsApp,Negative,"Subscriber recently contacted care: ""customer asked about high bill last month"", is a heavy data user (86% of 100GB), is 29 days from renewal, is eligible for a device upgrade (Galaxy S23, 40m old), is a Gold loyalty member.","Hi! Thanks for being with us — to make things right, our Device Upgrade iPhone is ready for you. Tap below to confirm. Ooredoo",APPROVED,offline
97455575352,Device_Upgrade_iPhone,Upsell,Email,Neutral,"Subscriber recently contacted care: ""customer asked about high bill last month"", is eligible for a device upgrade (iPhone 15, 42m old).","Dear Customer,

Subscriber recently contacted care: ""customer asked about high bill last month"", is eligible for a device upgrade (iPhone 15, 42m old).

You're eligible to upgrade your iPhone 15 — Device Upgrade iPhone is ready.

Ooredoo",APPROVED,offline
97456965777,Device_Upgrade_iPhone,Upsell,WhatsApp,Positive,Subscriber exceeded data cap in 3 of the last 3 months.,Hi! You're using 46% of your 20GB — Device Upgrade iPhone gives you more headroom. Tap below to confirm. Ooredoo,APPROVED,offline
97453823637,Device_Upgrade_iPhone,Upsell,Email,Positive,"Subscriber exceeded data cap in 2 of the last 3 months, is eligible for a device upgrade (Galaxy A54, 39m old).","Dear Customer,

Subscriber exceeded data cap in 2 of the last 3 months, is eligible for a device upgrade (Galaxy A54, 39m old).

You're eligible to upgrade your Galaxy A54 — Device Upgrade iPhone is ready.

Ooredoo",APPROVED,offline
97459600608,Device_Upgrade_iPhone,Upsell,SMS,Neutral,"Subscriber exceeded data cap in 1 of the last 3 months, has rising data usage, is eligible for a device upgrade (iPhone 14, 33m old), is a Platinum loyalty member.",Hi! You're eligible to upgrade your iPhone 14 — Device Upgrade iPhone is ready. Reply YES. Ooredoo,APPROVED,offline
97455689204,5G_Unlimited_Upgrade,Upsell,Push,Neutral,"Subscriber exceeded data cap in 1 of the last 3 months, is a heavy data user (87% of 10GB), is a Platinum loyalty member.",You're using 87% of your 10GB — 5G Unlimited Upgrade gives you more headroom — tap to activate.,APPROVED,offline
97453578015,Retention_Save_25pct,Retention,Call,Positive,"Subscriber is experiencing network issues (dropped-call rate 2%), exceeded data cap in 1 of the last 3 months, is a heavy data user (94% of 10GB), is 5 days from renewal, is eligible for a device upgrade (Pixel 8, 47m old).","AGENT: Subscriber is experiencing network issues (dropped-call rate 2%), exceeded data cap in 1 of the last 3 months, is a heavy data user (94% of 10GB), is 5 days from renewal, is eligible for a device upgrade (Pixel 8, 47m old). Recommend: We noticed your service hasn't been at its best lately — to make it right, our Retention Save 25pct is ready for you.",APPROVED,offline
97459642559,Device_Upgrade_iPhone,Upsell,SMS,Positive,"Subscriber exceeded data cap in 3 of the last 3 months, is a heavy data user (102% of 5GB), has rising data usage, is eligible for a device upgrade (Galaxy S23, 44m old).",Hi! You're eligible to upgrade your Galaxy S23 — Device Upgrade iPhone is ready. Reply YES. Ooredoo,APPROVED,offline
97459323274,Device_Upgrade_iPhone,Upsell,Push,Positive,Subscriber is a heavy data user (91% of 100GB).,You're using 91% of your 100GB — Device Upgrade iPhone gives you more headroom — tap to activate.,APPROVED,offline
97455492482,Device_Upgrade_iPhone,Upsell,Push,Neutral,"Subscriber is eligible for a device upgrade (Galaxy A54, 25m old), is a Gold loyalty member.",You're eligible to upgrade your Galaxy A54 — Device Upgrade iPhone is ready — tap to activate.,APPROVED,offline
97451223735,Device_Upgrade_iPhone,Upsell,Email,Positive,"Subscriber exceeded data cap in 1 of the last 3 months, is a heavy data user (85% of 50GB), is eligible for a device upgrade (Pixel 8, 20m old).","Dear Customer,

Subscriber exceeded data cap in 1 of the last 3 months, is a heavy data user (85% of 50GB), is eligible for a device upgrade (Pixel 8, 20m old).

You're eligible to upgrade your Pixel 8 — Device Upgrade iPhone is ready.

Ooredoo",APPROVED,offline
97456372424,Loyalty_Points_2x,Retention,WhatsApp,Negative,"Subscriber recently contacted care: ""customer threatened to switch to a competitor"", is eligible for a device upgrade (Huawei P60, 39m old), shows elevated churn risk, is a Gold loyalty member.","Hi! Thanks for being with us — to make things right, our Loyalty Points 2x is ready for you. Tap below to confirm. Ooredoo",SOFTENED,offline
97455996781,5G_Unlimited_Upgrade,Upsell,WhatsApp,Positive,"Subscriber exceeded data cap in 1 of the last 3 months, is a heavy data user (99% of 20GB).",Hi! You're using 99% of your 20GB — 5G Unlimited Upgrade gives you more headroom. Tap below to confirm. Ooredoo,REVIEW_CREDIT,offline
97452333875,Device_Upgrade_iPhone,Upsell,Call,Positive,"Subscriber exceeded data cap in 2 of the last 3 months, is a heavy data user (91% of 10GB), is eligible for a device upgrade (Galaxy A54, 30m old).","AGENT: Subscriber exceeded data cap in 2 of the last 3 months, is a heavy data user (91% of 10GB), is eligible for a device upgrade (Galaxy A54, 30m old). Recommend: You're eligible to upgrade your Galaxy A54 — Device Upgrade iPhone is ready.",APPROVED,offline
97456705775,Device_Upgrade_iPhone,Upsell,WhatsApp,Neutral,"Subscriber exceeded data cap in 3 of the last 3 months, is eligible for a device upgrade (Huawei P60, 24m old).",Hi! You're eligible to upgrade your Huawei P60 — Device Upgrade iPhone is ready. Tap below to confirm. Ooredoo,APPROVED,offline
97458567141,Device_Upgrade_iPhone,Upsell,Push,Neutral,Subscriber has rising data usage.,You're using 50% of your 5GB — Device Upgrade iPhone gives you more headroom — tap to activate.,APPROVED,offline
97451953076,Retention_Save_25pct,Retention,SMS,Positive,"Subscriber exceeded data cap in 2 of the last 3 months, is 20 days from renewal.","Hi! Based on your usage, our Retention Save 25pct keeps you covered, and your renewal is in 20 days. Reply YES. Ooredoo",APPROVED,offline
97457509902,Device_Upgrade_iPhone,Upsell,Push,Neutral,"Subscriber is experiencing network issues (dropped-call rate 5%), is eligible for a device upgrade (Galaxy S23, 43m old).","We noticed your service hasn't been at its best lately — to make it right, our Device Upgrade iPhone is ready for you — ",NETWORK_HOLD,offline
97452263056,Device_Upgrade_iPhone,Upsell,Push,Negative,"Subscriber recently contacted care: ""customer asked about high bill last month"", exceeded data cap in 3 of the last 3 months, is a heavy data user (96% of 10GB), is eligible for a device upgrade (Pixel 8, 40m old).","Thanks for being with us — to make things right, our Device Upgrade iPhone is ready for you — tap to activate.",APPROVED,offline
97457739435,Loyalty_Points_2x,Retention,WhatsApp,Neutral,"Subscriber recently contacted care: ""customer unhappy after roaming charges abroad"", exceeded data cap in 2 of the last 3 months, is 15 days from renewal, is eligible for a device upgrade (Pixel 8, 20m old), shows elevated churn risk.","Hi! Thanks for being with us — to make things right, our Loyalty Points 2x is ready for you. Tap below to confirm. Ooredoo",APPROVED,offline
97454772028,Device_Upgrade_iPhone,Upsell,SMS,Positive,Subscriber is 58 days from renewal.,Hi! You're using 39% of your 20GB — Device Upgrade iPhone gives you more headroom. Reply YES. Ooredoo,APPROVED,offline
97451058599,Device_Upgrade_iPhone,Upsell,WhatsApp,Neutral,"Subscriber exceeded data cap in 2 of the last 3 months, has rising data usage, is eligible for a device upgrade (Galaxy A54, 34m old).",Hi! You're eligible to upgrade your Galaxy A54 — Device Upgrade iPhone is ready. Tap below to confirm. Ooredoo,BLOCKED_NO_CONSENT,offline
97459696086,Device_Upgrade_iPhone,Upsell,SMS,Neutral,"Subscriber is experiencing network issues (dropped-call rate 7%), is 52 days from renewal.","Hi! We noticed your service hasn't been at its best lately — to make it right, our Device Upgrade iPhone is ready for you. Reply YES. Ooredoo",NETWORK_HOLD,offline
97452493733,Device_Upgrade_iPhone,Upsell,Call,Neutral,"Subscriber is experiencing network issues (dropped-call rate 2%), exceeded data cap in 1 of the last 3 months, is a heavy data user (114% of 50GB), is a Gold loyalty member.","AGENT: Subscriber is experiencing network issues (dropped-call rate 2%), exceeded data cap in 1 of the last 3 months, is a heavy data user (114% of 50GB), is a Gold loyalty member. Recommend: We noticed your service hasn't been at its best lately — to make it right, our Device Upgrade iPhone is ready for you.",NETWORK_HOLD,offline
97456364382,5G_Unlimited_Upgrade,Upsell,Push,Neutral,Subscriber exceeded data cap in 2 of the last 3 months.,You're using 78% of your 50GB — 5G Unlimited Upgrade gives you more headroom — tap to activate.,APPROVED,offline
97452633213,Device_Upgrade_iPhone,Upsell,Call,Neutral,"Subscriber is experiencing network issues (dropped-call rate 4%), exceeded data cap in 3 of the last 3 months, is a heavy data user (86% of 10GB), has rising data usage, is eligible for a device upgrade (Galaxy A54, 23m old).","AGENT: Subscriber is experiencing network issues (dropped-call rate 4%), exceeded data cap in 3 of the last 3 months, is a heavy data user (86% of 10GB), has rising data usage, is eligible for a device upgrade (Galaxy A54, 23m old). Recommend: We noticed your service hasn't been at its best lately — to make it right, our Device Upgrade iPhone is ready for you.",NETWORK_HOLD,offline
97459397208,200mins_Upsell,Upsell,Push,Neutral,"Subscriber exceeded data cap in 2 of the last 3 months, is a Gold loyalty member.",You're using 39% of your 50GB — 200mins Upsell gives you more headroom — tap to activate.,APPROVED,offline
97457644929,5G_Unlimited_Upgrade,Upsell,Call,Neutral,"Subscriber exceeded data cap in 3 of the last 3 months, has rising data usage.","AGENT: Subscriber exceeded data cap in 3 of the last 3 months, has rising data usage. Recommend: You're using 36% of your 20GB — 5G Unlimited Upgrade gives you more headroom.",APPROVED,offline
97458239247,Device_Upgrade_iPhone,Upsell,Call,Neutral,"Subscriber is experiencing network issues (dropped-call rate 4%), exceeded data cap in 2 of the last 3 months, is a heavy data user (98% of 5GB), has rising data usage, is 36 days from renewal, is a Gold loyalty member.","AGENT: Subscriber is experiencing network issues (dropped-call rate 4%), exceeded data cap in 2 of the last 3 months, is a heavy data user (98% of 5GB), has rising data usage, is 36 days from renewal, is a Gold loyalty member. Recommend: We noticed your service hasn't been at its best lately — to make it right, our Device Upgrade iPhone is ready for you.",NETWORK_HOLD,offline
97454888718,Device_Upgrade_iPhone,Upsell,SMS,Neutral,"Subscriber is 2 days from renewal, is eligible for a device upgrade (Huawei P60, 26m old).",Hi! You're eligible to upgrade your Huawei P60 — Device Upgrade iPhone is ready. Reply YES. Ooredoo,APPROVED,offline
97455206433,Device_Upgrade_iPhone,Upsell,SMS,Positive,"Subscriber is experiencing network issues (dropped-call rate 6%), exceeded data cap in 2 of the last 3 months, is 47 days from renewal, is eligible for a device upgrade (Pixel 8, 34m old).","Hi! We noticed your service hasn't been at its best lately — to make it right, our Device Upgrade iPhone is ready for you. Reply YES. Ooredoo",NETWORK_HOLD,offline
97456708709,Device_Upgrade_iPhone,Upsell,Push,Neutral,"Subscriber is 16 days from renewal, is eligible for a device upgrade (iPhone 15, 42m old), is a Gold loyalty member.",You're eligible to upgrade your iPhone 15 — Device Upgrade iPhone is ready — tap to activate.,APPROVED,offline
97458062870,Device_Upgrade_iPhone,Upsell,Push,Positive,"Subscriber is eligible for a device upgrade (Other, 45m old), is a Gold loyalty member.",You're eligible to upgrade your Other — Device Upgrade iPhone is ready — tap to activate.,APPROVED,offline
97458622815,Device_Upgrade_iPhone,Upsell,Call,Neutral,"Subscriber exceeded data cap in 3 of the last 3 months, has rising data usage, is 19 days from renewal, is eligible for a device upgrade (Pixel 8, 41m old).","AGENT: Subscriber exceeded data cap in 3 of the last 3 months, has rising data usage, is 19 days from renewal, is eligible for a device upgrade (Pixel 8, 41m old). Recommend: You're eligible to upgrade your Pixel 8 — Device Upgrade iPhone is ready.",REVIEW_CREDIT,offline
97451160531,Device_Upgrade_iPhone,Upsell,WhatsApp,Neutral,"Subscriber exceeded data cap in 2 of the last 3 months, is 40 days from renewal, is eligible for a device upgrade (Other, 20m old), is a Gold loyalty member.",Hi! You're eligible to upgrade your Other — Device Upgrade iPhone is ready. Tap below to confirm. Ooredoo,APPROVED,offline
97456972051,Device_Upgrade_iPhone,Upsell,SMS,Neutral,"Subscriber is experiencing network issues (dropped-call rate 6%), is eligible for a device upgrade (Other, 39m old).","Hi! We noticed your service hasn't been at its best lately — to make it right, our Device Upgrade iPhone is ready for you. Reply YES. Ooredoo",NETWORK_HOLD,offline
97451982295,Device_Upgrade_iPhone,Upsell,Push,Positive,"Subscriber exceeded data cap in 3 of the last 3 months, is 59 days from renewal, is eligible for a device upgrade (iPhone 14, 24m old).",You're eligible to upgrade your iPhone 14 — Device Upgrade iPhone is ready — tap to activate.,APPROVED,offline
97453591385,Device_Upgrade_iPhone,Upsell,Push,Positive,"Subscriber is experiencing network issues (dropped-call rate 2%), exceeded data cap in 3 of the last 3 months, is eligible for a device upgrade (iPhone 14, 43m old).","We noticed your service hasn't been at its best lately — to make it right, our Device Upgrade iPhone is ready for you — ",NETWORK_HOLD,offline
97458464856,5G_Unlimited_Upgrade,Upsell,SMS,Neutral,"Subscriber exceeded data cap in 2 of the last 3 months, has rising data usage, is a Gold loyalty member.",Hi! You're using 21% of your 5GB — 5G Unlimited Upgrade gives you more headroom. Reply YES. Ooredoo,APPROVED,offline
97453254618,5G_Unlimited_Upgrade,Upsell,SMS,Neutral,"Subscriber is experiencing network issues (dropped-call rate 9%), exceeded data cap in 1 of the last 3 months, is 48 days from renewal, is a Gold loyalty member.","Hi! We noticed your service hasn't been at its best lately — to make it right, our 5G Unlimited Upgrade is ready for you. Reply YES. Ooredoo",NETWORK_HOLD,offline
97458171352,Device_Upgrade_iPhone,Upsell,SMS,Neutral,"Subscriber exceeded data cap in 3 of the last 3 months, has rising data usage, is eligible for a device upgrade (Galaxy A54, 43m old).",Hi! You're eligible to upgrade your Galaxy A54 — Device Upgrade iPhone is ready. Reply YES. Ooredoo,BLOCKED_NO_CONSENT,offline
97455167069,5G_Unlimited_Upgrade,Upsell,Call,Neutral,"Subscriber recently contacted care: ""customer unhappy after roaming charges abroad"", exceeded data cap in 3 of the last 3 months, is a Platinum loyalty member.","AGENT: Subscriber recently contacted care: ""customer unhappy after roaming charges abroad"", exceeded data cap in 3 of the last 3 months, is a Platinum loyalty member. Recommend: You're using 40% of your 100GB — 5G Unlimited Upgrade gives you more headroom.",APPROVED,offline
97453093766,Loyalty_Points_2x,Retention,Email,Negative,"Subscriber recently contacted care: ""customer reported dropped calls in their area"", exceeded data cap in 1 of the last 3 months, has rising data usage, is eligible for a device upgrade (Galaxy S23, 22m old).","Dear Customer,

Subscriber recently contacted care: ""customer reported dropped calls in their area"", exceeded data cap in 1 of the last 3 months, has rising data usage, is eligible for a device upgrade (Galaxy S23, 22m old).

Thanks for being with us — to make things right, our Loyalty Points 2x is ready for you.

Ooredoo",APPROVED,offline
97454008197,Loyalty_Points_2x,Retention,SMS,Negative,"Subscriber recently contacted care: ""customer threatened to switch to a competitor"", exceeded data cap in 1 of the last 3 months, is eligible for a device upgrade (Galaxy S23, 24m old), shows elevated churn risk.","Hi! Thanks for being with us — to make things right, our Loyalty Points 2x is ready for you. Reply YES. Ooredoo",SOFTENED,offline
97455776925,5G_Unlimited_Upgrade,Upsell,Push,Positive,Subscriber is an active Mass customer (tenure 97m).,You're using 37% of your 20GB — 5G Unlimited Upgrade gives you more headroom — tap to activate.,BLOCKED_NO_CONSENT,offline
97457886323,Device_Upgrade_iPhone,Upsell,Email,Neutral,"Subscriber exceeded data cap in 1 of the last 3 months, has rising data usage, is eligible for a device upgrade (iPhone 15, 47m old).","Dear Customer,

Subscriber exceeded data cap in 1 of the last 3 months, has rising data usage, is eligible for a device upgrade (iPhone 15, 47m old).

You're eligible to upgrade your iPhone 15 — Device Upgrade iPhone is ready.

Ooredoo",APPROVED,offline
97456454141,5G_Unlimited_Upgrade,Upsell,SMS,Negative,"Subscriber recently contacted care: ""customer reported dropped calls in their area"", exceeded data cap in 3 of the last 3 months.","Hi! Thanks for being with us — to make things right, our 5G Unlimited Upgrade is ready for you. Reply YES. Ooredoo",APPROVED,offline
97459399013,200mins_Upsell,Upsell,Call,Positive,"Subscriber exceeded data cap in 2 of the last 3 months, is a Platinum loyalty member.","AGENT: Subscriber exceeded data cap in 2 of the last 3 months, is a Platinum loyalty member. Recommend: You're using 36% of your 50GB — 200mins Upsell gives you more headroom.",BLOCKED_NO_CONSENT,offline
97458809649,Device_Upgrade_iPhone,Upsell,SMS,Positive,"Subscriber exceeded data cap in 3 of the last 3 months, is eligible for a device upgrade (Galaxy S23, 36m old).",Hi! You're eligible to upgrade your Galaxy S23 — Device Upgrade iPhone is ready. Reply YES. Ooredoo,BLOCKED_NO_CONSENT,offline
97457780181,Device_Upgrade_iPhone,Upsell,SMS,Neutral,"Subscriber is eligible for a device upgrade (iPhone 14, 40m old).",Hi! You're eligible to upgrade your iPhone 14 — Device Upgrade iPhone is ready. Reply YES. Ooredoo,BLOCKED_NO_CONSENT,offline
97456427963,Device_Upgrade_iPhone,Upsell,SMS,Neutral,Subscriber exceeded data cap in 2 of the last 3 months.,Hi! You're using 48% of your 10GB — Device Upgrade iPhone gives you more headroom. Reply YES. Ooredoo,APPROVED,offline
97453608702,Device_Upgrade_iPhone,Upsell,SMS,Positive,"Subscriber exceeded data cap in 1 of the last 3 months, has rising data usage, is 31 days from renewal, is eligible for a device upgrade (iPhone 15, 38m old).",Hi! You're eligible to upgrade your iPhone 15 — Device Upgrade iPhone is ready. Reply YES. Ooredoo,BLOCKED_NO_CONSENT,offline
97454713143,5G_Unlimited_Upgrade,Upsell,Call,Positive,"Subscriber is a heavy data user (109% of 20GB), is a Gold loyalty member.","AGENT: Subscriber is a heavy data user (109% of 20GB), is a Gold loyalty member. Recommend: You're using 109% of your 20GB — 5G Unlimited Upgrade gives you more headroom.",BLOCKED_NO_CONSENT,offline
97452070048,Device_Upgrade_iPhone,Upsell,SMS,Positive,Subscriber exceeded data cap in 2 of the last 3 months.,Hi! You're using 59% of your 50GB — Device Upgrade iPhone gives you more headroom. Reply YES. Ooredoo,APPROVED,offline
97454367656,Device_Upgrade_iPhone,Upsell,SMS,Neutral,"Subscriber has rising data usage, is eligible for a device upgrade (Galaxy S23, 37m old).",Hi! You're eligible to upgrade your Galaxy S23 — Device Upgrade iPhone is ready. Reply YES. Ooredoo,APPROVED,offline
97459338249,Device_Upgrade_iPhone,Upsell,SMS,Positive,"Subscriber exceeded data cap in 3 of the last 3 months, is a heavy data user (100% of 10GB), is 37 days from renewal, is eligible for a device upgrade (Pixel 8, 39m old), is a Gold loyalty member.",Hi! You're eligible to upgrade your Pixel 8 — Device Upgrade iPhone is ready. Reply YES. Ooredoo,BLOCKED_NO_CONSENT,offline
97454832938,Device_Upgrade_iPhone,Upsell,Email,Neutral,"Subscriber is 15 days from renewal, is eligible for a device upgrade (Other, 35m old).","Dear Customer,

Subscriber is 15 days from renewal, is eligible for a device upgrade (Other, 35m old).

You're eligible to upgrade your Other — Device Upgrade iPhone is ready.

Ooredoo",BLOCKED_NO_CONSENT,offline
97452023559,Device_Upgrade_iPhone,Upsell,WhatsApp,Neutral,"Subscriber is experiencing network issues (dropped-call rate 16%), exceeded data cap in 2 of the last 3 months, is a heavy data user (93% of 10GB), is eligible for a device upgrade (Galaxy S23, 20m old).","Hi! We noticed your service hasn't been at its best lately — to make it right, our Device Upgrade iPhone is ready for you. Tap below to confirm. Ooredoo",NETWORK_HOLD,offline
